unsigned char encoder_clf_raw_pruned_qat_int8_tflite[] = {
  0x20,  0x00,  0x00,  0x00,  0x54,  0x46,  0x4c,  0x33,  0x00,  0x00,  0x00,  0x00,
  0x14,  0x00,  0x20,  0x00,  0x1c,  0x00,  0x18,  0x00,  0x14,  0x00,  0x10,  0x00,
  0x0c,  0x00,  0x00,  0x00,  0x08,  0x00,  0x04,  0x00,  0x14,  0x00,  0x00,  0x00,
  0x1c,  0x00,  0x00,  0x00,  0xa4,  0x00,  0x00,  0x00,  0xfc,  0x00,  0x00,  0x00,
  0xbc,  0xa5,  0x00,  0x00,  0xcc,  0xa5,  0x00,  0x00,  0xf8,  0xb1,  0x00,  0x00,
  0x03,  0x00,  0x00,  0x00,  0x01,  0x00,  0x00,  0x00,  0x10,  0x00,  0x00,  0x00,
  0x00,  0x00,  0x0a,  0x00,  0x10,  0x00,  0x0c,  0x00,  0x08,  0x00,  0x04,  0x00,
  0x0a,  0x00,  0x00,  0x00,  0x0c,  0x00,  0x00,  0x00,  0x1c,  0x00,  0x00,  0x00,
  0x48,  0x00,  0x00,  0x00,  0x0f,  0x00,  0x00,  0x00,  0x73,  0x65,  0x72,  0x76,
  0x69,  0x6e,  0x67,  0x5f,  0x64,  0x65,  0x66,  0x61,  0x75,  0x6c,  0x74,  0x00,
  0x01,  0x00,  0x00,  0x00,  0x04,  0x00,  0x00,  0x00,  0x84,  0xff,  0xff,  0xff,
  0x0d,  0x00,  0x00,  0x00,  0x04,  0x00,  0x00,  0x00,  0x16,  0x00,  0x00,  0x00,
  0x71,  0x75,  0x61,  0x6e,  0x74,  0x5f,  0x61,  0x63,  0x74,  0x69,  0x76,  0x69,
  0x74,  0x79,  0x5f,  0x73,  0x6f,  0x66,  0x74,  0x6d,  0x61,  0x78,  0x00,  0x00,
  0x01,  0x00,  0x00,  0x00,  0x04,  0x00,  0x00,  0x00,  0x32,  0x5a,  0xff,  0xff,
  0x04,  0x00,  0x00,  0x00,  0x0c,  0x00,  0x00,  0x00,  0x77,  0x69,  0x6e,  0x64,
  0x6f,  0x77,  0x5f,  0x69,  0x6e,  0x70,  0x75,  0x74,  0x00,  0x00,  0x00,  0x00,
  0x02,  0x00,  0x00,  0x00,  0x34,  0x00,  0x00,  0x00,  0x04,  0x00,  0x00,  0x00,
  0xdc,  0xff,  0xff,  0xff,  0x10,  0x00,  0x00,  0x00,  0x04,  0x00,  0x00,  0x00,
  0x13,  0x00,  0x00,  0x00,  0x43,  0x4f,  0x4e,  0x56,  0x45,  0x52,  0x53,  0x49,
  0x4f,  0x4e,  0x5f,  0x4d,  0x45,  0x54,  0x41,  0x44,  0x41,  0x54,  0x41,  0x00,
  0x08,  0x00,  0x0c,  0x00,  0x08,  0x00,  0x04,  0x00,  0x08,  0x00,  0x00,  0x00,
  0x0f,  0x00,  0x00,  0x00,  0x04,  0x00,  0x00,  0x00,  0x13,  0x00,  0x00,  0x00,
  0x6d,  0x69,  0x6e,  0x5f,  0x72,  0x75,  0x6e,  0x74,  0x69,  0x6d,  0x65,  0x5f,
  0x76,  0x65,  0x72,  0x73,  0x69,  0x6f,  0x6e,  0x00,  0x11,  0x00,  0x00,  0x00,
  0xbc,  0xa4,  0x00,  0x00,  0xb4,  0xa4,  0x00,  0x00,  0xa4,  0x0e,  0x00,  0x00,
  0x94,  0x0d,  0x00,  0x00,  0x8c,  0x0d,  0x00,  0x00,  0x7c,  0x05,  0x00,  0x00,
  0xec,  0x04,  0x00,  0x00,  0xe4,  0x04,  0x00,  0x00,  0x54,  0x02,  0x00,  0x00,
  0xf4,  0x01,  0x00,  0x00,  0xec,  0x01,  0x00,  0x00,  0xec,  0x00,  0x00,  0x00,
  0xac,  0x00,  0x00,  0x00,  0xa4,  0x00,  0x00,  0x00,  0x9c,  0x00,  0x00,  0x00,
  0x7c,  0x00,  0x00,  0x00,  0x04,  0x00,  0x00,  0x00,  0xf2,  0x5a,  0xff,  0xff,
  0x04,  0x00,  0x00,  0x00,  0x68,  0x00,  0x00,  0x00,  0x10,  0x00,  0x00,  0x00,
  0x00,  0x00,  0x00,  0x00,  0x08,  0x00,  0x0e,  0x00,  0x08,  0x00,  0x04,  0x00,
  0x08,  0x00,  0x00,  0x00,  0x10,  0x00,  0x00,  0x00,  0x2c,  0x00,  0x00,  0x00,
  0x00,  0x00,  0x06,  0x00,  0x08,  0x00,  0x04,  0x00,  0x06,  0x00,  0x00,  0x00,
  0x04,  0x00,  0x00,  0x00,  0x02,  0x00,  0x00,  0x00,  0xeb,  0x03,  0x00,  0x00,
  0xd0,  0x07,  0x00,  0x00,  0x0c,  0x00,  0x18,  0x00,  0x14,  0x00,  0x10,  0x00,
  0x0c,  0x00,  0x04,  0x00,  0x0c,  0x00,  0x00,  0x00,  0x99,  0x04,  0xbc,  0xdf,
  0xb8,  0xfc,  0x03,  0x5a,  0x02,  0x00,  0x00,  0x00,  0x02,  0x00,  0x00,  0x00,
  0x04,  0x00,  0x00,  0x00,  0x06,  0x00,  0x00,  0x00,  0x32,  0x2e,  0x32,  0x31,
  0x2e,  0x30,  0x00,  0x00,  0x66,  0x5b,  0xff,  0xff,  0x04,  0x00,  0x00,  0x00,
  0x10,  0x00,  0x00,  0x00,  0x31,  0x2e,  0x31,  0x34,  0x2e,  0x30,  0x00,  0x00,
  0x00,  0x00,  0x00,  0x00,  0x00,  0x00,  0x00,  0x00,  0xdc,  0x5a,  0xff,  0xff,
  0xe0,  0x5a,  0xff,  0xff,  0x8a,  0x5b,  0xff,  0xff,  0x04,  0x00,  0x00,  0x00,
  0x30,  0x00,  0x00,  0x00,  0x9a,  0x01,  0x00,  0x00,  0xc2,  0xfe,  0xff,  0xff,
  0x5e,  0xfe,  0xff,  0xff,  0x21,  0xff,  0xff,  0xff,  0x08,  0x04,  0x00,  0x00,
  0x97,  0x00,  0x00,  0x00,  0x76,  0xff,  0xff,  0xff,  0x91,  0x01,  0x00,  0x00,
  0x35,  0x00,  0x00,  0x00,  0xb7,  0xfe,  0xff,  0xff,  0x1d,  0xfd,  0xff,  0xff,
  0xc0,  0x00,  0x00,  0x00,  0xc6,  0x5b,  0xff,  0xff,  0x04,  0x00,  0x00,  0x00,
  0xf0,  0x00,  0x00,  0x00,  0xc0,  0x00,  0x00,  0x00,  0x00,  0x00,  0x00,  0x20,
  0x00,  0xbe,  0x81,  0x00,  0x00,  0xdc,  0x00,  0x00,  0x00,  0x00,  0x00,  0x00,
  0x00,  0x00,  0x00,  0xe1,  0x2a,  0xdc,  0x00,  0x00,  0x00,  0x00,  0x00,  0x00,
  0x00,  0x00,  0xa8,  0x00,  0x00,  0x00,  0x00,  0x00,  0x1f,  0x00,  0x00,  0x00,
  0x00,  0x00,  0x00,  0x00,  0x00,  0x00,  0x00,  0x00,  0x00,  0x00,  0xc3,  0x1d,
  0x00,  0x00,  0xdb,  0x00,  0x00,  0x00,  0x00,  0x00,  0x00,  0x00,  0xd6,  0x0b,
  0x00,  0x1c,  0x00,  0x00,  0x00,  0x00,  0x00,  0x00,  0x00,  0x00,  0x00,  0x00,
  0x00,  0x00,  0x00,  0xde,  0x00,  0x00,  0x00,  0x00,  0xdb,  0x00,  0x00,  0x00,
  0x00,  0x00,  0x00,  0x00,  0x00,  0x00,  0xde,  0x00,  0x27,  0x00,  0x00,  0x00,
  0x00,  0x00,  0xcd,  0x00,  0x00,  0x00,  0xb1,  0x00,  0x00,  0xd4,  0x00,  0xae,
  0xdc,  0x00,  0x00,  0x00,  0x00,  0x00,  0xcb,  0x00,  0x00,  0x9b,  0x00,  0x00,
  0x00,  0x00,  0x00,  0xd1,  0x00,  0xd9,  0x00,  0x00,  0x00,  0x00,  0x25,  0x00,
  0xdc,  0x00,  0x00,  0x00,  0x00,  0xd9,  0x00,  0x00,  0x00,  0x00,  0xc9,  0xde,
  0x00,  0xd0,  0x00,  0xbe,  0x00,  0x00,  0x00,  0x00,  0xd8,  0x00,  0x00,  0xbf,
  0xcf,  0x00,  0x00,  0x00,  0xcc,  0x00,  0x00,  0xd8,  0x00,  0x00,  0x21,  0xbd,
  0x00,  0x00,  0x00,  0xd8,  0x00,  0x00,  0x00,  0x00,  0x00,  0x00,  0x00,  0xcd,
  0x00,  0x00,  0x00,  0x00,  0x00,  0x00,  0x00,  0x00,  0x27,  0x00,  0x00,  0x00,
  0x00,  0x00,  0x00,  0x00,  0x00,  0x00,  0x00,  0x00,  0x00,  0x00,  0x00,  0x00,
  0x00,  0x00,  0x00,  0x00,  0x21,  0x00,  0x00,  0x00,  0x00,  0x00,  0x00,  0x00,
  0x00,  0x00,  0x00,  0x00,  0x00,  0x00,  0x23,  0x00,  0x00,  0x00,  0x00,  0x19,
  0x00,  0x00,  0x00,  0x00,  0x1c,  0x5c,  0xff,  0xff,  0xc6,  0x5c,  0xff,  0xff,
  0x04,  0x00,  0x00,  0x00,  0x50,  0x00,  0x00,  0x00,  0x7f,  0xff,  0xff,  0xff,
  0x8a,  0xff,  0xff,  0xff,  0x21,  0x00,  0x00,  0x00,  0x61,  0xff,  0xff,  0xff,
  0x7b,  0xff,  0xff,  0xff,  0xaa,  0xff,  0xff,  0xff,  0x1a,  0x00,  0x00,  0x00,
  0x42,  0x00,  0x00,  0x00,  0x08,  0x00,  0x00,  0x00,  0xc9,  0xff,  0xff,  0xff,
  0x2a,  0x00,  0x00,  0x00,  0xb7,  0xff,  0xff,  0xff,  0x48,  0x00,  0x00,  0x00,
  0x8c,  0xff,  0xff,  0xff,  0x61,  0x01,  0x00,  0x00,  0x5e,  0x01,  0x00,  0x00,
  0xb0,  0xff,  0xff,  0xff,  0x8e,  0xff,  0xff,  0xff,  0xc8,  0xff,  0xff,  0xff,
  0x90,  0xff,  0xff,  0xff,  0x22,  0x5d,  0xff,  0xff,  0x04,  0x00,  0x00,  0x00,
  0x80,  0x02,  0x00,  0x00,  0x2d,  0xcc,  0x4b,  0x42,  0x00,  0x00,  0x00,  0xbb,
  0xbf,  0x00,  0x00,  0x00,  0x00,  0x00,  0x00,  0x00,  0x00,  0x00,  0x00,  0x00,
  0x00,  0x00,  0x00,  0x00,  0x2e,  0x00,  0x00,  0x00,  0x55,  0x00,  0x00,  0x4a,
  0x00,  0x00,  0x00,  0x00,  0x00,  0x00,  0x00,  0x00,  0x2d,  0x00,  0x3d,  0x00,
  0x00,  0x00,  0x00,  0x00,  0x00,  0x00,  0x00,  0x00,  0x00,  0x00,  0x00,  0x00,
  0x00,  0x00,  0x00,  0x00,  0x00,  0x00,  0x00,  0x00,  0x00,  0xad,  0x00,  0x0f,
  0xdc,  0x00,  0x00,  0x00,  0x00,  0x13,  0x00,  0x00,  0x00,  0x00,  0x00,  0x00,
  0x00,  0x00,  0x00,  0x54,  0x00,  0x00,  0xf6,  0x00,  0x00,  0x00,  0x00,  0x74,
  0x00,  0x00,  0x00,  0x00,  0x00,  0x00,  0x34,  0x92,  0xc4,  0x00,  0x37,  0x00,
  0x00,  0x00,  0x00,  0x43,  0x00,  0x00,  0x00,  0x00,  0x00,  0x00,  0x00,  0x00,
  0x00,  0x00,  0x00,  0x00,  0x00,  0x2f,  0x00,  0x00,  0x00,  0x00,  0x00,  0x00,
  0x00,  0x00,  0x00,  0x00,  0x00,  0x00,  0xbf,  0x00,  0xd2,  0x00,  0xd8,  0x00,
  0x00,  0xc7,  0x2c,  0xda,  0x00,  0x00,  0x00,  0xb3,  0x00,  0x00,  0x00,  0x48,
  0x00,  0x00,  0x32,  0x00,  0xcd,  0x00,  0x00,  0x00,  0x00,  0x00,  0x00,  0x7f,
  0x00,  0xb6,  0x00,  0x00,  0x00,  0x00,  0xc4,  0x00,  0x00,  0xa7,  0x00,  0x00,
  0x00,  0xc7,  0x00,  0x2a,  0xcf,  0x47,  0x3f,  0x00,  0x00,  0x00,  0x00,  0x00,
  0x00,  0x00,  0x00,  0x00,  0x00,  0x00,  0x00,  0x00,  0x00,  0x00,  0x00,  0x00,
  0x5a,  0xbc,  0x00,  0x00,  0x00,  0x00,  0x00,  0x00,  0x00,  0x00,  0x00,  0x00,
  0x00,  0x3c,  0x00,  0x00,  0x29,  0xec,  0x00,  0xef,  0x00,  0x00,  0x00,  0x00,
  0x00,  0x00,  0x00,  0x00,  0x00,  0xb6,  0x00,  0x00,  0x00,  0x00,  0x00,  0x00,
  0x00,  0x00,  0x00,  0x00,  0x00,  0xcd,  0x00,  0x00,  0xe4,  0x1d,  0x00,  0x00,
  0xc3,  0x00,  0x00,  0x00,  0x00,  0x00,  0x00,  0x00,  0x00,  0x00,  0x00,  0x00,
  0x00,  0x20,  0x00,  0xca,  0x48,  0x00,  0x00,  0xb6,  0x00,  0x00,  0x00,  0x00,
  0x00,  0x00,  0x00,  0x00,  0xb3,  0x00,  0x00,  0xce,  0x00,  0x00,  0x00,  0x00,
  0x00,  0x00,  0x00,  0x00,  0x00,  0xdf,  0x00,  0x00,  0xe5,  0x00,  0x00,  0x00,
  0x00,  0x00,  0x00,  0x00,  0x9b,  0x00,  0x20,  0x00,  0x00,  0x00,  0x00,  0x00,
  0x00,  0x00,  0x00,  0x00,  0x00,  0x00,  0x00,  0x00,  0xdf,  0x00,  0x00,  0x00,
  0x00,  0x00,  0x00,  0xc4,  0x42,  0x00,  0x00,  0x00,  0x00,  0x3e,  0x00,  0x00,
  0x2c,  0x49,  0xd9,  0x00,  0x00,  0x00,  0x76,  0x00,  0x00,  0x00,  0x00,  0x00,
  0x26,  0x00,  0x00,  0x00,  0xaf,  0x00,  0xd3,  0x00,  0x00,  0x00,  0x00,  0x28,
  0xd4,  0x00,  0x00,  0x00,  0x00,  0x00,  0x00,  0x00,  0xca,  0x00,  0x00,  0x00,
  0x00,  0x00,  0x00,  0x00,  0x00,  0x00,  0x00,  0x00,  0x00,  0xa6,  0xce,  0x00,
  0x00,  0x00,  0x00,  0x00,  0x00,  0x00,  0x00,  0x00,  0x00,  0x00,  0x00,  0x00,
  0xcd,  0xcf,  0x00,  0x28,  0x00,  0x00,  0x3e,  0x00,  0x00,  0x00,  0x00,  0xd2,
  0x00,  0x00,  0x00,  0x00,  0x00,  0x00,  0x00,  0x00,  0x00,  0x00,  0x00,  0xcc,
  0x00,  0x00,  0x00,  0x31,  0x00,  0x48,  0x00,  0x00,  0x00,  0x00,  0xc4,  0xbb,
  0x00,  0x00,  0xe4,  0x00,  0x3c,  0x00,  0x00,  0xc7,  0x00,  0x00,  0x33,  0x00,
  0x2d,  0x00,  0x37,  0x00,  0x00,  0x00,  0x00,  0x00,  0x00,  0x00,  0x00,  0x00,
  0x00,  0x00,  0x00,  0x00,  0x00,  0x00,  0x00,  0x00,  0x4d,  0x51,  0xb2,  0x00,
  0x00,  0x4e,  0x00,  0x00,  0x00,  0x56,  0x00,  0xb7,  0x00,  0x00,  0x15,  0x22,
  0x00,  0x00,  0x00,  0x00,  0x00,  0x00,  0x17,  0x00,  0x00,  0x00,  0x00,  0x00,
  0x00,  0x00,  0x00,  0x00,  0x00,  0x40,  0x00,  0x00,  0x00,  0x31,  0x00,  0x00,
  0x00,  0x00,  0x00,  0x4e,  0x36,  0x35,  0x4f,  0x00,  0x00,  0x00,  0x00,  0x00,
  0x00,  0x00,  0x00,  0x00,  0x00,  0x00,  0x00,  0x00,  0x00,  0x43,  0x00,  0x00,
  0x00,  0x00,  0x00,  0x00,  0x00,  0x00,  0x00,  0x00,  0x00,  0x00,  0x43,  0x2f,
  0x00,  0x00,  0xcf,  0x00,  0x00,  0x00,  0x39,  0x00,  0x00,  0x00,  0x00,  0xb8,
  0x00,  0x00,  0x00,  0x00,  0x00,  0x00,  0x00,  0x00,  0x00,  0x00,  0x00,  0x30,
  0x00,  0x00,  0x00,  0x00,  0x00,  0x00,  0x00,  0x00,  0x00,  0xb5,  0x00,  0x00,
  0x00,  0x00,  0x29,  0x00,  0x00,  0x00,  0x00,  0xdb,  0x00,  0x00,  0x00,  0x00,
  0x00,  0xc3,  0x00,  0x00,  0x00,  0x00,  0x00,  0x00,  0x4b,  0x00,  0x00,  0x00,
  0x00,  0x00,  0xba,  0x00,  0x00,  0x00,  0x00,  0xcb,  0x00,  0x25,  0x00,  0x00,
  0x00,  0x00,  0x00,  0x7f,  0x00,  0x00,  0x00,  0x00,  0x00,  0x00,  0x00,  0xd0,
  0x00,  0x00,  0x00,  0x00,  0x00,  0x00,  0x00,  0x5b,  0x1c,  0x14,  0x00,  0x00,
  0x00,  0x00,  0x00,  0x00,  0x32,  0x00,  0x00,  0x00,  0x08,  0x5f,  0xff,  0xff,
  0xb2,  0x5f,  0xff,  0xff,  0x04,  0x00,  0x00,  0x00,  0x80,  0x00,  0x00,  0x00,
  0xc2,  0xff,  0xff,  0xff,  0x62,  0x00,  0x00,  0x00,  0x2c,  0x00,  0x00,  0x00,
  0x0c,  0x00,  0x00,  0x00,  0x5b,  0x00,  0x00,  0x00,  0xfa,  0xff,  0xff,  0xff,
  0x33,  0x00,  0x00,  0x00,  0x1e,  0x00,  0x00,  0x00,  0xf3,  0xff,  0xff,  0xff,
  0x38,  0x00,  0x00,  0x00,  0x46,  0x00,  0x00,  0x00,  0x10,  0x00,  0x00,  0x00,
  0x48,  0x00,  0x00,  0x00,  0x47,  0x00,  0x00,  0x00,  0x06,  0x00,  0x00,  0x00,
  0xe6,  0xff,  0xff,  0xff,  0x4f,  0x00,  0x00,  0x00,  0xfb,  0xff,  0xff,  0xff,
  0xfa,  0xff,  0xff,  0xff,  0xd9,  0xff,  0xff,  0xff,  0x10,  0x00,  0x00,  0x00,
  0x27,  0x00,  0x00,  0x00,  0x9e,  0xff,  0xff,  0xff,  0xf0,  0xff,  0xff,  0xff,
  0xf3,  0xff,  0xff,  0xff,  0xd8,  0xff,  0xff,  0xff,  0x70,  0x00,  0x00,  0x00,
  0xee,  0xff,  0xff,  0xff,  0xee,  0xff,  0xff,  0xff,  0x4b,  0x00,  0x00,  0x00,
  0xa7,  0xff,  0xff,  0xff,  0xf7,  0xff,  0xff,  0xff,  0x3e,  0x60,  0xff,  0xff,
  0x04,  0x00,  0x00,  0x00,  0x00,  0x08,  0x00,  0x00,  0x00,  0x00,  0x00,  0x00,
  0x00,  0x00,  0x00,  0x00,  0x00,  0x00,  0x00,  0x00,  0x00,  0x08,  0x00,  0x00,
  0x50,  0xcf,  0x00,  0x33,  0x00,  0x00,  0x00,  0x00,  0x29,  0x00,  0x00,  0x00,
  0x32,  0x00,  0x00,  0x00,  0x00,  0x00,  0x00,  0x00,  0xab,  0xca,  0x00,  0x00,
  0x00,  0x00,  0x00,  0x00,  0x00,  0x00,  0x00,  0x31,  0x00,  0x00,  0x00,  0x00,
  0x00,  0x00,  0x00,  0x00,  0x00,  0x00,  0x00,  0x00,  0x00,  0x00,  0x0a,  0x00,
  0xd0,  0x00,  0x58,  0x00,  0x00,  0xcc,  0xc7,  0x00,  0x00,  0x00,  0xd4,  0xd7,
  0x00,  0x00,  0x00,  0x00,  0x00,  0x1b,  0x00,  0x00,  0x00,  0x00,  0xc8,  0xdf,
  0x00,  0x00,  0xd1,  0x00,  0x00,  0x00,  0x00,  0x00,  0x00,  0x00,  0x00,  0x31,
  0x00,  0x00,  0xdb,  0x00,  0x00,  0x00,  0x00,  0x00,  0x00,  0xd0,  0xcf,  0x24,
  0x00,  0x00,  0x00,  0x00,  0x00,  0x00,  0x00,  0x00,  0x00,  0x00,  0x00,  0x00,
  0x00,  0x00,  0x00,  0x00,  0xc9,  0x00,  0x00,  0x00,  0x00,  0x00,  0x00,  0x00,
  0xd6,  0x00,  0x00,  0x00,  0xe4,  0x00,  0x00,  0x00,  0x00,  0x00,  0x00,  0x00,
  0x00,  0xd0,  0x00,  0x00,  0xd3,  0x00,  0x2b,  0x00,  0x3c,  0x00,  0x00,  0xbe,
  0x00,  0x00,  0x00,  0xce,  0x48,  0x00,  0x00,  0x00,  0x00,  0x00,  0x00,  0x3e,
  0x00,  0x00,  0x00,  0x23,  0x00,  0x00,  0x00,  0x00,  0xd2,  0x00,  0x00,  0x00,
  0x00,  0x00,  0x00,  0x00,  0x00,  0x00,  0x00,  0x3f,  0x00,  0xd1,  0xbb,  0x00,
  0xcd,  0x00,  0x45,  0x00,  0x00,  0xcb,  0xd7,  0x00,  0x00,  0x00,  0xce,  0x00,
  0x00,  0x00,  0x00,  0x00,  0x00,  0x00,  0x00,  0x00,  0x00,  0x00,  0x00,  0x00,
  0x00,  0x00,  0x00,  0xd8,  0x2b,  0x00,  0x00,  0x00,  0x00,  0x32,  0x00,  0x00,
  0x00,  0x00,  0xcc,  0x00,  0x00,  0x00,  0x00,  0x00,  0x00,  0x00,  0x00,  0x00,
  0x00,  0xd0,  0x00,  0x00,  0x00,  0x00,  0x00,  0x00,  0x00,  0x00,  0x00,  0x00,
  0x00,  0x31,  0x4f,  0xd9,  0x00,  0x2e,  0x00,  0x3b,  0x00,  0x00,  0x00,  0x00,
  0x00,  0x00,  0x00,  0x00,  0x00,  0x00,  0x00,  0x00,  0x00,  0x00,  0x00,  0x00,
  0x00,  0x00,  0x26,  0x32,  0x00,  0x00,  0x00,  0x00,  0x00,  0xd7,  0xd7,  0x00,
  0x00,  0x00,  0x00,  0x00,  0x00,  0x0f,  0xd5,  0x00,  0x00,  0x00,  0x1c,  0x00,
  0x53,  0x00,  0x00,  0xe7,  0x00,  0xd3,  0x30,  0x00,  0x00,  0x00,  0x00,  0x00,
  0x00,  0x00,  0x00,  0x00,  0xd3,  0x00,  0x00,  0x00,  0x00,  0x00,  0x00,  0x00,
  0x00,  0x00,  0x00,  0x00,  0x00,  0x46,  0x00,  0x00,  0x00,  0x00,  0xc6,  0x00,
  0x38,  0x00,  0x4a,  0x00,  0x00,  0x26,  0x00,  0x00,  0x00,  0x00,  0x00,  0x31,
  0x00,  0x00,  0x00,  0x00,  0x00,  0x00,  0x00,  0x00,  0x00,  0x00,  0x00,  0x00,
  0x32,  0x20,  0x00,  0x37,  0x00,  0x00,  0x00,  0x3a,  0x00,  0x00,  0x00,  0x00,
  0x00,  0x00,  0x00,  0xd0,  0xc9,  0x00,  0x00,  0x00,  0xe0,  0x00,  0x41,  0x00,
  0x00,  0x00,  0x00,  0x00,  0x44,  0x00,  0x00,  0x00,  0x00,  0x00,  0x00,  0x00,
  0x00,  0x00,  0x00,  0x00,  0x00,  0x00,  0x00,  0xe4,  0x00,  0x00,  0x38,  0x35,
  0x00,  0x00,  0x00,  0x00,  0x00,  0x00,  0x32,  0x00,  0x49,  0xea,  0x00,  0x00,
  0x00,  0xd6,  0x00,  0x00,  0xd5,  0x00,  0x00,  0x00,  0x00,  0x00,  0xd5,  0x00,
  0x00,  0x3a,  0x00,  0x00,  0x00,  0xdf,  0xf7,  0xe1,  0x00,  0x00,  0x00,  0x3f,
  0x00,  0x40,  0x00,  0x00,  0x00,  0x00,  0x00,  0x00,  0x36,  0x00,  0x00,  0x00,
  0x00,  0x00,  0x18,  0x00,  0x00,  0x00,  0x22,  0x00,  0x00,  0x00,  0x00,  0x00,
  0x00,  0x29,  0xc8,  0x00,  0x00,  0x00,  0x00,  0x00,  0xcf,  0x00,  0x00,  0x00,
  0x00,  0x36,  0x00,  0xdd,  0xbf,  0x00,  0x00,  0x00,  0x00,  0x00,  0x00,  0x00,
  0x26,  0xa5,  0x00,  0x00,  0x32,  0xcf,  0x24,  0x00,  0x00,  0x00,  0x00,  0x29,
  0x00,  0xcd,  0x00,  0x00,  0x00,  0x00,  0x00,  0x00,  0xdc,  0x00,  0x00,  0x00,
  0x40,  0x00,  0x00,  0x00,  0x00,  0x00,  0x00,  0x00,  0x00,  0x00,  0x00,  0x00,
  0x00,  0x00,  0x00,  0x00,  0x00,  0xdf,  0x00,  0x00,  0xd5,  0xc5,  0x00,  0x00,
  0xd7,  0x00,  0x00,  0x49,  0x7f,  0x00,  0x00,  0x00,  0x00,  0x2a,  0x00,  0x00,
  0x00,  0x00,  0x00,  0x00,  0x00,  0x00,  0xca,  0x00,  0x00,  0x00,  0x00,  0x00,
  0x00,  0x00,  0x00,  0x44,  0xd5,  0x00,  0x00,  0x00,  0xdd,  0x00,  0x00,  0x00,
  0x00,  0x00,  0x00,  0x00,  0x00,  0x00,  0x00,  0x00,  0x26,  0x00,  0x00,  0xdb,
  0x00,  0x22,  0x00,  0x00,  0x00,  0x00,  0x00,  0x00,  0x00,  0x32,  0x00,  0xce,
  0xd1,  0x00,  0xda,  0x00,  0x00,  0x00,  0xd3,  0x00,  0x00,  0x00,  0x00,  0x00,
  0x37,  0xd6,  0x00,  0x00,  0x00,  0x00,  0x00,  0x00,  0xcd,  0x00,  0x00,  0x00,
  0x00,  0x58,  0x00,  0x00,  0x00,  0x00,  0x46,  0x00,  0x00,  0x00,  0x00,  0x00,
  0x00,  0x00,  0x00,  0x00,  0x00,  0x00,  0x00,  0x00,  0x00,  0x00,  0x00,  0x00,
  0x00,  0x00,  0x00,  0x00,  0x00,  0x00,  0x00,  0x00,  0x00,  0x00,  0x00,  0x33,
  0x00,  0x00,  0x00,  0xcf,  0xdd,  0x00,  0x00,  0x00,  0x32,  0x00,  0x00,  0x00,
  0x00,  0x00,  0x25,  0x00,  0x00,  0x00,  0x00,  0x00,  0x00,  0xc9,  0x00,  0x34,
  0xe2,  0x0d,  0x00,  0x00,  0x00,  0x00,  0x00,  0x00,  0x00,  0x00,  0x00,  0xde,
  0x00,  0x00,  0x00,  0x00,  0x00,  0x00,  0x00,  0x00,  0x2d,  0xc3,  0x00,  0x00,
  0x00,  0x00,  0xd6,  0x00,  0xc7,  0x00,  0x00,  0x00,  0x00,  0x00,  0x00,  0x00,
  0x00,  0xb1,  0x00,  0x00,  0x00,  0x27,  0x00,  0x00,  0x00,  0x00,  0x00,  0xd1,
  0x00,  0x00,  0x00,  0x00,  0x00,  0x00,  0x00,  0x00,  0x00,  0x00,  0x00,  0x00,
  0xd4,  0x24,  0xcb,  0x00,  0x00,  0x00,  0x00,  0x00,  0x00,  0x00,  0x00,  0x1b,
  0x00,  0x30,  0x00,  0x00,  0x00,  0x00,  0x00,  0x00,  0x00,  0x00,  0x00,  0x33,
  0x00,  0x00,  0x42,  0x00,  0x00,  0x00,  0x00,  0x00,  0x00,  0xc8,  0x00,  0x3d,
  0x00,  0xb2,  0x00,  0x00,  0x00,  0x00,  0x00,  0x00,  0x00,  0xd8,  0xe6,  0x00,
  0x00,  0x00,  0xe4,  0x00,  0x00,  0x00,  0xca,  0x00,  0x00,  0x2a,  0x00,  0x00,
  0x00,  0xd1,  0x5a,  0x00,  0x00,  0x00,  0x00,  0x00,  0x00,  0xc7,  0x00,  0x00,
  0x17,  0x00,  0x00,  0xd8,  0x00,  0xdb,  0x00,  0x00,  0x00,  0xd0,  0x00,  0x00,
  0x00,  0x00,  0x00,  0x00,  0x00,  0x00,  0x00,  0x00,  0x00,  0x00,  0x00,  0x00,
  0x00,  0xff,  0x43,  0x00,  0x00,  0x00,  0x00,  0x00,  0xd8,  0x00,  0x00,  0x35,
  0x25,  0x00,  0xc4,  0x00,  0x28,  0xd1,  0x00,  0x00,  0x00,  0x00,  0x00,  0x00,
  0x00,  0x00,  0x00,  0x2d,  0x00,  0xdc,  0x00,  0x00,  0x00,  0x00,  0x00,  0x00,
  0x00,  0x00,  0x00,  0x00,  0x00,  0xd7,  0x00,  0x00,  0x00,  0x00,  0x00,  0x00,
  0xd3,  0x00,  0x00,  0x00,  0x00,  0x00,  0x00,  0x00,  0x00,  0x00,  0x00,  0x00,
  0x00,  0x1f,  0x00,  0x00,  0x00,  0x00,  0x00,  0x00,  0x00,  0xca,  0x00,  0x00,
  0x00,  0x00,  0x00,  0x00,  0x00,  0x00,  0x00,  0x00,  0x00,  0x00,  0x00,  0x00,
  0x00,  0xba,  0xcd,  0x00,  0x00,  0x2f,  0x24,  0x00,  0x00,  0x00,  0xfe,  0x00,
  0x00,  0x00,  0xe1,  0x00,  0x00,  0x00,  0x40,  0x00,  0x00,  0x00,  0x00,  0x00,
  0x00,  0x00,  0xc8,  0x00,  0x00,  0x2f,  0x00,  0x2a,  0x00,  0x00,  0x00,  0x00,
  0x00,  0x4a,  0x00,  0xe1,  0x00,  0x31,  0x00,  0x00,  0x00,  0xd2,  0x00,  0x00,
  0x00,  0x00,  0x00,  0xbd,  0x00,  0x00,  0x45,  0x00,  0x2c,  0xd3,  0x00,  0x00,
  0x00,  0xe8,  0x00,  0xe6,  0x00,  0x00,  0x00,  0x00,  0x00,  0x00,  0x00,  0xea,
  0x2c,  0x00,  0x4f,  0x00,  0x39,  0x00,  0x00,  0x00,  0x00,  0x00,  0x00,  0x00,
  0x00,  0x49,  0x00,  0xd0,  0x00,  0x00,  0x00,  0x00,  0xd9,  0x00,  0x3b,  0x00,
  0x00,  0x00,  0x00,  0x00,  0x00,  0xe1,  0x00,  0x00,  0x00,  0x00,  0x00,  0x00,
  0x00,  0x00,  0x41,  0xe1,  0xe3,  0xaa,  0x2b,  0x00,  0x00,  0x00,  0x00,  0x00,
  0x32,  0x32,  0x00,  0x00,  0x00,  0x00,  0x57,  0xe1,  0x00,  0x00,  0x00,  0x00,
  0x00,  0x00,  0x00,  0xca,  0x00,  0xe2,  0x00,  0x24,  0x00,  0x00,  0x00,  0x00,
  0x00,  0x00,  0x00,  0x00,  0x00,  0x00,  0x00,  0x00,  0x00,  0x00,  0x00,  0x00,
  0x00,  0x00,  0x00,  0x00,  0x00,  0x00,  0x00,  0xd7,  0x00,  0x00,  0x21,  0x00,
  0x00,  0x00,  0x00,  0x00,  0x00,  0x00,  0x00,  0xcd,  0x00,  0x00,  0x00,  0x00,
  0x00,  0x00,  0x00,  0x00,  0x00,  0x00,  0x00,  0x00,  0x00,  0x00,  0x00,  0x00,
  0x00,  0x3b,  0xd9,  0x00,  0x00,  0x33,  0x36,  0xd0,  0x00,  0x00,  0x00,  0x2c,
  0xd7,  0x00,  0x00,  0x00,  0x00,  0x00,  0xd3,  0x00,  0x00,  0x00,  0x00,  0x00,
  0x00,  0x00,  0x00,  0x00,  0x00,  0x41,  0x00,  0x00,  0x00,  0x00,  0x00,  0x00,
  0x00,  0x00,  0x00,  0x00,  0x00,  0x00,  0x00,  0x00,  0x00,  0x00,  0x57,  0xe5,
  0x00,  0x00,  0x00,  0x00,  0x24,  0x00,  0x00,  0x00,  0x00,  0x00,  0x00,  0x00,
  0x00,  0x00,  0x18,  0x00,  0x00,  0x00,  0x00,  0x00,  0xb7,  0x3d,  0x00,  0x00,
  0x00,  0x00,  0x3b,  0xd8,  0x00,  0x00,  0x00,  0x36,  0xdd,  0x00,  0x00,  0x00,
  0x00,  0x00,  0xc7,  0x00,  0xd0,  0x00,  0xc8,  0x00,  0x00,  0x00,  0xc3,  0x00,
  0x00,  0x00,  0x00,  0x00,  0x00,  0x00,  0x00,  0xd9,  0x00,  0x00,  0x00,  0x00,
  0x00,  0x00,  0x00,  0xd5,  0x00,  0x00,  0x00,  0x00,  0x00,  0x28,  0x00,  0x00,
  0x00,  0x00,  0xed,  0xdb,  0x00,  0x3c,  0x00,  0x2d,  0x00,  0x1b,  0x00,  0x00,
  0x00,  0x00,  0x00,  0x00,  0x00,  0x00,  0x00,  0x00,  0x00,  0x3d,  0x00,  0x00,
  0x00,  0x00,  0x00,  0x00,  0x00,  0xdf,  0xe8,  0x00,  0x00,  0x00,  0x00,  0x00,
  0x2d,  0x00,  0xd7,  0xb8,  0x00,  0x00,  0x00,  0x00,  0x00,  0x00,  0x00,  0x00,
  0x00,  0x00,  0x39,  0x00,  0x00,  0x00,  0x00,  0x00,  0x00,  0x00,  0xc6,  0x00,
  0x2d,  0x00,  0x00,  0x00,  0x23,  0x00,  0x00,  0x00,  0x00,  0xb7,  0x27,  0x00,
  0x00,  0x00,  0x00,  0x00,  0x00,  0xce,  0x00,  0xba,  0x00,  0x00,  0x00,  0xd4,
  0x00,  0x00,  0x22,  0x00,  0x00,  0x00,  0x00,  0x00,  0x26,  0x00,  0x00,  0x00,
  0x00,  0x00,  0x00,  0x00,  0x00,  0x00,  0x00,  0x00,  0x00,  0x00,  0x00,  0x00,
  0x00,  0xe1,  0x00,  0x00,  0x00,  0x00,  0x00,  0x00,  0x00,  0x00,  0x00,  0x00,
  0x00,  0x00,  0x00,  0xd7,  0x00,  0x00,  0x00,  0x00,  0x00,  0x00,  0xd1,  0x00,
  0x00,  0x00,  0x00,  0x3a,  0x00,  0x00,  0x00,  0x00,  0x00,  0x00,  0xd1,  0x00,
  0xe2,  0x2c,  0x00,  0x00,  0x00,  0x35,  0x00,  0x00,  0x00,  0x00,  0x00,  0x00,
  0x00,  0x00,  0x00,  0x00,  0xc9,  0x00,  0x00,  0x00,  0x00,  0x00,  0x00,  0x00,
  0x00,  0x00,  0x00,  0x00,  0x00,  0x00,  0x00,  0x00,  0xdc,  0x00,  0xdb,  0x00,
  0x00,  0x00,  0xe4,  0x00,  0x00,  0x22,  0x27,  0x00,  0x00,  0x00,  0x00,  0x00,
  0x00,  0x00,  0x00,  0xc9,  0x00,  0x00,  0x00,  0x00,  0x00,  0x00,  0x33,  0x00,
  0x00,  0x00,  0x00,  0x38,  0x00,  0x34,  0x00,  0xdc,  0x00,  0x28,  0x00,  0x00,
  0x00,  0x00,  0x00,  0x00,  0x00,  0x00,  0x00,  0x00,  0x00,  0x00,  0x00,  0xc8,
  0x00,  0x00,  0x00,  0x30,  0x00,  0x00,  0x00,  0x00,  0x00,  0x00,  0x00,  0x00,
  0x00,  0x00,  0x00,  0x00,  0x00,  0x00,  0x00,  0x00,  0x43,  0x00,  0x00,  0xe2,
  0x00,  0x00,  0x00,  0x00,  0x00,  0xe5,  0x00,  0x00,  0x00,  0x00,  0x00,  0x00,
  0x00,  0x00,  0x00,  0x00,  0x00,  0x00,  0x1d,  0x33,  0x00,  0xe4,  0x00,  0xc8,
  0x00,  0x00,  0x00,  0x00,  0x00,  0x00,  0x00,  0x00,  0xce,  0x00,  0x00,  0x29,
  0x00,  0x00,  0xed,  0x00,  0x00,  0x00,  0x00,  0x00,  0x32,  0x39,  0x00,  0x00,
  0xdb,  0x2a,  0x20,  0x00,  0x00,  0x00,  0x00,  0x00,  0x00,  0x4e,  0x00,  0x00,
  0x00,  0x00,  0x00,  0x32,  0x4e,  0x00,  0x00,  0x00,  0x00,  0x00,  0x00,  0x00,
  0x00,  0x17,  0x2f,  0x00,  0xce,  0x00,  0x00,  0x00,  0x00,  0xda,  0x00,  0xd2,
  0x00,  0x31,  0x00,  0x00,  0x45,  0x00,  0x00,  0xdf,  0x00,  0x00,  0x00,  0x00,
  0xdc,  0x00,  0x00,  0x00,  0x00,  0xe5,  0x33,  0xe6,  0x00,  0x00,  0x00,  0x00,
  0x00,  0x2d,  0x00,  0x00,  0x00,  0x00,  0x00,  0xd0,  0x00,  0x00,  0x00,  0x00,
  0x23,  0x00,  0x00,  0x00,  0x00,  0x00,  0xcf,  0x00,  0x00,  0x00,  0x00,  0x28,
  0xd0,  0x00,  0x00,  0x00,  0x2f,  0x00,  0x00,  0xd5,  0x00,  0x00,  0x00,  0x00,
  0x00,  0x00,  0x00,  0x00,  0xb1,  0x00,  0x0c,  0x00,  0x00,  0x00,  0x00,  0x00,
  0x00,  0x00,  0xca,  0x26,  0x22,  0x00,  0x00,  0x00,  0x00,  0x00,  0xe4,  0x00,
  0x00,  0x2b,  0x00,  0xb6,  0x00,  0x00,  0x00,  0x00,  0x00,  0x4e,  0x00,  0x00,
  0x00,  0x00,  0x00,  0x00,  0x00,  0x3f,  0x00,  0x00,  0x00,  0x00,  0xc2,  0x00,
  0x00,  0xd7,  0x00,  0x00,  0x00,  0x00,  0x00,  0xe1,  0x00,  0x00,  0x00,  0x00,
  0x00,  0xea,  0x00,  0x3b,  0xd2,  0x00,  0x00,  0x00,  0xdc,  0x00,  0x00,  0xdf,
  0x00,  0xd9,  0x00,  0x00,  0xd0,  0x45,  0x35,  0xeb,  0x00,  0x00,  0x00,  0x00,
  0x00,  0xe2,  0x1f,  0x00,  0x00,  0x36,  0x00,  0x00,  0x29,  0xe4,  0x00,  0x00,
  0x00,  0x00,  0x00,  0x00,  0x00,  0x00,  0x00,  0x3a,  0x00,  0x00,  0x00,  0x00,
  0x00,  0x00,  0x00,  0x00,  0xd1,  0x00,  0x00,  0x33,  0x00,  0x00,  0x00,  0x00,
  0x00,  0x00,  0x00,  0x00,  0xb6,  0x00,  0x32,  0x00,  0x11,  0x00,  0x00,  0x00,
  0x3b,  0x00,  0x00,  0x00,  0x00,  0x00,  0x00,  0x00,  0x00,  0x00,  0x00,  0x00,
  0x29,  0x00,  0x00,  0x00,  0x00,  0x00,  0x00,  0x00,  0x00,  0x00,  0x00,  0x00,
  0x00,  0xc1,  0x9e,  0x00,  0x00,  0x00,  0x00,  0x00,  0x00,  0x00,  0x00,  0x00,
  0x00,  0x00,  0x00,  0x00,  0x00,  0x00,  0x00,  0x00,  0x00,  0x00,  0x4d,  0x00,
  0x00,  0x00,  0x00,  0x00,  0x00,  0x00,  0x00,  0x00,  0x00,  0x00,  0x00,  0x00,
  0x00,  0x00,  0x00,  0x00,  0x00,  0x00,  0x00,  0xc1,  0xd3,  0x00,  0x23,  0x00,
  0x00,  0x00,  0x00,  0x00,  0x00,  0x00,  0x00,  0xc9,  0x34,  0x00,  0x00,  0x2d,
  0x00,  0x00,  0x00,  0x00,  0xd2,  0x00,  0xcc,  0x00,  0x00,  0x00,  0x00,  0x00,
  0xca,  0xcb,  0x00,  0x00,  0x00,  0x00,  0x1d,  0x00,  0x00,  0x1b,  0x00,  0x00,
  0x00,  0xdf,  0xda,  0x00,  0x00,  0xd5,  0x00,  0x00,  0x00,  0x00,  0x00,  0x00,
  0x00,  0x00,  0x00,  0x00,  0x00,  0x00,  0x00,  0x00,  0x00,  0x00,  0x00,  0x00,
  0x00,  0x00,  0x00,  0x00,  0x00,  0x00,  0x00,  0x00,  0xd5,  0x00,  0x00,  0xce,
  0x00,  0x00,  0x00,  0x00,  0x00,  0x00,  0x00,  0x00,  0x00,  0x00,  0x00,  0x00,
  0x00,  0x00,  0x32,  0x00,  0x00,  0x00,  0x00,  0x00,  0x00,  0xb1,  0x00,  0x00,
  0x00,  0x00,  0x00,  0x00,  0x00,  0x00,  0x00,  0x00,  0x00,  0x00,  0x00,  0x1b,
  0x00,  0x00,  0x00,  0x00,  0x00,  0x00,  0x00,  0x00,  0x5e,  0x00,  0x00,  0x00,
  0x00,  0x00,  0x00,  0xc9,  0x00,  0x00,  0x00,  0x00,  0x00,  0x00,  0x13,  0x00,
  0x00,  0x00,  0x00,  0x00,  0x00,  0x00,  0x00,  0x00,  0x00,  0x00,  0x00,  0x00,
  0x00,  0x00,  0xcc,  0xd4,  0x00,  0x00,  0x00,  0x00,  0x00,  0x00,  0x00,  0xa6,
  0xdc,  0x00,  0xba,  0x00,  0x00,  0x00,  0x00,  0x00,  0x00,  0x00,  0x00,  0xb1,
  0x00,  0x00,  0xd0,  0x00,  0xd7,  0x00,  0x00,  0xfb,  0x00,  0x00,  0x00,  0xc1,
  0xaf,  0x00,  0x29,  0x00,  0x22,  0x00,  0x00,  0x00,  0x00,  0x00,  0x00,  0x36,
  0x00,  0x00,  0x00,  0x00,  0x00,  0x00,  0x00,  0x00,  0x00,  0x00,  0x00,  0x00,
  0x00,  0x00,  0x00,  0x00,  0xa4,  0x67,  0xff,  0xff,  0x4e,  0x68,  0xff,  0xff,
  0x04,  0x00,  0x00,  0x00,  0x00,  0x01,  0x00,  0x00,  0xf8,  0xff,  0xff,  0xff,
  0x71,  0x00,  0x00,  0x00,  0x6b,  0x00,  0x00,  0x00,  0xeb,  0xff,  0xff,  0xff,
  0xe3,  0xff,  0xff,  0xff,  0x71,  0x00,  0x00,  0x00,  0x47,  0x00,  0x00,  0x00,
  0x17,  0x00,  0x00,  0x00,  0x58,  0x00,  0x00,  0x00,  0x9d,  0xff,  0xff,  0xff,
  0xe2,  0xff,  0xff,  0xff,  0xf2,  0xff,  0xff,  0xff,  0xc1,  0xff,  0xff,  0xff,
  0xbe,  0x00,  0x00,  0x00,  0x6c,  0x00,  0x00,  0x00,  0xc9,  0x00,  0x00,  0x00,
  0xf7,  0xff,  0xff,  0xff,  0xae,  0x00,  0x00,  0x00,  0xb2,  0xff,  0xff,  0xff,
  0xfc,  0xff,  0xff,  0xff,  0x02,  0x00,  0x00,  0x00,  0x64,  0xff,  0xff,  0xff,
  0xf5,  0xff,  0xff,  0xff,  0x1c,  0x00,  0x00,  0x00,  0x8e,  0x00,  0x00,  0x00,
  0x24,  0x00,  0x00,  0x00,  0xb3,  0xff,  0xff,  0xff,  0x47,  0x01,  0x00,  0x00,
  0x71,  0x00,  0x00,  0x00,  0xaa,  0xff,  0xff,  0xff,  0x9c,  0xff,  0xff,  0xff,
  0x43,  0x00,  0x00,  0x00,  0x8b,  0xff,  0xff,  0xff,  0x83,  0x00,  0x00,  0x00,
  0x83,  0x00,  0x00,  0x00,  0x63,  0x00,  0x00,  0x00,  0x2d,  0xff,  0xff,  0xff,
  0x6a,  0x00,  0x00,  0x00,  0x9f,  0xff,  0xff,  0xff,  0xa2,  0xff,  0xff,  0xff,
  0xb8,  0xff,  0xff,  0xff,  0x8b,  0xff,  0xff,  0xff,  0xe0,  0xff,  0xff,  0xff,
  0xb6,  0x00,  0x00,  0x00,  0xab,  0xff,  0xff,  0xff,  0xc8,  0xff,  0xff,  0xff,
  0xc4,  0x00,  0x00,  0x00,  0x26,  0x00,  0x00,  0x00,  0x6d,  0x00,  0x00,  0x00,
  0x71,  0x00,  0x00,  0x00,  0x25,  0x00,  0x00,  0x00,  0xfc,  0xff,  0xff,  0xff,
  0xec,  0xff,  0xff,  0xff,  0xa2,  0xff,  0xff,  0xff,  0x3e,  0x00,  0x00,  0x00,
  0x08,  0x00,  0x00,  0x00,  0xe2,  0xff,  0xff,  0xff,  0xd8,  0xff,  0xff,  0xff,
  0x72,  0x00,  0x00,  0x00,  0xb9,  0x00,  0x00,  0x00,  0x26,  0x00,  0x00,  0x00,
  0x33,  0x00,  0x00,  0x00,  0xe2,  0xff,  0xff,  0xff,  0x15,  0x00,  0x00,  0x00,
  0x5a,  0x69,  0xff,  0xff,  0x04,  0x00,  0x00,  0x00,  0x00,  0x96,  0x00,  0x00,
  0x00,  0x00,  0x00,  0x00,  0x00,  0x00,  0x00,  0x12,  0x00,  0x00,  0x00,  0x00,
  0x00,  0x00,  0x00,  0x00,  0x11,  0x00,  0x00,  0x12,  0x00,  0x00,  0x00,  0x16,
  0x00,  0x00,  0x19,  0xee,  0x00,  0x00,  0x00,  0x00,  0x00,  0xec,  0x10,  0x00,
  0x00,  0x18,  0x00,  0x00,  0x00,  0x00,  0x00,  0x00,  0x00,  0x00,  0x00,  0x00,
  0x00,  0x00,  0x00,  0x00,  0x00,  0x13,  0xf0,  0x00,  0x00,  0x00,  0x00,  0x17,
  0xe9,  0x00,  0x00,  0x00,  0x00,  0x00,  0xec,  0x00,  0x00,  0xec,  0x00,  0x00,
  0x00,  0x00,  0x00,  0x00,  0x00,  0x00,  0x00,  0x00,  0x00,  0xf0,  0x00,  0x00,
  0x00,  0x00,  0x00,  0x00,  0x14,  0x00,  0x00,  0x00,  0x00,  0x00,  0x00,  0x00,
  0x00,  0x12,  0x00,  0x00,  0x00,  0x00,  0x00,  0x00,  0x00,  0x00,  0x00,  0x00,
  0x00,  0x00,  0x00,  0x00,  0x12,  0x00,  0x00,  0x00,  0x00,  0x00,  0x00,  0x17,
  0x00,  0x00,  0x00,  0x00,  0x00,  0x00,  0x00,  0x00,  0x00,  0x00,  0x00,  0x00,
  0x00,  0x00,  0x00,  0x00,  0x00,  0x00,  0x00,  0x00,  0x00,  0x00,  0x00,  0x00,
  0xe2,  0x00,  0x00,  0x00,  0x00,  0x00,  0x00,  0x00,  0x00,  0x00,  0x15,  0x00,
  0x00,  0x00,  0x00,  0x00,  0x00,  0x00,  0x00,  0x00,  0x00,  0x00,  0x00,  0x00,
  0x00,  0x00,  0x00,  0xef,  0x00,  0x00,  0xed,  0x00,  0x00,  0x00,  0x00,  0x00,
  0xed,  0x00,  0x00,  0xef,  0x00,  0x00,  0x00,  0x00,  0x00,  0x00,  0x00,  0x00,
  0xe7,  0x00,  0x00,  0x00,  0x00,  0x18,  0x00,  0x00,  0x00,  0xee,  0x00,  0x00,
  0xeb,  0x00,  0x00,  0x00,  0x00,  0x00,  0x00,  0x00,  0x00,  0x00,  0x00,  0x00,
  0x00,  0x00,  0x00,  0xef,  0x00,  0x00,  0x00,  0x00,  0x00,  0x00,  0x11,  0x00,
  0x00,  0x00,  0x00,  0x00,  0x00,  0x00,  0x00,  0x00,  0x00,  0x00,  0x00,  0x00,
  0x00,  0x10,  0x00,  0x00,  0x00,  0x00,  0x00,  0x00,  0x00,  0x00,  0x00,  0x00,
  0x00,  0x00,  0x00,  0xeb,  0x12,  0x17,  0x00,  0x13,  0x13,  0x00,  0x00,  0x00,
  0x00,  0x00,  0x00,  0x00,  0x00,  0x00,  0xed,  0x12,  0x00,  0x00,  0x00,  0x00,
  0x00,  0x00,  0x00,  0x00,  0x00,  0x00,  0x00,  0x16,  0x00,  0x00,  0x00,  0x1a,
  0x00,  0x00,  0x00,  0x00,  0x00,  0x00,  0x00,  0x00,  0x00,  0x00,  0x00,  0x00,
  0x00,  0x00,  0x00,  0x00,  0x00,  0x17,  0x00,  0x00,  0x00,  0x00,  0x00,  0x15,
  0xec,  0x12,  0x00,  0x00,  0x00,  0x00,  0x00,  0x14,  0x00,  0x00,  0x00,  0x00,
  0x00,  0x00,  0x00,  0x00,  0x00,  0x17,  0x00,  0x00,  0x19,  0x00,  0x00,  0x00,
  0x16,  0x00,  0x00,  0x00,  0x00,  0x00,  0x00,  0x00,  0x00,  0x00,  0x00,  0x14,
  0x00,  0x00,  0x00,  0x00,  0x00,  0x00,  0x00,  0x00,  0x00,  0x00,  0x00,  0x16,
  0x00,  0x00,  0x00,  0x00,  0x00,  0x00,  0x00,  0x00,  0x00,  0x00,  0x00,  0x00,
  0x00,  0x00,  0x00,  0x00,  0x10,  0x00,  0x00,  0x00,  0x00,  0xeb,  0x00,  0x00,
  0x00,  0x00,  0x00,  0x00,  0x00,  0x00,  0xe8,  0x00,  0x19,  0x00,  0x00,  0x00,
  0x00,  0x00,  0x15,  0x00,  0x00,  0x00,  0x00,  0x00,  0x00,  0x00,  0x00,  0x00,
  0x00,  0x00,  0x00,  0x00,  0x00,  0x00,  0x00,  0x00,  0x00,  0x00,  0x00,  0x00,
  0x00,  0x15,  0x00,  0x00,  0x00,  0x00,  0x00,  0x00,  0x00,  0x00,  0x00,  0x00,
  0xea,  0x17,  0x00,  0x00,  0x00,  0x13,  0x00,  0x00,  0x00,  0x00,  0x00,  0x16,
  0xe9,  0x00,  0x00,  0xf0,  0x00,  0x00,  0x00,  0x00,  0x00,  0x00,  0x00,  0x00,
  0x00,  0x00,  0xe6,  0x00,  0x00,  0x00,  0x00,  0x12,  0x00,  0x00,  0x00,  0x18,
  0x00,  0x00,  0x00,  0x00,  0x00,  0x00,  0x00,  0x18,  0x00,  0xea,  0x11,  0x00,
  0x00,  0x00,  0x17,  0x00,  0x00,  0x00,  0x00,  0x00,  0x00,  0xeb,  0x00,  0x00,
  0xe8,  0x00,  0x00,  0x00,  0x15,  0x00,  0x00,  0x00,  0x00,  0x00,  0x00,  0x00,
  0x00,  0x00,  0x00,  0x00,  0x00,  0x16,  0x00,  0x00,  0x00,  0x00,  0x00,  0x14,
  0x00,  0x00,  0x00,  0x00,  0x00,  0x00,  0x00,  0x00,  0x00,  0x00,  0x00,  0x00,
  0x00,  0x00,  0x00,  0x00,  0x12,  0x00,  0x00,  0x16,  0x14,  0xed,  0x00,  0x00,
  0x00,  0x00,  0xe9,  0x00,  0x00,  0x00,  0xe3,  0x00,  0x00,  0xea,  0x00,  0x00,
  0x00,  0x00,  0x00,  0x00,  0x00,  0x00,  0x00,  0x00,  0xea,  0xea,  0x12,  0x00,
  0x00,  0x00,  0x00,  0x00,  0x11,  0x00,  0xea,  0x00,  0x00,  0x00,  0x00,  0x00,
  0x00,  0x00,  0x00,  0x00,  0x00,  0x00,  0x00,  0x00,  0x00,  0x00,  0x00,  0x00,
  0x00,  0x00,  0x00,  0x00,  0x00,  0x00,  0x00,  0x00,  0x00,  0xe9,  0x00,  0x00,
  0x00,  0x00,  0x00,  0x00,  0x00,  0x00,  0x00,  0x00,  0x00,  0x00,  0x00,  0x00,
  0x00,  0x00,  0x00,  0x00,  0x00,  0x00,  0x00,  0x0c,  0x00,  0xfe,  0x00,  0x00,
  0x00,  0x00,  0x00,  0x00,  0x00,  0x00,  0x00,  0x0b,  0x00,  0x00,  0xf1,  0x00,
  0x00,  0x00,  0x00,  0x00,  0x00,  0x00,  0x00,  0x00,  0x05,  0x00,  0x00,  0x00,
  0x00,  0x00,  0x00,  0x00,  0x00,  0x00,  0x00,  0x00,  0xdf,  0x00,  0x00,  0x00,
  0xff,  0x00,  0x00,  0x00,  0x00,  0x00,  0x00,  0x00,  0x00,  0x00,  0xe4,  0xd4,
  0x00,  0x00,  0x00,  0xff,  0xe7,  0x00,  0x00,  0xee,  0x00,  0x00,  0x00,  0x00,
  0x00,  0xeb,  0x00,  0x00,  0x00,  0x00,  0x00,  0xea,  0x00,  0x00,  0x00,  0x00,
  0x00,  0xef,  0x00,  0x00,  0x00,  0xd6,  0x00,  0xd9,  0x00,  0xdc,  0x00,  0xdb,
  0x00,  0xdf,  0xd3,  0x00,  0x00,  0xd7,  0x00,  0xe8,  0xd3,  0xd7,  0x15,  0x00,
  0x00,  0x00,  0x00,  0x00,  0x22,  0x01,  0x00,  0xe6,  0x00,  0xd6,  0x14,  0x01,
  0x00,  0x00,  0x00,  0x00,  0x1e,  0x00,  0x00,  0xe5,  0x00,  0xcf,  0x21,  0x00,
  0x00,  0x00,  0x00,  0xc6,  0x1b,  0x00,  0x00,  0x00,  0x00,  0xd5,  0x18,  0x00,
  0x00,  0x00,  0x00,  0xc1,  0x00,  0x00,  0x00,  0x19,  0x00,  0xcc,  0x00,  0x0d,
  0x00,  0x17,  0x00,  0xc9,  0x00,  0x00,  0x00,  0x17,  0x00,  0xdd,  0x00,  0x00,
  0x00,  0x00,  0x00,  0x00,  0x00,  0x00,  0x00,  0x00,  0xf8,  0x00,  0x00,  0x00,
  0x00,  0xe6,  0xf4,  0x00,  0x00,  0x00,  0x00,  0xe3,  0x00,  0x06,  0x14,  0x00,
  0x00,  0xe7,  0x00,  0x00,  0x00,  0x00,  0xf6,  0x00,  0x00,  0x00,  0x00,  0x00,
  0x00,  0x00,  0xce,  0x07,  0x00,  0x00,  0x00,  0x00,  0xce,  0x0d,  0x00,  0x00,
  0x00,  0x00,  0xca,  0x1a,  0x00,  0x00,  0x00,  0x00,  0xcd,  0x00,  0x00,  0x00,
  0x00,  0x00,  0xcd,  0x15,  0x00,  0x00,  0x00,  0x00,  0x00,  0x00,  0x00,  0x00,
  0x00,  0xe3,  0x00,  0x00,  0x00,  0x00,  0xf0,  0xe7,  0x00,  0x00,  0xe9,  0x00,
  0x00,  0x00,  0xda,  0x00,  0x00,  0x00,  0x00,  0x00,  0xdf,  0x00,  0x00,  0x00,
  0x00,  0x00,  0x00,  0x00,  0x00,  0x00,  0x00,  0x00,  0x00,  0x00,  0x00,  0x00,
  0x00,  0x00,  0x00,  0x00,  0xe7,  0xe2,  0x00,  0x00,  0x00,  0x00,  0x00,  0x00,
  0x00,  0x00,  0x00,  0x00,  0x00,  0x00,  0x00,  0x00,  0x00,  0x00,  0x00,  0xe2,
  0x00,  0x00,  0x00,  0x00,  0x00,  0x00,  0x00,  0x00,  0x00,  0x00,  0x00,  0xe0,
  0x00,  0x00,  0x00,  0xd0,  0x00,  0x00,  0x00,  0x00,  0x00,  0xdc,  0x14,  0x00,
  0xeb,  0x00,  0x00,  0x00,  0x00,  0xd6,  0x00,  0x00,  0xf4,  0x00,  0x0c,  0xdb,
  0x00,  0x00,  0xf3,  0x00,  0x00,  0x00,  0x00,  0x00,  0xf9,  0x00,  0x11,  0x00,
  0x00,  0x00,  0xec,  0x00,  0x00,  0x00,  0x00,  0x00,  0x00,  0xd1,  0x10,  0x00,
  0x00,  0x00,  0x00,  0xc5,  0x00,  0x00,  0x00,  0x00,  0x00,  0xcf,  0x00,  0x00,
  0x00,  0x00,  0xf4,  0x00,  0x00,  0x00,  0x00,  0x00,  0xea,  0x00,  0x00,  0x00,
  0x00,  0x0b,  0xed,  0xc2,  0x00,  0x00,  0x00,  0x00,  0xe5,  0x00,  0x00,  0x00,
  0x00,  0x00,  0x00,  0x00,  0x00,  0x00,  0x15,  0x00,  0x00,  0x00,  0x00,  0x00,
  0x00,  0xe4,  0x00,  0xfe,  0x13,  0x00,  0xf0,  0x00,  0xd5,  0x07,  0x10,  0x00,
  0x00,  0xd9,  0xd4,  0x00,  0x00,  0x00,  0x00,  0xd3,  0x00,  0x15,  0x00,  0x00,
  0x00,  0x00,  0x00,  0x00,  0x00,  0x00,  0x00,  0x00,  0xc4,  0x00,  0xec,  0x0e,
  0x00,  0x00,  0xce,  0x00,  0x00,  0x00,  0x00,  0x00,  0x00,  0x03,  0xeb,  0x0f,
  0x00,  0x00,  0x00,  0x00,  0x00,  0x00,  0x00,  0x00,  0x00,  0x00,  0x00,  0x00,
  0x00,  0x00,  0x00,  0x00,  0xe2,  0x00,  0xed,  0x00,  0x00,  0x00,  0xe1,  0x00,
  0x00,  0x00,  0x00,  0x00,  0xe9,  0x00,  0x00,  0x00,  0x00,  0x00,  0xeb,  0x08,
  0x00,  0x00,  0x00,  0x00,  0x00,  0x00,  0x00,  0x00,  0x00,  0x00,  0x14,  0x00,
  0x00,  0x00,  0x00,  0xce,  0x00,  0x00,  0x00,  0x00,  0x00,  0x00,  0x00,  0xd1,
  0x00,  0x00,  0x00,  0x00,  0x00,  0xd0,  0x00,  0xe9,  0x00,  0x00,  0x24,  0xc3,
  0x00,  0x00,  0x00,  0x00,  0x00,  0xcd,  0x00,  0x00,  0x00,  0x01,  0x00,  0xd7,
  0x00,  0xe8,  0x00,  0x00,  0x24,  0xd6,  0x00,  0xe6,  0x00,  0x00,  0x1a,  0xd1,
  0x00,  0xe9,  0x00,  0xda,  0x00,  0xd4,  0x00,  0x00,  0xdd,  0x00,  0x00,  0x00,
  0x00,  0x00,  0xd3,  0xcb,  0x00,  0x00,  0x00,  0x00,  0x00,  0xc5,  0x00,  0x00,
  0x00,  0x00,  0x00,  0x00,  0x00,  0xfa,  0x00,  0x00,  0xc3,  0x00,  0x00,  0x06,
  0xe3,  0x00,  0x00,  0x00,  0x00,  0x00,  0x00,  0x08,  0x00,  0x00,  0xd4,  0x00,
  0x00,  0x00,  0x00,  0x00,  0x00,  0x00,  0x00,  0x00,  0x23,  0x00,  0x00,  0x00,
  0x00,  0x0a,  0x00,  0x00,  0x00,  0x00,  0xdf,  0x00,  0x00,  0x00,  0x00,  0x31,
  0x00,  0x00,  0x00,  0x00,  0x00,  0x00,  0xef,  0x00,  0xfa,  0x00,  0xd9,  0x00,
  0x00,  0x00,  0x00,  0x00,  0xda,  0x00,  0x00,  0x00,  0x00,  0x56,  0xd9,  0x00,
  0x00,  0x00,  0x00,  0x55,  0x00,  0x00,  0x00,  0x00,  0x00,  0x00,  0x00,  0x00,
  0x00,  0x00,  0x00,  0x00,  0x00,  0x00,  0x00,  0x00,  0x00,  0x00,  0xda,  0x00,
  0x00,  0x00,  0x00,  0x00,  0x00,  0x3c,  0x00,  0x00,  0x00,  0x00,  0x00,  0x40,
  0x00,  0x00,  0x00,  0x4e,  0x00,  0x00,  0x00,  0x00,  0x00,  0x00,  0xdd,  0x00,
  0x00,  0x00,  0x00,  0x4a,  0x00,  0x00,  0xe2,  0x00,  0x00,  0x00,  0x00,  0x00,
  0x00,  0x00,  0x00,  0x00,  0x00,  0x00,  0x00,  0x17,  0x00,  0x00,  0x00,  0x00,
  0x00,  0x00,  0x00,  0x00,  0x00,  0x00,  0xcd,  0x00,  0x00,  0x00,  0x00,  0x00,
  0xcd,  0x00,  0xd6,  0x00,  0x00,  0x00,  0x00,  0x00,  0xd2,  0x46,  0x00,  0x00,
  0xe8,  0x00,  0x00,  0x00,  0x00,  0x00,  0x00,  0x00,  0x00,  0x00,  0x00,  0x00,
  0x00,  0x0d,  0x00,  0x00,  0x00,  0x00,  0x00,  0x00,  0xe5,  0x48,  0x00,  0x4b,
  0x00,  0x0e,  0x00,  0x43,  0x00,  0x00,  0x00,  0x00,  0x00,  0x00,  0x00,  0x4a,
  0x00,  0x00,  0x00,  0x00,  0xdb,  0x43,  0xe1,  0x00,  0xeb,  0x45,  0x00,  0x00,
  0x00,  0x00,  0x00,  0x00,  0x00,  0x3b,  0x00,  0x00,  0x00,  0x00,  0x00,  0x00,
  0xcf,  0x00,  0xef,  0x00,  0xd6,  0x00,  0x00,  0x00,  0x00,  0x47,  0x00,  0x33,
  0x00,  0x00,  0x00,  0x00,  0x00,  0x00,  0x00,  0x00,  0xe3,  0x49,  0x00,  0x00,
  0x00,  0x00,  0x00,  0x00,  0x00,  0x00,  0x00,  0x00,  0x00,  0x00,  0x00,  0x00,
  0x00,  0x00,  0x00,  0x00,  0x00,  0x36,  0x00,  0x00,  0xec,  0x00,  0x00,  0x34,
  0xe3,  0x12,  0x00,  0x00,  0x00,  0x00,  0x05,  0x00,  0x00,  0x00,  0x00,  0x2e,
  0x00,  0x00,  0x00,  0x00,  0x00,  0x00,  0x00,  0x00,  0x0a,  0x00,  0xd7,  0x31,
  0xd6,  0x00,  0x00,  0x00,  0xd7,  0x2f,  0x00,  0x00,  0x00,  0x49,  0x00,  0x00,
  0x00,  0x00,  0x00,  0x00,  0x00,  0x00,  0xdb,  0x00,  0x00,  0x00,  0x00,  0x00,
  0x00,  0x00,  0x00,  0x00,  0xd0,  0x00,  0x00,  0x0d,  0x00,  0x00,  0x00,  0x00,
  0x00,  0x00,  0x00,  0x00,  0xd1,  0x29,  0x00,  0x00,  0x09,  0x00,  0x00,  0x00,
  0x00,  0x00,  0x00,  0x48,  0xcd,  0x00,  0x00,  0xe8,  0x00,  0x00,  0x00,  0x00,
  0xe8,  0x00,  0x00,  0x00,  0x00,  0x00,  0xd6,  0x00,  0x00,  0x00,  0x00,  0x00,
  0x00,  0xe5,  0x00,  0x00,  0x00,  0x00,  0x00,  0x00,  0x00,  0x00,  0x00,  0x00,
  0x0e,  0xe6,  0x00,  0x00,  0xd1,  0x00,  0x00,  0x00,  0x00,  0x00,  0x00,  0x00,
  0x00,  0xe9,  0x00,  0x00,  0x00,  0x00,  0xdd,  0x00,  0x00,  0x47,  0x00,  0x00,
  0x00,  0x00,  0x00,  0x00,  0xca,  0x3b,  0x00,  0x00,  0x00,  0x00,  0x00,  0x00,
  0x00,  0x00,  0x00,  0x00,  0x00,  0x00,  0x00,  0x00,  0x00,  0x40,  0x00,  0x00,
  0x00,  0x00,  0xf0,  0x00,  0xcd,  0x00,  0x00,  0x00,  0x00,  0x00,  0x00,  0x00,
  0x00,  0x00,  0x00,  0x00,  0x00,  0x00,  0x00,  0x00,  0x00,  0x00,  0x00,  0x00,
  0x00,  0x00,  0x00,  0x43,  0x00,  0x00,  0x00,  0x00,  0x00,  0x00,  0x00,  0x3d,
  0x00,  0x00,  0xe1,  0x00,  0x00,  0x40,  0x00,  0x00,  0xe2,  0x00,  0x00,  0x00,
  0x00,  0x00,  0x00,  0x00,  0x00,  0x00,  0x00,  0x00,  0x00,  0x00,  0x00,  0x40,
  0x00,  0x0a,  0x00,  0x00,  0x00,  0x00,  0x00,  0x00,  0x00,  0x00,  0x00,  0x00,
  0xcf,  0x00,  0x00,  0x3a,  0xd3,  0x46,  0x00,  0x00,  0x00,  0x00,  0x00,  0x3c,
  0x00,  0x00,  0x00,  0x00,  0x00,  0x3e,  0x00,  0x00,  0x00,  0x00,  0x00,  0x00,
  0x00,  0x00,  0x00,  0x00,  0x00,  0x40,  0x00,  0x00,  0xcd,  0x38,  0x00,  0x00,
  0x00,  0x00,  0x00,  0x00,  0x00,  0x00,  0x00,  0x00,  0x00,  0x00,  0x00,  0x00,
  0x00,  0x00,  0xdf,  0x00,  0x00,  0x00,  0x00,  0x00,  0x00,  0x32,  0x00,  0x3e,
  0x00,  0x00,  0x00,  0x00,  0x00,  0x42,  0x00,  0x00,  0x00,  0x00,  0x00,  0x00,
  0x00,  0x00,  0x00,  0x00,  0x00,  0x00,  0x00,  0x00,  0x00,  0x30,  0x00,  0x00,
  0x00,  0x00,  0x00,  0x00,  0x00,  0x4a,  0x00,  0x00,  0x00,  0x00,  0xcd,  0x00,
  0x00,  0x00,  0x1a,  0x2b,  0xcd,  0x00,  0xdc,  0x00,  0x00,  0x00,  0xcc,  0x00,
  0x00,  0x00,  0x00,  0xe9,  0x00,  0x00,  0xed,  0x00,  0x00,  0x00,  0x00,  0x00,
  0x00,  0x00,  0x00,  0x00,  0x00,  0x00,  0x00,  0x00,  0x00,  0xe6,  0x00,  0x00,
  0x00,  0x00,  0x00,  0x00,  0x00,  0x00,  0x00,  0x00,  0x00,  0xea,  0x00,  0x00,
  0x00,  0x00,  0x00,  0x00,  0x00,  0x00,  0xeb,  0x14,  0x00,  0x00,  0x00,  0x00,
  0xea,  0x00,  0x00,  0x00,  0x00,  0x00,  0x00,  0x00,  0x00,  0xe5,  0x00,  0x00,
  0x00,  0x00,  0x00,  0x00,  0x15,  0x00,  0x00,  0x00,  0x17,  0x00,  0x00,  0x00,
  0x00,  0x00,  0x00,  0xe8,  0x00,  0x00,  0x00,  0x00,  0x00,  0xec,  0x00,  0x00,
  0x00,  0x17,  0x16,  0xea,  0x00,  0x12,  0x00,  0x00,  0x00,  0x00,  0x00,  0xee,
  0x00,  0x00,  0x00,  0x00,  0x00,  0x00,  0x00,  0x00,  0x00,  0xe6,  0x00,  0x00,
  0x00,  0x00,  0x00,  0x00,  0x00,  0x00,  0xe9,  0x00,  0x00,  0x00,  0x00,  0xed,
  0x00,  0x00,  0x00,  0x00,  0x00,  0x00,  0x00,  0x00,  0x00,  0xea,  0x00,  0x00,
  0x00,  0x00,  0x00,  0x00,  0x15,  0x13,  0x00,  0x00,  0x00,  0x00,  0x00,  0x00,
  0xee,  0x00,  0xee,  0xe5,  0x16,  0x13,  0x00,  0x00,  0x00,  0x00,  0x00,  0x00,
  0xec,  0x00,  0x00,  0x00,  0x14,  0x00,  0x00,  0x00,  0xee,  0x00,  0x00,  0x00,
  0x00,  0x00,  0x00,  0x00,  0x00,  0x00,  0x00,  0x00,  0x00,  0x00,  0x00,  0x00,
  0x00,  0x00,  0x00,  0xe9,  0x00,  0x00,  0x00,  0x00,  0x00,  0x00,  0x00,  0x00,
  0x00,  0x00,  0x00,  0xef,  0x00,  0x00,  0x00,  0x00,  0x00,  0x00,  0x00,  0x00,
  0xeb,  0x00,  0x00,  0xe9,  0x00,  0x00,  0x00,  0x00,  0x00,  0xef,  0x00,  0x00,
  0x00,  0x00,  0x00,  0x00,  0x00,  0x00,  0x00,  0x13,  0xec,  0x00,  0x00,  0x00,
  0xee,  0x00,  0x00,  0x00,  0x00,  0x00,  0x00,  0x00,  0x00,  0xea,  0x00,  0x00,
  0x00,  0x00,  0x00,  0x00,  0x00,  0x00,  0x00,  0x00,  0x00,  0xe4,  0x00,  0x00,
  0xee,  0x12,  0x00,  0xee,  0x00,  0xee,  0x00,  0x14,  0xee,  0x00,  0x00,  0x00,
  0x00,  0x00,  0x00,  0x00,  0x00,  0x00,  0x00,  0x00,  0x00,  0x00,  0x00,  0x00,
  0x00,  0x00,  0x00,  0x00,  0x11,  0x00,  0x00,  0x00,  0x00,  0x00,  0x14,  0x00,
  0x00,  0x00,  0x00,  0x00,  0x00,  0xee,  0x00,  0x00,  0x00,  0x00,  0x00,  0x12,
  0x00,  0x16,  0x00,  0x00,  0x16,  0xed,  0x00,  0x00,  0x00,  0xe6,  0x00,  0x00,
  0x00,  0x00,  0x00,  0x00,  0x12,  0x00,  0x00,  0x00,  0x00,  0xe7,  0x00,  0x00,
  0xee,  0x00,  0x00,  0x00,  0x00,  0x00,  0xed,  0x00,  0x00,  0x00,  0x00,  0x00,
  0x00,  0x15,  0x00,  0x00,  0x00,  0x00,  0x00,  0x14,  0x00,  0x00,  0x00,  0x00,
  0x00,  0x00,  0x00,  0xea,  0x00,  0x00,  0x00,  0x00,  0x00,  0x00,  0x12,  0x00,
  0x00,  0x00,  0x00,  0xe7,  0x00,  0x00,  0x00,  0x00,  0x00,  0x00,  0x11,  0x00,
  0x00,  0x00,  0x15,  0x00,  0x00,  0x00,  0x00,  0x00,  0x00,  0x00,  0x00,  0x13,
  0x00,  0x00,  0x00,  0x00,  0x00,  0x00,  0x00,  0x00,  0x00,  0x00,  0x00,  0x00,
  0x00,  0x00,  0x00,  0xea,  0x00,  0xee,  0x00,  0x00,  0x00,  0xe8,  0x00,  0x00,
  0x00,  0x00,  0x00,  0x00,  0x00,  0x00,  0xed,  0x00,  0x00,  0x00,  0x00,  0x00,
  0x00,  0x00,  0xeb,  0x00,  0x00,  0x00,  0xec,  0x00,  0x00,  0x00,  0x00,  0x00,
  0x00,  0x00,  0x00,  0x00,  0x00,  0x00,  0x00,  0x00,  0x00,  0x00,  0x15,  0x00,
  0x00,  0x00,  0x00,  0x00,  0x00,  0x00,  0x00,  0x00,  0x00,  0xe6,  0x00,  0x00,
  0x00,  0x00,  0x00,  0x00,  0x00,  0x00,  0x00,  0x00,  0x00,  0x00,  0x00,  0x00,
  0x00,  0x00,  0x00,  0x00,  0x00,  0x00,  0x00,  0x14,  0x00,  0x00,  0x14,  0x00,
  0x00,  0x00,  0x00,  0x00,  0x00,  0x00,  0x00,  0x16,  0x00,  0x00,  0x00,  0x00,
  0xea,  0x00,  0x00,  0x00,  0x00,  0x00,  0x00,  0x00,  0x00,  0x00,  0x00,  0x00,
  0x00,  0x00,  0x00,  0x00,  0x17,  0x00,  0x00,  0x00,  0x00,  0xe8,  0x00,  0x00,
  0x00,  0x00,  0x00,  0x00,  0x00,  0x00,  0x00,  0x00,  0x00,  0x00,  0x00,  0x00,
  0xee,  0x15,  0x00,  0x00,  0x00,  0x00,  0x00,  0x00,  0x00,  0x00,  0x17,  0x00,
  0x00,  0x00,  0x00,  0x00,  0x00,  0x00,  0x00,  0x13,  0x00,  0x00,  0x00,  0x00,
  0x00,  0x16,  0x00,  0x00,  0x16,  0x00,  0x00,  0x00,  0x00,  0xef,  0x13,  0x00,
  0x00,  0x00,  0x00,  0x00,  0x00,  0x00,  0x00,  0x15,  0x00,  0x00,  0x00,  0xee,
  0x00,  0x00,  0x00,  0xe7,  0x00,  0x00,  0x00,  0x00,  0x00,  0x00,  0x00,  0x00,
  0x00,  0x00,  0x00,  0x00,  0x00,  0x00,  0x00,  0x13,  0x00,  0x00,  0x00,  0x00,
  0x00,  0x00,  0x00,  0x00,  0x00,  0x00,  0x00,  0x00,  0x00,  0x00,  0x00,  0x00,
  0x00,  0x00,  0x00,  0x00,  0x00,  0x00,  0xeb,  0x00,  0xee,  0xeb,  0x00,  0x00,
  0x00,  0x00,  0xec,  0x00,  0x00,  0x00,  0x00,  0x00,  0x00,  0x00,  0x14,  0x00,
  0x00,  0x00,  0xeb,  0xeb,  0x00,  0x00,  0x00,  0x00,  0x00,  0x00,  0x15,  0x00,
  0x00,  0x00,  0x00,  0x00,  0x17,  0x00,  0x00,  0x13,  0x00,  0x00,  0x12,  0x00,
  0x00,  0x00,  0x00,  0x00,  0x00,  0x00,  0x00,  0x00,  0x00,  0xe8,  0x14,  0x00,
  0x00,  0x00,  0x00,  0x00,  0x00,  0x00,  0x00,  0x00,  0x12,  0x00,  0x00,  0x00,
  0x00,  0x00,  0x00,  0x00,  0x00,  0x13,  0x00,  0x00,  0x00,  0x00,  0x00,  0x00,
  0x00,  0x00,  0x00,  0xee,  0x00,  0x00,  0x00,  0x00,  0x00,  0x00,  0x00,  0x00,
  0xee,  0x00,  0x00,  0x00,  0x00,  0x00,  0x00,  0x00,  0x00,  0x00,  0x00,  0x00,
  0x00,  0x00,  0x00,  0x00,  0x00,  0xee,  0xee,  0x00,  0x00,  0x00,  0x00,  0x00,
  0x00,  0x00,  0x00,  0xed,  0x14,  0x00,  0x00,  0x00,  0x00,  0x00,  0x00,  0x00,
  0x00,  0x14,  0x00,  0xeb,  0x00,  0x00,  0x00,  0x00,  0x00,  0x00,  0x12,  0xec,
  0x00,  0x00,  0x00,  0x00,  0x15,  0x00,  0x00,  0x00,  0x00,  0x00,  0x12,  0x00,
  0x00,  0x14,  0x00,  0x00,  0x00,  0x00,  0x00,  0x00,  0x00,  0x00,  0x00,  0x00,
  0xed,  0x00,  0x00,  0x00,  0x00,  0x00,  0x00,  0x00,  0x00,  0x00,  0x00,  0x00,
  0x00,  0x00,  0x00,  0x00,  0x00,  0x00,  0x00,  0x13,  0x00,  0x00,  0x00,  0xed,
  0x00,  0x00,  0x00,  0x00,  0x17,  0x00,  0x00,  0x18,  0x00,  0x00,  0x15,  0xef,
  0x00,  0x13,  0x00,  0xec,  0x00,  0xee,  0x00,  0x15,  0x00,  0x00,  0x14,  0xec,
  0xe6,  0x00,  0x00,  0x00,  0x00,  0x00,  0x00,  0x00,  0x00,  0xe8,  0x13,  0xee,
  0xeb,  0x00,  0x00,  0xee,  0x00,  0x00,  0x00,  0x00,  0x00,  0x00,  0x00,  0x00,
  0x00,  0x12,  0x00,  0x00,  0x00,  0x00,  0xed,  0x00,  0x00,  0xe9,  0x00,  0x00,
  0x00,  0x00,  0x00,  0xe8,  0x00,  0x00,  0x00,  0x00,  0x00,  0x00,  0x16,  0x00,
  0x00,  0x00,  0x00,  0x00,  0x00,  0xee,  0x00,  0x00,  0x00,  0xe4,  0x00,  0xed,
  0x00,  0x00,  0x00,  0xed,  0x14,  0x00,  0xe8,  0x00,  0x00,  0xe7,  0x00,  0x00,
  0x00,  0x00,  0x00,  0x00,  0x00,  0x00,  0x00,  0x00,  0x00,  0x00,  0x00,  0x00,
  0x00,  0x00,  0x12,  0x00,  0x00,  0x00,  0xeb,  0x00,  0x00,  0xed,  0x16,  0x00,
  0x00,  0x00,  0x00,  0x00,  0x00,  0x00,  0x00,  0x00,  0x00,  0x00,  0x00,  0x00,
  0xe6,  0x00,  0x00,  0xed,  0x12,  0x00,  0x13,  0x00,  0x00,  0x00,  0x15,  0x00,
  0x00,  0x00,  0x00,  0x00,  0x00,  0x00,  0x00,  0x00,  0x00,  0xe9,  0x16,  0x00,
  0x00,  0x00,  0x00,  0x00,  0x14,  0x00,  0xec,  0x00,  0x00,  0x00,  0x00,  0x00,
  0x00,  0x00,  0x00,  0x00,  0x00,  0x00,  0x00,  0x00,  0x00,  0x00,  0x00,  0x00,
  0x00,  0x00,  0x00,  0xe5,  0x00,  0x00,  0x00,  0x00,  0x00,  0x00,  0x00,  0xee,
  0x00,  0x00,  0x00,  0xe7,  0x12,  0x00,  0x00,  0x00,  0x00,  0x00,  0x00,  0x00,
  0x00,  0x00,  0x00,  0x00,  0x00,  0x00,  0x00,  0x00,  0x00,  0x00,  0x00,  0xee,
  0x00,  0x00,  0x00,  0x00,  0x00,  0x00,  0x00,  0x00,  0x00,  0x00,  0x00,  0x00,
  0x00,  0x00,  0x00,  0x00,  0x19,  0x00,  0x00,  0x00,  0x00,  0x00,  0x00,  0x00,
  0x00,  0x00,  0x00,  0x00,  0x00,  0xee,  0x00,  0x14,  0x00,  0x00,  0x00,  0x00,
  0x00,  0x00,  0x00,  0x00,  0x00,  0x00,  0x00,  0x00,  0x00,  0x00,  0x12,  0x00,
  0x00,  0x00,  0x00,  0x00,  0x00,  0x00,  0x00,  0x00,  0x00,  0x00,  0x00,  0x00,
  0x00,  0x00,  0x00,  0x00,  0x00,  0x00,  0x00,  0x00,  0x00,  0x00,  0x00,  0x00,
  0x00,  0x00,  0x00,  0x00,  0x00,  0x00,  0x00,  0x00,  0x00,  0x00,  0x00,  0x00,
  0x00,  0x00,  0x00,  0xe7,  0x13,  0x00,  0x00,  0x13,  0x00,  0xe6,  0x00,  0x00,
  0x00,  0x15,  0x00,  0x00,  0x00,  0x00,  0x00,  0x00,  0x00,  0x00,  0x16,  0x00,
  0xec,  0x00,  0x00,  0x00,  0x13,  0x00,  0x00,  0x00,  0xee,  0x00,  0x00,  0x00,
  0x00,  0x00,  0x00,  0x00,  0x00,  0x12,  0x00,  0x00,  0x00,  0x00,  0x00,  0x00,
  0x00,  0x00,  0x00,  0x00,  0x00,  0x00,  0xeb,  0x00,  0x00,  0x00,  0x00,  0x00,
  0x00,  0x00,  0x00,  0x00,  0x00,  0x00,  0x00,  0x00,  0x00,  0xe8,  0x00,  0x00,
  0x00,  0x13,  0x00,  0x00,  0x00,  0x00,  0x00,  0x00,  0x00,  0xee,  0x00,  0xeb,
  0x00,  0x00,  0x00,  0x00,  0x00,  0x00,  0xec,  0x00,  0x00,  0x00,  0x00,  0x00,
  0x00,  0x2e,  0x00,  0x00,  0x00,  0x00,  0x00,  0x00,  0x00,  0x00,  0x00,  0x00,
  0x00,  0x00,  0x2b,  0x00,  0x00,  0x00,  0x00,  0x2e,  0x00,  0x00,  0x00,  0x00,
  0x00,  0x00,  0x00,  0x00,  0x00,  0x00,  0x00,  0x00,  0x2c,  0x00,  0x00,  0x00,
  0x00,  0x00,  0x00,  0x00,  0x00,  0x00,  0x00,  0x00,  0x00,  0x00,  0x00,  0x00,
  0x00,  0x00,  0x00,  0x00,  0x00,  0x00,  0x00,  0x00,  0x00,  0x00,  0x00,  0x00,
  0x00,  0x00,  0x00,  0x00,  0x00,  0x00,  0x00,  0x2d,  0x00,  0x00,  0x00,  0x00,
  0x00,  0x00,  0x00,  0x00,  0x00,  0x00,  0x00,  0x00,  0x00,  0x00,  0x00,  0x00,
  0x2a,  0x00,  0x00,  0x00,  0x00,  0x00,  0x00,  0x00,  0x00,  0x00,  0x00,  0x00,
  0x00,  0x2c,  0x00,  0x00,  0x30,  0x00,  0x00,  0x00,  0x00,  0x00,  0x00,  0x00,
  0x00,  0x00,  0x00,  0x00,  0x00,  0x00,  0x00,  0x00,  0x00,  0x00,  0x00,  0x00,
  0x00,  0x00,  0x00,  0x00,  0x00,  0x00,  0x00,  0x29,  0x00,  0x00,  0x00,  0x00,
  0x00,  0x00,  0x00,  0x00,  0x00,  0x00,  0x00,  0x00,  0x29,  0x00,  0x00,  0x00,
  0x00,  0x2b,  0x00,  0x00,  0x2f,  0x00,  0x00,  0x00,  0x00,  0x00,  0x00,  0x00,
  0x00,  0x00,  0x00,  0x00,  0x00,  0x00,  0x00,  0x00,  0x00,  0x00,  0x00,  0x00,
  0x00,  0x00,  0x2a,  0x00,  0x00,  0x00,  0x00,  0x00,  0x00,  0x00,  0x00,  0x00,
  0x00,  0x2f,  0x00,  0x00,  0x00,  0x00,  0x00,  0x00,  0x00,  0x00,  0x00,  0x00,
  0x00,  0x2f,  0x00,  0x00,  0x00,  0x00,  0x00,  0x00,  0x00,  0x00,  0x00,  0x00,
  0x00,  0x00,  0x00,  0x00,  0x2d,  0x00,  0x00,  0x00,  0x00,  0x00,  0x29,  0x00,
  0x00,  0x00,  0x00,  0x00,  0x00,  0x00,  0x00,  0x00,  0x00,  0x00,  0x00,  0x00,
  0x00,  0x00,  0x00,  0x00,  0x00,  0x00,  0x00,  0x00,  0x00,  0x00,  0x00,  0x00,
  0x00,  0x00,  0x00,  0x00,  0x00,  0x00,  0x00,  0x00,  0x00,  0x00,  0x00,  0x00,
  0x00,  0x00,  0x00,  0x00,  0x00,  0x00,  0x00,  0x00,  0x00,  0x00,  0x00,  0x29,
  0x00,  0x00,  0x00,  0x00,  0x00,  0x00,  0x00,  0x00,  0x2c,  0x00,  0x2f,  0x00,
  0x00,  0x00,  0x2b,  0x00,  0x00,  0x00,  0x00,  0x00,  0x00,  0x00,  0x29,  0x00,
  0x00,  0x29,  0x00,  0x00,  0x00,  0x00,  0x00,  0x00,  0x00,  0x00,  0x00,  0x00,
  0x00,  0x00,  0x00,  0x00,  0x00,  0x00,  0x00,  0x00,  0x00,  0x00,  0x2b,  0x00,
  0x29,  0x00,  0x00,  0x00,  0x2a,  0x00,  0x00,  0x00,  0x00,  0x00,  0x00,  0x00,
  0x00,  0x00,  0x00,  0x00,  0x00,  0x00,  0x00,  0x00,  0x00,  0x00,  0x2b,  0x00,
  0x00,  0x00,  0x00,  0x00,  0x00,  0x00,  0x00,  0x00,  0x00,  0x00,  0x2d,  0x00,
  0x00,  0x00,  0x00,  0x00,  0x00,  0x00,  0x00,  0x00,  0x29,  0x00,  0x00,  0x00,
  0x00,  0x00,  0x00,  0x00,  0x00,  0x00,  0x00,  0x00,  0x00,  0x00,  0x00,  0x00,
  0x00,  0x2b,  0x00,  0x00,  0x00,  0x00,  0x00,  0x00,  0x00,  0x00,  0x00,  0x29,
  0x00,  0x00,  0x2b,  0x00,  0x00,  0x00,  0x00,  0x00,  0x00,  0x00,  0x00,  0x00,
  0x00,  0x00,  0x00,  0x00,  0x00,  0x00,  0x00,  0x00,  0x00,  0x00,  0x00,  0x00,
  0x00,  0x00,  0x2f,  0x00,  0x00,  0x00,  0x00,  0x00,  0x2c,  0x00,  0x00,  0x00,
  0x00,  0x2b,  0x00,  0x00,  0x00,  0x00,  0x00,  0x00,  0x00,  0x00,  0x00,  0x00,
  0x00,  0x2a,  0x00,  0x00,  0x00,  0x00,  0x00,  0x00,  0x00,  0x00,  0x00,  0x00,
  0x00,  0x00,  0x00,  0x00,  0x2e,  0x00,  0x00,  0x2d,  0x00,  0x00,  0x00,  0x00,
  0x00,  0x00,  0x00,  0x00,  0x29,  0x00,  0x00,  0x2f,  0x00,  0x00,  0x2b,  0x00,
  0x00,  0x29,  0x00,  0x00,  0x29,  0x00,  0x00,  0x00,  0x00,  0x00,  0x00,  0x00,
  0x00,  0x00,  0x00,  0x00,  0x2c,  0x00,  0x00,  0x00,  0x00,  0x00,  0x00,  0x00,
  0x00,  0x00,  0x00,  0x00,  0x00,  0x00,  0x00,  0x00,  0x00,  0x00,  0x00,  0x00,
  0x00,  0x00,  0x00,  0x00,  0x00,  0x00,  0x00,  0x00,  0x29,  0x00,  0x00,  0x00,
  0x00,  0x2a,  0x00,  0x00,  0x00,  0x00,  0x00,  0x00,  0x00,  0x00,  0x00,  0x00,
  0x00,  0x00,  0x00,  0x00,  0x00,  0x00,  0x00,  0x00,  0x00,  0x00,  0x00,  0x00,
  0x00,  0x00,  0x00,  0x00,  0x00,  0x00,  0x00,  0x00,  0x2a,  0x00,  0x00,  0x00,
  0x00,  0x00,  0x00,  0x00,  0x00,  0x00,  0x00,  0x00,  0x00,  0x00,  0x00,  0x00,
  0x00,  0x00,  0x00,  0x00,  0x00,  0x00,  0x00,  0x00,  0x00,  0x00,  0x00,  0x00,
  0x00,  0x2d,  0x00,  0x00,  0x2e,  0x00,  0x00,  0x00,  0x00,  0x00,  0x2f,  0x00,
  0x00,  0x00,  0x00,  0x00,  0x00,  0x00,  0x00,  0x00,  0x00,  0x00,  0x00,  0x00,
  0x00,  0x23,  0x00,  0x00,  0x00,  0x00,  0x00,  0x27,  0x1c,  0x00,  0x00,  0x00,
  0x00,  0x00,  0x1e,  0x00,  0x00,  0x00,  0x00,  0x00,  0x00,  0x00,  0x23,  0x21,
  0x00,  0x00,  0x00,  0x00,  0x1b,  0x00,  0x00,  0x00,  0x00,  0x00,  0x00,  0x00,
  0x00,  0x00,  0x00,  0x00,  0x00,  0x00,  0x00,  0x00,  0x00,  0x00,  0x00,  0x00,
  0x00,  0x00,  0x00,  0x00,  0x00,  0x00,  0x00,  0x00,  0x00,  0x00,  0x1f,  0x00,
  0x21,  0x00,  0x1b,  0x00,  0x24,  0x21,  0x00,  0x22,  0x00,  0x00,  0x23,  0x00,
  0x00,  0x00,  0x00,  0x00,  0x21,  0x00,  0x00,  0x1c,  0x00,  0x00,  0x00,  0x00,
  0x00,  0x00,  0x21,  0x00,  0x00,  0x00,  0x00,  0x00,  0x00,  0x00,  0x00,  0x00,
  0x00,  0x00,  0x00,  0x00,  0x00,  0x00,  0x22,  0x00,  0x1d,  0x00,  0x1c,  0x00,
  0x20,  0x20,  0x20,  0x00,  0x00,  0x1c,  0x00,  0x00,  0x00,  0x00,  0x22,  0x00,
  0x00,  0x00,  0x00,  0x00,  0x26,  0x00,  0x21,  0x00,  0x00,  0x00,  0x00,  0x00,
  0x00,  0x24,  0x00,  0x00,  0x1d,  0x00,  0x00,  0x00,  0x00,  0x00,  0x1a,  0x1c,
  0x00,  0x00,  0x1b,  0x00,  0x00,  0x00,  0x00,  0x24,  0x22,  0x00,  0x00,  0x00,
  0x00,  0x00,  0x00,  0x00,  0x00,  0x00,  0x00,  0x22,  0x00,  0x00,  0x00,  0x00,
  0x00,  0x00,  0x00,  0x00,  0x00,  0x1c,  0x00,  0x00,  0x00,  0x00,  0x00,  0x00,
  0x00,  0x1c,  0x00,  0x00,  0x21,  0x00,  0x00,  0x00,  0x1b,  0x00,  0x00,  0x00,
  0x00,  0x00,  0x00,  0x00,  0x1c,  0x1d,  0x00,  0x00,  0x00,  0x00,  0x00,  0x00,
  0x1c,  0x00,  0x00,  0x00,  0x21,  0x00,  0x00,  0x00,  0x20,  0x00,  0x21,  0x00,
  0x00,  0x00,  0x00,  0x00,  0x00,  0x21,  0x00,  0x00,  0x00,  0x00,  0x23,  0x00,
  0x1c,  0x00,  0x00,  0x00,  0x00,  0x00,  0x00,  0x00,  0x00,  0x00,  0x00,  0x00,
  0x00,  0x1d,  0x00,  0x00,  0x00,  0x00,  0x00,  0x00,  0x28,  0x00,  0x00,  0x00,
  0x00,  0x00,  0x00,  0x00,  0x00,  0x00,  0x21,  0x20,  0x2b,  0x00,  0x20,  0x00,
  0x00,  0x00,  0x1c,  0x00,  0x00,  0x00,  0x00,  0x00,  0x00,  0x1b,  0x00,  0x00,
  0x1b,  0x00,  0x22,  0x00,  0x00,  0x00,  0x00,  0x1b,  0x00,  0x00,  0x00,  0x00,
  0x1e,  0x00,  0x00,  0x00,  0x00,  0x00,  0x00,  0x00,  0x00,  0x00,  0x00,  0x00,
  0x20,  0x00,  0x00,  0x00,  0x25,  0x00,  0x1f,  0x25,  0x00,  0x00,  0x00,  0x00,
  0x1f,  0x20,  0x00,  0x00,  0x00,  0x00,  0x00,  0x25,  0x21,  0x00,  0x24,  0x00,
  0x00,  0x1e,  0x22,  0x00,  0x25,  0x00,  0x1e,  0x00,  0x20,  0x00,  0x00,  0x00,
  0x00,  0x1b,  0x00,  0x00,  0x00,  0x00,  0x1e,  0x26,  0x00,  0x1b,  0x00,  0x1f,
  0x00,  0x00,  0x1a,  0x00,  0x00,  0x00,  0x00,  0x1b,  0x00,  0x00,  0x00,  0x00,
  0x00,  0x1f,  0x00,  0x00,  0x1b,  0x00,  0x22,  0x00,  0x00,  0x00,  0x00,  0x00,
  0x1e,  0x00,  0x00,  0x00,  0x00,  0x00,  0x00,  0x00,  0x1c,  0x00,  0x00,  0x00,
  0x00,  0x00,  0x1e,  0x00,  0x00,  0x00,  0x00,  0x00,  0x00,  0x00,  0x00,  0x00,
  0x1d,  0x21,  0x1d,  0x00,  0x00,  0x00,  0x00,  0x00,  0x00,  0x00,  0x00,  0x00,
  0x00,  0x22,  0x00,  0x00,  0x1a,  0x00,  0x00,  0x00,  0x00,  0x00,  0x00,  0x00,
  0x00,  0x20,  0x00,  0x00,  0x00,  0x00,  0x00,  0x00,  0x00,  0x00,  0x00,  0x1f,
  0x00,  0x1c,  0x00,  0x00,  0x00,  0x22,  0x00,  0x1c,  0x00,  0x00,  0x00,  0x00,
  0x00,  0x1e,  0x00,  0x00,  0x00,  0x00,  0x00,  0x20,  0x22,  0x00,  0x00,  0x00,
  0x00,  0x00,  0x00,  0x00,  0x00,  0x00,  0x00,  0x00,  0x23,  0x00,  0x1e,  0x00,
  0x00,  0x00,  0x00,  0x00,  0x20,  0x00,  0x1d,  0x1f,  0x21,  0x00,  0x00,  0x00,
  0x1b,  0x00,  0x1d,  0x00,  0x00,  0x1a,  0x00,  0x24,  0x00,  0x00,  0x1e,  0x00,
  0x00,  0x00,  0x00,  0x00,  0x00,  0x00,  0x00,  0x20,  0x00,  0x00,  0x00,  0x00,
  0x00,  0x00,  0x00,  0x00,  0x00,  0x00,  0x00,  0x00,  0x00,  0x00,  0x25,  0x00,
  0x00,  0x00,  0x00,  0x00,  0x25,  0x00,  0x00,  0x00,  0x00,  0x00,  0x00,  0x00,
  0x20,  0x24,  0x1c,  0x00,  0x00,  0x00,  0x00,  0x27,  0x00,  0x00,  0x1c,  0x1d,
  0x00,  0x00,  0x00,  0x00,  0x00,  0x1f,  0x00,  0x00,  0x00,  0x00,  0x00,  0x1a,
  0x00,  0x25,  0x00,  0x00,  0x25,  0x00,  0x1b,  0x24,  0x00,  0x00,  0x00,  0x00,
  0x00,  0x00,  0x00,  0x00,  0x00,  0x00,  0x00,  0x22,  0x22,  0x00,  0x00,  0x00,
  0x00,  0x00,  0x00,  0x00,  0x1e,  0x00,  0x00,  0x1d,  0x1f,  0x00,  0x00,  0x1e,
  0x00,  0x00,  0x26,  0x00,  0x23,  0x00,  0x00,  0x00,  0x00,  0x00,  0x1d,  0x00,
  0xee,  0x00,  0x00,  0x00,  0x00,  0x00,  0xea,  0x00,  0x00,  0x00,  0x00,  0x00,
  0x00,  0x00,  0x00,  0x00,  0x00,  0x00,  0x18,  0x00,  0x00,  0xeb,  0x00,  0x00,
  0x00,  0x00,  0x00,  0xe1,  0x0a,  0x00,  0x00,  0x00,  0x00,  0x00,  0x00,  0x00,
  0x00,  0x00,  0x00,  0x00,  0x00,  0x00,  0x00,  0x02,  0x00,  0x00,  0x00,  0x00,
  0x00,  0x00,  0x00,  0xee,  0x00,  0x00,  0x00,  0x15,  0xe7,  0x00,  0x00,  0x00,
  0x00,  0x15,  0x00,  0x00,  0x00,  0x00,  0x00,  0x00,  0x00,  0x00,  0x00,  0x00,
  0x00,  0x00,  0x00,  0x00,  0x00,  0x00,  0x00,  0x00,  0x00,  0x00,  0x00,  0x00,
  0x00,  0x00,  0x00,  0x00,  0x00,  0x00,  0x00,  0x00,  0x00,  0x00,  0x00,  0x00,
  0xdf,  0x00,  0x00,  0x00,  0x00,  0x00,  0xe5,  0x00,  0xd5,  0x00,  0x00,  0x00,
  0x00,  0x00,  0x00,  0x00,  0x00,  0x00,  0x00,  0x00,  0x00,  0x00,  0x00,  0x00,
  0xea,  0x00,  0x00,  0x00,  0x00,  0x00,  0x00,  0x00,  0x00,  0x22,  0x00,  0x00,
  0x00,  0x00,  0xdf,  0x00,  0x00,  0x00,  0xe0,  0x00,  0x00,  0x00,  0x00,  0x00,
  0x00,  0x00,  0x00,  0x00,  0x00,  0x00,  0x00,  0x00,  0x00,  0x00,  0x00,  0x00,
  0x00,  0x00,  0x00,  0x00,  0x00,  0x00,  0x1c,  0x00,  0x00,  0x00,  0x00,  0x00,
  0xdd,  0x00,  0x00,  0x00,  0x00,  0x1e,  0x00,  0x0a,  0x00,  0x00,  0x00,  0x00,
  0x00,  0x00,  0x00,  0x00,  0x00,  0x00,  0xe6,  0x00,  0x00,  0x00,  0x00,  0x00,
  0x00,  0x00,  0x00,  0x00,  0x00,  0x00,  0x00,  0x00,  0x00,  0x00,  0x00,  0x00,
  0x00,  0x00,  0x00,  0xef,  0x00,  0x00,  0xd8,  0x0d,  0x00,  0x00,  0x00,  0x00,
  0x00,  0x00,  0x00,  0x1c,  0x00,  0x00,  0x00,  0x00,  0x00,  0x00,  0x00,  0x00,
  0xe8,  0x00,  0x00,  0x1b,  0x00,  0x00,  0x00,  0x00,  0x00,  0x00,  0x00,  0x00,
  0x00,  0x00,  0x00,  0x00,  0x00,  0x00,  0x00,  0x00,  0x00,  0x00,  0x00,  0x00,
  0x00,  0x00,  0x00,  0x00,  0x00,  0xf8,  0x00,  0x00,  0x00,  0x00,  0x00,  0x00,
  0x00,  0x00,  0x00,  0x00,  0x02,  0x00,  0x00,  0x00,  0x00,  0x00,  0x00,  0x00,
  0x00,  0x00,  0x00,  0x00,  0x00,  0x22,  0x00,  0x00,  0x00,  0x00,  0x00,  0x00,
  0x00,  0x00,  0x00,  0x00,  0x00,  0x00,  0x00,  0x00,  0x00,  0x00,  0x00,  0x00,
  0x00,  0x00,  0x00,  0x00,  0x00,  0xee,  0x00,  0x00,  0x11,  0x00,  0x00,  0x00,
  0x00,  0x00,  0x00,  0x00,  0x00,  0x00,  0x00,  0x00,  0x00,  0x00,  0x02,  0x00,
  0x00,  0x00,  0x00,  0x00,  0x00,  0x00,  0x00,  0x00,  0x00,  0x00,  0x00,  0x00,
  0x00,  0x00,  0x00,  0xf0,  0x00,  0x00,  0x00,  0x0c,  0x00,  0x00,  0x00,  0x00,
  0xed,  0x00,  0x00,  0x00,  0x00,  0x00,  0x00,  0x00,  0x00,  0x00,  0x00,  0xfb,
  0x14,  0x00,  0x00,  0x00,  0x00,  0x00,  0x00,  0x00,  0x00,  0x00,  0x00,  0x00,
  0xe1,  0x00,  0x00,  0x00,  0x00,  0x00,  0x00,  0x00,  0x18,  0x00,  0x00,  0x00,
  0x00,  0x00,  0x00,  0x00,  0x00,  0x00,  0x00,  0x00,  0x00,  0x00,  0x00,  0xfa,
  0x00,  0x00,  0x00,  0x00,  0x00,  0x00,  0x00,  0x0a,  0xd8,  0x00,  0x00,  0x00,
  0x00,  0x00,  0x00,  0x00,  0x00,  0x00,  0x00,  0x00,  0x00,  0xec,  0x00,  0x00,
  0x00,  0x00,  0x00,  0x00,  0x00,  0x00,  0x00,  0x00,  0x00,  0x00,  0x00,  0x00,
  0x00,  0xdb,  0x00,  0x00,  0x00,  0x00,  0x00,  0x00,  0x00,  0x00,  0x00,  0x00,
  0x00,  0x00,  0x00,  0x00,  0x00,  0x00,  0x00,  0x00,  0x00,  0x00,  0x00,  0x00,
  0x00,  0x00,  0x00,  0x00,  0x00,  0x00,  0x00,  0x00,  0x00,  0xf2,  0x00,  0x00,
  0x00,  0x00,  0xed,  0x00,  0x00,  0x20,  0x00,  0x06,  0x00,  0x00,  0x00,  0x00,
  0x00,  0x00,  0x00,  0x00,  0x00,  0x1d,  0xe9,  0x00,  0x00,  0x00,  0x00,  0x00,
  0xe1,  0x00,  0x00,  0x00,  0x00,  0x00,  0xea,  0x00,  0x00,  0x00,  0x00,  0x1f,
  0x00,  0x00,  0xd7,  0x00,  0x00,  0x00,  0x00,  0x00,  0x00,  0x00,  0x00,  0x00,
  0x00,  0x00,  0x00,  0x00,  0x00,  0x00,  0x00,  0x00,  0x00,  0x00,  0x00,  0x00,
  0x00,  0x00,  0x00,  0x00,  0x00,  0x00,  0x00,  0x00,  0x00,  0x23,  0x00,  0x00,
  0x00,  0x00,  0x0f,  0x00,  0x05,  0x00,  0x00,  0x00,  0x00,  0x00,  0x00,  0x00,
  0x00,  0x00,  0x00,  0x00,  0x00,  0x00,  0x00,  0x00,  0x00,  0x00,  0x00,  0x00,
  0xdb,  0x00,  0x00,  0x00,  0x00,  0x00,  0x00,  0x00,  0x00,  0x00,  0x00,  0x00,
  0x00,  0x0d,  0x00,  0x25,  0x00,  0x00,  0x00,  0x00,  0xe0,  0x00,  0x00,  0x00,
  0x00,  0x00,  0xdf,  0x00,  0x00,  0x00,  0x00,  0x00,  0xda,  0x00,  0x00,  0x00,
  0x00,  0xd2,  0x00,  0x38,  0xe5,  0xd4,  0x00,  0xd6,  0x00,  0x27,  0x00,  0x00,
  0x00,  0x00,  0x00,  0x30,  0x00,  0xda,  0x00,  0x00,  0xb4,  0x30,  0x00,  0x00,
  0x00,  0x0d,  0xbe,  0x00,  0x00,  0x00,  0x00,  0x12,  0x00,  0x2d,  0x00,  0x00,
  0x00,  0x00,  0x00,  0x2c,  0x00,  0x00,  0x00,  0x00,  0x09,  0x22,  0x00,  0x00,
  0x00,  0x00,  0x00,  0x00,  0x00,  0x00,  0x05,  0x00,  0x00,  0x00,  0x00,  0x00,
  0x00,  0x00,  0x00,  0x00,  0x00,  0x00,  0x00,  0x00,  0x00,  0x00,  0x00,  0xcf,
  0x00,  0x00,  0x00,  0x00,  0xe4,  0xcf,  0x00,  0x00,  0x00,  0x00,  0xe2,  0x00,
  0x00,  0x00,  0x00,  0x00,  0x00,  0x00,  0x00,  0x00,  0x00,  0x00,  0x00,  0x00,
  0x00,  0x00,  0x00,  0x00,  0x00,  0x00,  0x00,  0x00,  0x00,  0x00,  0x00,  0x00,
  0x00,  0x00,  0x00,  0x00,  0x00,  0x00,  0x00,  0x00,  0xf1,  0x00,  0x00,  0x00,
  0x00,  0x00,  0x00,  0x29,  0x00,  0x00,  0x00,  0x00,  0xec,  0x29,  0x00,  0x00,
  0x00,  0x00,  0xf2,  0x00,  0xe7,  0x00,  0x00,  0xd9,  0xe7,  0x30,  0x00,  0x00,
  0x00,  0x00,  0x00,  0x46,  0x00,  0x00,  0x00,  0x00,  0x00,  0x38,  0x00,  0x00,
  0x00,  0x00,  0xf0,  0x37,  0x00,  0x00,  0x00,  0x00,  0x00,  0x1e,  0x00,  0x00,
  0x00,  0x00,  0x00,  0x00,  0x00,  0x00,  0x00,  0x00,  0xe7,  0x00,  0x00,  0x00,
  0x00,  0x00,  0xd9,  0x23,  0xe6,  0x00,  0x00,  0x00,  0xe6,  0x1e,  0xe3,  0x00,
  0x00,  0x00,  0x00,  0x1c,  0x00,  0xd0,  0x00,  0x00,  0x00,  0x00,  0x00,  0x00,
  0x00,  0x00,  0xf0,  0x00,  0x00,  0x00,  0x00,  0x00,  0x00,  0x00,  0x00,  0xcf,
  0x00,  0xd2,  0x00,  0x1c,  0x00,  0x00,  0x00,  0x00,  0x00,  0x19,  0x00,  0xc5,
  0x00,  0x00,  0x00,  0x00,  0xe9,  0xda,  0x00,  0x00,  0xd9,  0x00,  0x00,  0x00,
  0x00,  0x00,  0x00,  0x00,  0x00,  0xd5,  0x00,  0x00,  0x00,  0x00,  0x00,  0xd4,
  0x00,  0x0c,  0x00,  0x16,  0x00,  0x00,  0x00,  0x0f,  0x00,  0x00,  0x00,  0x00,
  0x00,  0x00,  0x00,  0x00,  0x00,  0x00,  0xf7,  0x0a,  0x00,  0x22,  0x00,  0xd7,
  0x00,  0x00,  0x00,  0x00,  0x00,  0x00,  0x00,  0x00,  0xd3,  0x27,  0x00,  0xd2,
  0x00,  0x00,  0xce,  0x21,  0x00,  0x00,  0x00,  0x00,  0xd4,  0x00,  0xe2,  0x00,
  0x12,  0x00,  0xca,  0x00,  0x00,  0x00,  0x00,  0x00,  0xc2,  0x00,  0xdf,  0x00,
  0x00,  0x00,  0xe2,  0x00,  0x00,  0x05,  0x00,  0x00,  0xd1,  0x00,  0x00,  0x00,
  0x00,  0x00,  0x00,  0x1b,  0x00,  0x0b,  0x00,  0x00,  0x00,  0x27,  0x00,  0x0d,
  0x00,  0x00,  0x00,  0x1a,  0x00,  0x00,  0xe8,  0x00,  0x00,  0x23,  0x00,  0x0a,
  0x00,  0x00,  0x00,  0x39,  0xe0,  0x00,  0x00,  0x00,  0xe1,  0x34,  0x00,  0x00,
  0x00,  0x00,  0x00,  0x3a,  0x00,  0x00,  0x00,  0x00,  0xe6,  0x30,  0xde,  0x00,
  0x00,  0x00,  0x00,  0x28,  0xe1,  0x03,  0x00,  0x00,  0x00,  0x26,  0x00,  0x00,
  0x00,  0xe0,  0x00,  0x00,  0xe0,  0x0c,  0x00,  0x00,  0xe7,  0x00,  0x00,  0x12,
  0x00,  0x00,  0x00,  0x00,  0x00,  0x00,  0x00,  0x00,  0x00,  0x00,  0x00,  0x02,
  0x00,  0x00,  0x00,  0x00,  0x00,  0x00,  0x00,  0x00,  0x00,  0x00,  0x00,  0x00,
  0x00,  0x00,  0x00,  0x19,  0x00,  0x00,  0x00,  0x00,  0x0e,  0x00,  0x00,  0x00,
  0x00,  0x00,  0x09,  0x00,  0x00,  0xd1,  0x00,  0x00,  0x0e,  0x1c,  0x00,  0xd3,
  0x00,  0x00,  0x00,  0x00,  0x00,  0xc9,  0x00,  0x00,  0x00,  0x34,  0x00,  0x00,
  0x00,  0x00,  0xff,  0x32,  0xe7,  0xc7,  0x00,  0x00,  0x00,  0x00,  0x00,  0x00,
  0x00,  0x00,  0x00,  0x00,  0x00,  0xc6,  0x00,  0x00,  0x00,  0x00,  0x00,  0xcc,
  0xf3,  0x00,  0x00,  0x00,  0x00,  0xd1,  0x00,  0x14,  0x00,  0x00,  0x00,  0x00,
  0x00,  0x00,  0x00,  0x00,  0x00,  0xce,  0x00,  0x00,  0x00,  0x00,  0x00,  0x00,
  0x00,  0x00,  0x00,  0x00,  0x00,  0x00,  0x00,  0x00,  0x00,  0x18,  0x00,  0xfb,
  0x00,  0x00,  0x00,  0x00,  0x00,  0x07,  0x00,  0xde,  0x00,  0xeb,  0x00,  0xfb,
  0x00,  0xe0,  0x00,  0xe5,  0x00,  0x05,  0x00,  0xdd,  0x00,  0x00,  0x00,  0xf8,
  0x24,  0xdc,  0x00,  0x00,  0x00,  0x07,  0x00,  0x00,  0x00,  0x00,  0xe7,  0x00,
  0x00,  0x00,  0x00,  0x00,  0x00,  0x00,  0x00,  0x00,  0x00,  0x00,  0x00,  0x00,
  0x00,  0x00,  0x00,  0x21,  0x00,  0x00,  0x00,  0x00,  0xf4,  0x36,  0x00,  0x00,
  0x00,  0x00,  0xf3,  0x2a,  0x00,  0x00,  0x00,  0x00,  0x00,  0x21,  0xde,  0xff,
  0x00,  0x00,  0xf2,  0x29,  0xdb,  0xf6,  0x00,  0x00,  0x00,  0x21,  0xe4,  0x00,
  0x00,  0x00,  0x00,  0x00,  0x00,  0x00,  0xe7,  0x00,  0x00,  0x00,  0x00,  0x00,
  0x00,  0x00,  0x00,  0x00,  0x00,  0x00,  0x00,  0x00,  0x00,  0x00,  0x00,  0x00,
  0x00,  0x00,  0x15,  0x00,  0x00,  0x00,  0xde,  0x00,  0x00,  0x00,  0x00,  0x00,
  0xdf,  0x00,  0x00,  0x00,  0x00,  0x00,  0xdc,  0x00,  0x00,  0x00,  0x00,  0x00,
  0xe2,  0x00,  0xeb,  0x00,  0x00,  0x13,  0x00,  0x00,  0x00,  0x00,  0x00,  0x00,
  0x00,  0x00,  0x00,  0x00,  0x00,  0x00,  0x00,  0x00,  0x00,  0x1b,  0x00,  0x00,
  0x00,  0x00,  0xf1,  0x00,  0x00,  0x00,  0xe3,  0x00,  0x00,  0x00,  0x00,  0x00,
  0x00,  0x00,  0x00,  0x00,  0x00,  0x16,  0x00,  0x00,  0x00,  0x00,  0x00,  0x00,
  0x00,  0x00,  0x00,  0x1a,  0x00,  0x00,  0x00,  0x00,  0x00,  0x00,  0x00,  0x00,
  0x00,  0x00,  0x00,  0x00,  0x00,  0x0c,  0x00,  0x00,  0x00,  0x00,  0x00,  0x00,
  0x00,  0x00,  0x00,  0x00,  0x00,  0x00,  0x00,  0x00,  0x00,  0x00,  0x00,  0x00,
  0x00,  0x00,  0x00,  0x00,  0x00,  0x13,  0x00,  0x00,  0x00,  0x00,  0x00,  0x00,
  0x00,  0x00,  0x00,  0x00,  0x00,  0x15,  0x00,  0x00,  0x00,  0x00,  0x00,  0x00,
  0xe4,  0x00,  0x00,  0x00,  0x00,  0x00,  0x00,  0x00,  0x00,  0x00,  0x00,  0x00,
  0x00,  0x00,  0x00,  0x00,  0x00,  0x00,  0x00,  0x00,  0x00,  0x00,  0x00,  0x00,
  0x00,  0x00,  0x00,  0x19,  0x00,  0x0f,  0x00,  0x00,  0x00,  0x00,  0x00,  0x00,
  0x00,  0x00,  0x00,  0x00,  0x00,  0x0a,  0x00,  0x00,  0x00,  0x00,  0x26,  0x0f,
  0x00,  0x00,  0x00,  0x00,  0x00,  0x00,  0x00,  0x00,  0x00,  0x00,  0x00,  0x00,
  0x00,  0x00,  0x00,  0x00,  0x00,  0x00,  0x00,  0x00,  0x00,  0x00,  0x00,  0x00,
  0x00,  0x00,  0x11,  0x00,  0x00,  0x00,  0xe0,  0x00,  0x00,  0x00,  0x00,  0x00,
  0x00,  0x00,  0x00,  0x00,  0x00,  0x00,  0x00,  0x00,  0x00,  0x00,  0x00,  0x00,
  0x00,  0x00,  0xf0,  0x00,  0x00,  0x14,  0xe6,  0x00,  0x00,  0x00,  0x00,  0x00,
  0xe3,  0x00,  0x00,  0x00,  0x28,  0x00,  0xe2,  0x00,  0x00,  0x16,  0x00,  0x00,
  0x00,  0x00,  0x00,  0x1b,  0x00,  0x00,  0x00,  0x00,  0x00,  0x00,  0x00,  0x0b,
  0x00,  0x00,  0x00,  0x00,  0x26,  0x00,  0xe4,  0x21,  0x00,  0x00,  0x00,  0x00,
  0x00,  0x00,  0x00,  0x00,  0x00,  0x0a,  0x00,  0x00,  0x00,  0x00,  0x00,  0x00,
  0x00,  0x00,  0x00,  0x00,  0x00,  0x05,  0x00,  0x00,  0x00,  0x00,  0x00,  0x00,
  0x00,  0x00,  0x00,  0x00,  0x00,  0x06,  0x00,  0x00,  0x00,  0x17,  0x00,  0x00,
  0x00,  0x00,  0x00,  0x19,  0x25,  0x00,  0x00,  0x00,  0x00,  0x00,  0x00,  0x00,
  0x00,  0x00,  0x00,  0x1a,  0x00,  0x00,  0x00,  0x00,  0x00,  0x00,  0x00,  0x00,
  0x00,  0x00,  0x00,  0x00,  0x00,  0x00,  0xe9,  0x00,  0x00,  0x00,  0x00,  0x00,
  0x00,  0x00,  0xeb,  0x1a,  0x00,  0x00,  0x00,  0x00,  0x00,  0x00,  0x00,  0x00,
  0x00,  0x00,  0x00,  0x00,  0x00,  0x00,  0x00,  0x00,  0x00,  0x00,  0x00,  0x00,
  0x00,  0x00,  0x00,  0x00,  0x00,  0x00,  0x00,  0x00,  0x0b,  0x00,  0x00,  0x00,
  0xd9,  0x00,  0x00,  0x00,  0x00,  0x00,  0x00,  0x00,  0x16,  0x00,  0x00,  0x15,
  0x00,  0x00,  0x00,  0x00,  0x00,  0x16,  0x00,  0x00,  0x00,  0x00,  0x00,  0x00,
  0x00,  0x00,  0x00,  0x00,  0x00,  0x00,  0x00,  0x00,  0x00,  0x00,  0x00,  0x1a,
  0x00,  0x00,  0x00,  0x00,  0x00,  0x13,  0x00,  0x00,  0x00,  0x00,  0x00,  0x18,
  0x00,  0x00,  0x00,  0x18,  0x00,  0x1d,  0x00,  0x00,  0x00,  0x15,  0x25,  0x00,
  0x00,  0x00,  0x00,  0x00,  0x00,  0x00,  0x00,  0x00,  0xf5,  0x00,  0x00,  0x16,
  0x00,  0x00,  0xfe,  0x17,  0x00,  0x00,  0x00,  0x00,  0x00,  0x00,  0x00,  0x00,
  0x00,  0x00,  0x00,  0x00,  0x00,  0x00,  0x00,  0x00,  0x0f,  0x00,  0x00,  0x00,
  0xe4,  0x00,  0x00,  0x00,  0x00,  0x00,  0x00,  0x00,  0x00,  0x00,  0x00,  0x00,
  0xd4,  0x00,  0x00,  0x00,  0x00,  0x00,  0x00,  0x2a,  0x00,  0x00,  0x00,  0x14,
  0x00,  0x00,  0x00,  0x00,  0x00,  0x13,  0x00,  0x00,  0x00,  0x00,  0x00,  0x00,
  0xdf,  0x00,  0x00,  0x00,  0x00,  0x00,  0x00,  0x00,  0x00,  0x1a,  0x00,  0x00,
  0x00,  0x00,  0x00,  0x00,  0x00,  0x00,  0x00,  0x00,  0xf3,  0x00,  0x00,  0x00,
  0x00,  0x2a,  0xf1,  0x00,  0x00,  0x00,  0x00,  0x00,  0x00,  0x13,  0x00,  0x00,
  0x00,  0x00,  0x00,  0x00,  0x00,  0x00,  0x00,  0x00,  0x00,  0x00,  0x00,  0x00,
  0x00,  0x00,  0x00,  0x00,  0x00,  0x07,  0x00,  0x00,  0x00,  0x00,  0x00,  0x00,
  0x00,  0x00,  0x00,  0xeb,  0x00,  0x12,  0x00,  0x00,  0x00,  0x00,  0x14,  0x17,
  0xeb,  0x13,  0x00,  0x00,  0x00,  0x00,  0x00,  0x00,  0x00,  0x00,  0x00,  0x00,
  0x00,  0x00,  0x00,  0xee,  0x00,  0x00,  0x00,  0x00,  0x00,  0x00,  0x00,  0x00,
  0x00,  0x00,  0x00,  0xea,  0x00,  0x00,  0x00,  0x00,  0x00,  0xe3,  0x00,  0x00,
  0xe7,  0x00,  0x00,  0xea,  0x00,  0x15,  0x00,  0x00,  0x00,  0x00,  0x16,  0x00,
  0x00,  0x00,  0x00,  0x00,  0x00,  0x00,  0x00,  0x00,  0x00,  0x00,  0x00,  0x00,
  0x00,  0x00,  0x00,  0x00,  0x00,  0x00,  0x00,  0x00,  0x00,  0x00,  0x00,  0x00,
  0x00,  0x00,  0x00,  0x00,  0x18,  0x00,  0x00,  0x00,  0x15,  0x00,  0x00,  0x00,
  0x00,  0x00,  0x00,  0x00,  0x00,  0x00,  0x00,  0x15,  0x12,  0x00,  0x00,  0x00,
  0xed,  0x00,  0x00,  0x00,  0x00,  0x00,  0x00,  0x00,  0x00,  0x00,  0x19,  0x00,
  0x00,  0x00,  0xec,  0x00,  0x11,  0x00,  0x00,  0x18,  0x00,  0x00,  0x00,  0x00,
  0x00,  0x00,  0x00,  0xe1,  0x00,  0x00,  0x00,  0x15,  0x00,  0xe1,  0x00,  0x00,
  0x00,  0x00,  0x00,  0x00,  0x15,  0x00,  0x00,  0x00,  0x00,  0x00,  0x15,  0x00,
  0x00,  0x00,  0x00,  0xe5,  0x17,  0x00,  0x00,  0x00,  0x00,  0x00,  0x00,  0x00,
  0xed,  0x00,  0x00,  0x00,  0x12,  0x00,  0xee,  0x00,  0x00,  0x00,  0x00,  0x00,
  0x00,  0x00,  0x00,  0x00,  0x00,  0x00,  0x00,  0x00,  0x00,  0x00,  0x00,  0x00,
  0x00,  0x12,  0x00,  0x00,  0x14,  0x00,  0x00,  0x00,  0x00,  0x00,  0x00,  0x00,
  0xeb,  0x00,  0x00,  0xec,  0x00,  0x00,  0xed,  0x00,  0x00,  0xee,  0x00,  0x00,
  0x00,  0x00,  0x00,  0xe7,  0x00,  0x00,  0x00,  0x00,  0x00,  0x00,  0x00,  0x00,
  0x00,  0x00,  0x00,  0x00,  0x00,  0x00,  0x00,  0x00,  0x00,  0x00,  0x00,  0x00,
  0x00,  0x00,  0x00,  0xe9,  0x17,  0x00,  0x00,  0x00,  0x00,  0x00,  0x14,  0x14,
  0x00,  0x00,  0x00,  0xed,  0x00,  0x00,  0x00,  0x00,  0x00,  0x00,  0x00,  0x13,
  0x00,  0x14,  0x14,  0x00,  0x00,  0x00,  0x00,  0x13,  0x13,  0x00,  0x00,  0x12,
  0x00,  0x00,  0x16,  0x00,  0x00,  0x00,  0x00,  0x00,  0x00,  0xed,  0x00,  0x00,
  0x00,  0x00,  0x00,  0xee,  0x00,  0x00,  0xe9,  0x14,  0x00,  0x00,  0x16,  0x00,
  0xeb,  0x00,  0x00,  0x00,  0x00,  0x15,  0x00,  0x00,  0x00,  0xe8,  0x00,  0x14,
  0xed,  0x00,  0x00,  0xe7,  0x00,  0x00,  0x00,  0x00,  0x00,  0x00,  0x15,  0x00,
  0x00,  0x00,  0x00,  0xeb,  0x00,  0x00,  0x00,  0x00,  0x00,  0xe3,  0x00,  0x00,
  0x00,  0x00,  0x00,  0x00,  0x16,  0x00,  0x00,  0x00,  0x00,  0x00,  0x00,  0x00,
  0x00,  0x00,  0x00,  0x00,  0x1a,  0x00,  0x00,  0x00,  0x00,  0x00,  0x00,  0x00,
  0x00,  0x00,  0x00,  0x00,  0x00,  0x00,  0xee,  0x17,  0x00,  0x00,  0x00,  0x13,
  0xee,  0x00,  0xea,  0xe8,  0x00,  0x00,  0xeb,  0x00,  0x00,  0x00,  0x00,  0x00,
  0x00,  0x16,  0x00,  0x00,  0x00,  0x00,  0xeb,  0x15,  0x00,  0x00,  0x00,  0x00,
  0xec,  0x00,  0x00,  0x00,  0x00,  0x00,  0x00,  0x00,  0x00,  0x00,  0x00,  0x00,
  0x00,  0x00,  0x00,  0x00,  0x00,  0x00,  0x00,  0x00,  0x00,  0xee,  0x00,  0x15,
  0x00,  0x14,  0x00,  0x00,  0x00,  0x00,  0xed,  0x00,  0x00,  0x00,  0x00,  0x14,
  0x00,  0x00,  0x00,  0x00,  0x00,  0x00,  0x00,  0x00,  0x12,  0x00,  0x16,  0x13,
  0x00,  0x13,  0x00,  0xe6,  0x00,  0x00,  0x00,  0x00,  0x00,  0x00,  0x00,  0x00,
  0x00,  0x00,  0x00,  0x00,  0x00,  0x16,  0x00,  0x16,  0x15,  0x00,  0x00,  0x00,
  0xed,  0x00,  0x00,  0x00,  0x12,  0x00,  0x00,  0x00,  0x00,  0x00,  0x00,  0x00,
  0x00,  0x00,  0x00,  0xe8,  0x00,  0x00,  0xee,  0x00,  0x00,  0xeb,  0x00,  0x15,
  0x00,  0x00,  0x00,  0xec,  0x00,  0x00,  0x00,  0x00,  0x00,  0x00,  0x00,  0x00,
  0x00,  0x00,  0x00,  0x00,  0x00,  0x00,  0x00,  0x00,  0x00,  0x00,  0x00,  0x00,
  0x00,  0x16,  0x00,  0x00,  0x00,  0x00,  0x00,  0x00,  0x00,  0x00,  0x14,  0x13,
  0x00,  0x00,  0x00,  0x00,  0x00,  0x00,  0x00,  0x00,  0x00,  0x00,  0x00,  0x00,
  0x00,  0x13,  0x00,  0x00,  0x16,  0x00,  0x00,  0x00,  0x00,  0x00,  0x00,  0x00,
  0x00,  0x12,  0x00,  0x00,  0x00,  0x00,  0x00,  0x00,  0x00,  0x00,  0x00,  0x12,
  0x00,  0x00,  0x00,  0x00,  0x00,  0x14,  0x00,  0x00,  0x00,  0x00,  0x00,  0x00,
  0x00,  0x00,  0x00,  0xe9,  0x18,  0x00,  0x00,  0x00,  0x00,  0x00,  0x00,  0x00,
  0x00,  0x00,  0x00,  0xe9,  0x00,  0x00,  0x00,  0x00,  0x00,  0x00,  0x00,  0x00,
  0x00,  0x00,  0xee,  0x00,  0x00,  0xd8,  0x18,  0x00,  0xec,  0x05,  0x07,  0x00,
  0x00,  0x00,  0x00,  0x00,  0x00,  0x00,  0x00,  0x00,  0x00,  0x00,  0x00,  0x00,
  0x00,  0x00,  0x00,  0x00,  0x0b,  0xe1,  0x00,  0x00,  0x00,  0x00,  0x00,  0xdb,
  0x00,  0x00,  0x16,  0x00,  0x0d,  0x00,  0x00,  0x00,  0x1f,  0x00,  0x00,  0x00,
  0x00,  0x00,  0x39,  0xcd,  0x00,  0x00,  0x00,  0x00,  0x00,  0x00,  0x00,  0xe0,
  0x00,  0x00,  0x00,  0x00,  0x00,  0xd9,  0x00,  0x00,  0x00,  0x00,  0x00,  0x00,
  0x00,  0x00,  0x00,  0xd5,  0x00,  0x00,  0x00,  0x00,  0x00,  0x00,  0x00,  0x00,
  0x00,  0x00,  0x00,  0x00,  0x11,  0x00,  0x00,  0x00,  0x00,  0xdc,  0x16,  0x00,
  0x00,  0x00,  0x00,  0xd0,  0x00,  0xd5,  0x00,  0x00,  0x00,  0x00,  0x00,  0x00,
  0x00,  0x00,  0x00,  0x00,  0x00,  0x00,  0x00,  0x03,  0x00,  0x00,  0x00,  0x00,
  0x23,  0x00,  0x00,  0x00,  0x00,  0xd7,  0x00,  0x00,  0x00,  0x00,  0x00,  0x00,
  0x00,  0x00,  0xce,  0xd9,  0x00,  0x00,  0x00,  0x00,  0xcd,  0xdc,  0x00,  0x00,
  0x00,  0x00,  0x00,  0x00,  0x00,  0x00,  0x00,  0x00,  0x00,  0x00,  0x00,  0x00,
  0x00,  0x0c,  0x00,  0x00,  0x00,  0x00,  0x00,  0x00,  0x00,  0x00,  0x00,  0x00,
  0x00,  0x00,  0xce,  0x00,  0x00,  0xe4,  0x00,  0x00,  0x00,  0x00,  0x00,  0xe2,
  0x00,  0x00,  0x00,  0x00,  0x00,  0x00,  0x00,  0x00,  0x00,  0xe7,  0x00,  0x00,
  0x00,  0x00,  0x00,  0xe7,  0x00,  0x00,  0x00,  0x00,  0x0c,  0x00,  0x00,  0x00,
  0x00,  0x00,  0x00,  0x00,  0x00,  0x00,  0x00,  0x00,  0x00,  0x00,  0x00,  0x00,
  0x00,  0x00,  0x00,  0x00,  0x00,  0x00,  0x00,  0x00,  0x00,  0xeb,  0x00,  0x00,
  0x00,  0x00,  0x00,  0x00,  0x09,  0x00,  0x00,  0x00,  0x00,  0x00,  0x00,  0x00,
  0x00,  0x00,  0x00,  0x00,  0x00,  0x00,  0xfa,  0x00,  0x16,  0xe1,  0x00,  0x00,
  0x00,  0x00,  0xf9,  0x00,  0x00,  0x00,  0x00,  0x00,  0x00,  0x00,  0x00,  0x00,
  0x00,  0x00,  0x1b,  0x00,  0x00,  0x00,  0x00,  0x00,  0x20,  0x00,  0x00,  0x00,
  0x00,  0x00,  0x00,  0x00,  0x00,  0x00,  0x00,  0x1b,  0x00,  0xe6,  0x00,  0x00,
  0x00,  0x00,  0x08,  0x00,  0x00,  0x00,  0x00,  0x00,  0x00,  0x00,  0x00,  0x00,
  0x00,  0x00,  0x00,  0xe6,  0x13,  0x00,  0x00,  0x00,  0x00,  0x00,  0x00,  0x00,
  0xe5,  0x00,  0x00,  0x00,  0x00,  0x00,  0x00,  0x00,  0x00,  0xe8,  0x00,  0x00,
  0x00,  0x00,  0x00,  0xf0,  0x00,  0x00,  0x00,  0x00,  0x00,  0xec,  0x00,  0x00,
  0x00,  0x00,  0xcf,  0x00,  0x00,  0xd6,  0x00,  0x00,  0x00,  0x00,  0x0f,  0x00,
  0x00,  0x00,  0x00,  0x00,  0x00,  0x00,  0x00,  0x00,  0x00,  0x00,  0x00,  0xda,
  0x2d,  0x00,  0xc6,  0xe6,  0x00,  0x00,  0xf8,  0x19,  0x00,  0x00,  0x00,  0x00,
  0x00,  0x09,  0x00,  0x00,  0x00,  0x00,  0x00,  0x00,  0x00,  0x00,  0x00,  0xd8,
  0x00,  0x00,  0x00,  0xe5,  0x17,  0x00,  0x00,  0x00,  0x00,  0x00,  0x00,  0x00,
  0x00,  0x00,  0x00,  0x00,  0x00,  0x00,  0x00,  0x00,  0x00,  0x00,  0x18,  0x00,
  0x00,  0x00,  0x2e,  0x00,  0x00,  0x00,  0x00,  0x00,  0x1f,  0x00,  0x00,  0x00,
  0x00,  0x00,  0x00,  0x00,  0x00,  0x00,  0x00,  0x00,  0xeb,  0xe0,  0x00,  0xd0,
  0x00,  0x00,  0x00,  0x00,  0x00,  0x00,  0x00,  0x00,  0x00,  0x00,  0x00,  0x00,
  0x00,  0x00,  0x00,  0x00,  0x00,  0x00,  0x00,  0x00,  0x00,  0xe2,  0x00,  0xd7,
  0x00,  0x00,  0x00,  0x00,  0x00,  0xcd,  0x00,  0x00,  0x00,  0x00,  0x17,  0x00,
  0x00,  0x00,  0x14,  0x00,  0x00,  0xd4,  0x00,  0x00,  0x00,  0x00,  0x00,  0x00,
  0x00,  0x00,  0x00,  0xd9,  0x00,  0x00,  0x00,  0x00,  0x00,  0xdf,  0x00,  0x00,
  0x00,  0x00,  0x00,  0xd8,  0x00,  0x00,  0x00,  0x00,  0x00,  0x00,  0x00,  0x00,
  0x00,  0x00,  0x00,  0x00,  0x00,  0x00,  0x00,  0x00,  0x00,  0x00,  0x13,  0x00,
  0x00,  0x00,  0xd3,  0x00,  0x00,  0x00,  0x00,  0x00,  0x00,  0x00,  0x00,  0x00,
  0x00,  0x00,  0x05,  0xe8,  0x00,  0x00,  0x00,  0x00,  0x00,  0x00,  0x00,  0x00,
  0x00,  0x00,  0xd6,  0xec,  0x00,  0x00,  0x00,  0xda,  0x00,  0x00,  0x09,  0xee,
  0x00,  0x00,  0x00,  0x00,  0x00,  0x00,  0x00,  0x00,  0x00,  0x00,  0x00,  0x00,
  0x00,  0x00,  0xe6,  0x00,  0x00,  0x00,  0x00,  0x00,  0x00,  0x00,  0x00,  0x00,
  0x00,  0x00,  0x01,  0x00,  0x00,  0x00,  0x00,  0x00,  0x00,  0xea,  0x00,  0x00,
  0x00,  0x00,  0x00,  0x00,  0x00,  0x00,  0x00,  0x00,  0x00,  0x00,  0x00,  0x00,
  0x00,  0x00,  0x00,  0x00,  0x00,  0xe4,  0x00,  0x00,  0x00,  0x00,  0x00,  0x00,
  0xdf,  0x00,  0x00,  0x00,  0x00,  0x00,  0x00,  0x00,  0x00,  0x00,  0x00,  0x00,
  0x00,  0x00,  0x00,  0xe2,  0x00,  0x00,  0x00,  0x00,  0x00,  0x00,  0x00,  0xe3,
  0x00,  0x00,  0x00,  0x00,  0x00,  0x00,  0x00,  0x00,  0x00,  0x00,  0x00,  0x00,
  0x00,  0x00,  0x00,  0x00,  0x00,  0x00,  0x00,  0x00,  0x00,  0x00,  0x00,  0x00,
  0x00,  0x00,  0x00,  0x00,  0x00,  0x00,  0x00,  0x00,  0x00,  0x00,  0x00,  0x00,
  0x00,  0x00,  0x00,  0x00,  0x00,  0x00,  0x00,  0x00,  0x00,  0x00,  0x00,  0x00,
  0x00,  0x00,  0x00,  0x00,  0x00,  0x00,  0x00,  0x00,  0x00,  0x00,  0x00,  0x00,
  0x00,  0x00,  0x00,  0x00,  0x00,  0x00,  0x00,  0x00,  0x00,  0xe3,  0x00,  0x00,
  0x00,  0x00,  0x00,  0x00,  0x00,  0x00,  0x00,  0x00,  0x00,  0x00,  0x0f,  0x00,
  0x00,  0x00,  0x00,  0x00,  0x00,  0x00,  0x00,  0x00,  0x00,  0x00,  0x00,  0x00,
  0x00,  0x00,  0x00,  0x00,  0x00,  0x00,  0x00,  0x00,  0x00,  0x00,  0x00,  0x00,
  0x00,  0x00,  0x00,  0x00,  0x00,  0x00,  0x00,  0x0f,  0x00,  0x00,  0x00,  0x00,
  0x00,  0x00,  0x00,  0x00,  0x00,  0x00,  0x00,  0x00,  0x00,  0x00,  0x00,  0x00,
  0x00,  0x00,  0x00,  0x00,  0x00,  0x00,  0x00,  0x00,  0x00,  0x00,  0x00,  0x00,
  0x0f,  0x00,  0x00,  0x00,  0x00,  0x00,  0x00,  0x00,  0x00,  0x00,  0x00,  0x00,
  0x00,  0x00,  0x00,  0x00,  0x00,  0x00,  0x00,  0x00,  0x00,  0xe3,  0x00,  0x00,
  0x00,  0x00,  0x00,  0x00,  0x00,  0x00,  0xe4,  0x00,  0x00,  0x00,  0x00,  0x00,
  0x00,  0x00,  0x00,  0x00,  0x00,  0x00,  0x00,  0x00,  0x00,  0x00,  0x0d,  0x00,
  0x00,  0x00,  0x00,  0x00,  0x00,  0x00,  0x00,  0x00,  0x00,  0xe3,  0x00,  0x00,
  0x00,  0x00,  0x00,  0x00,  0x00,  0x00,  0x00,  0x00,  0x00,  0x00,  0x00,  0x00,
  0x00,  0x00,  0x00,  0x00,  0x00,  0x00,  0x00,  0x00,  0x00,  0x00,  0x00,  0x00,
  0x00,  0x00,  0x00,  0x00,  0x00,  0x00,  0x00,  0x00,  0x00,  0x00,  0x00,  0x00,
  0x00,  0x00,  0x00,  0x00,  0x00,  0x00,  0x00,  0x00,  0x00,  0x00,  0x00,  0xe3,
  0x00,  0x00,  0x00,  0xe3,  0x00,  0x00,  0x00,  0x00,  0x00,  0x00,  0x00,  0x00,
  0x00,  0x00,  0x00,  0x00,  0x00,  0x00,  0x00,  0x00,  0x00,  0x00,  0x00,  0x00,
  0x00,  0x00,  0x00,  0x00,  0x00,  0x00,  0x00,  0x00,  0x00,  0x00,  0x0e,  0x00,
  0x00,  0x00,  0x00,  0x00,  0x00,  0x00,  0x00,  0x00,  0x00,  0x00,  0x00,  0x00,
  0x00,  0x00,  0x00,  0x00,  0x00,  0x00,  0x00,  0x00,  0x10,  0x00,  0x00,  0x00,
  0x00,  0x00,  0x00,  0x00,  0x00,  0x00,  0x00,  0x0c,  0x00,  0x00,  0x00,  0x00,
  0x00,  0x00,  0x00,  0xe2,  0x00,  0x00,  0x00,  0x00,  0x00,  0x00,  0x00,  0x00,
  0x00,  0x00,  0x00,  0x00,  0x00,  0x00,  0x00,  0x00,  0x00,  0x00,  0x00,  0x00,
  0x00,  0x00,  0x00,  0x00,  0x00,  0x00,  0x00,  0x00,  0x00,  0x00,  0x00,  0x00,
  0x00,  0x00,  0x00,  0x00,  0x00,  0x00,  0x00,  0x00,  0x00,  0x00,  0x0f,  0x00,
  0x00,  0x00,  0x00,  0x00,  0x00,  0x00,  0x00,  0x00,  0x00,  0x00,  0x00,  0x00,
  0x00,  0x00,  0x00,  0x00,  0x00,  0x00,  0x00,  0x00,  0x00,  0x00,  0x00,  0x00,
  0x00,  0x0a,  0x00,  0xe3,  0x00,  0x00,  0x00,  0x1a,  0x00,  0xe3,  0x00,  0x00,
  0x00,  0x00,  0x00,  0x00,  0x00,  0xe2,  0x00,  0x00,  0x00,  0x00,  0x00,  0x00,
  0x00,  0x00,  0x00,  0x00,  0x00,  0x00,  0x00,  0x00,  0x00,  0x00,  0x00,  0x00,
  0x00,  0x00,  0x00,  0x00,  0x00,  0x00,  0x00,  0x00,  0x00,  0x00,  0x00,  0xe3,
  0x00,  0x00,  0x00,  0x00,  0x00,  0x00,  0x00,  0x00,  0x00,  0x00,  0x00,  0x00,
  0x00,  0x00,  0x00,  0x00,  0x00,  0x00,  0x00,  0x00,  0x00,  0x00,  0x00,  0x00,
  0x00,  0x00,  0x00,  0x00,  0x00,  0x00,  0x00,  0x00,  0x00,  0x00,  0x00,  0x00,
  0x00,  0x00,  0x00,  0x00,  0x00,  0x00,  0x00,  0x09,  0x00,  0x00,  0x00,  0x00,
  0x00,  0x08,  0x00,  0x00,  0x00,  0x00,  0x00,  0x00,  0x00,  0xe3,  0x00,  0x00,
  0x00,  0x00,  0x00,  0x00,  0x00,  0x00,  0x00,  0x00,  0x00,  0x00,  0x00,  0x00,
  0x00,  0x0e,  0x00,  0x00,  0x00,  0x00,  0x00,  0x00,  0x00,  0x00,  0x00,  0x00,
  0x00,  0x00,  0x00,  0x00,  0x00,  0x00,  0x00,  0x00,  0x00,  0x00,  0x00,  0x00,
  0x00,  0x00,  0x00,  0x00,  0x00,  0x00,  0x00,  0x00,  0x00,  0x00,  0x00,  0x00,
  0x00,  0x00,  0x00,  0x00,  0x00,  0x00,  0x00,  0x00,  0x00,  0x00,  0x00,  0x00,
  0x00,  0x00,  0x00,  0x00,  0x00,  0x00,  0x00,  0x00,  0x00,  0x00,  0x00,  0x4c,
  0x00,  0x00,  0x00,  0x13,  0x00,  0x4e,  0xf5,  0xfb,  0x00,  0x00,  0x00,  0x4b,
  0x00,  0x00,  0x00,  0x16,  0xf3,  0x00,  0x00,  0x00,  0x00,  0x1d,  0x00,  0x00,
  0x00,  0x00,  0x00,  0x00,  0x00,  0x4b,  0xec,  0x00,  0x13,  0x00,  0x00,  0x4e,
  0x27,  0x00,  0x00,  0x1c,  0x00,  0x00,  0x00,  0x00,  0x00,  0x1a,  0x00,  0x00,
  0x00,  0x00,  0x00,  0x00,  0x00,  0x00,  0xe5,  0x00,  0x00,  0x00,  0x00,  0x00,
  0x00,  0x00,  0x00,  0x00,  0x00,  0x00,  0x00,  0x00,  0x00,  0x00,  0xef,  0x00,
  0xef,  0x00,  0x00,  0x00,  0x00,  0x00,  0x00,  0x00,  0x00,  0x00,  0x00,  0x45,
  0x00,  0x00,  0x00,  0x00,  0x00,  0x00,  0x00,  0x00,  0x00,  0x00,  0x00,  0x00,
  0x00,  0x00,  0x00,  0x1a,  0xee,  0x00,  0x00,  0x00,  0x00,  0x00,  0x00,  0x00,
  0xf0,  0x00,  0x00,  0x00,  0x00,  0x00,  0x00,  0x00,  0x00,  0x00,  0xee,  0x00,
  0x00,  0x00,  0x00,  0x00,  0x00,  0x00,  0x00,  0x00,  0xd3,  0x13,  0x00,  0x00,
  0xee,  0x00,  0x00,  0x1a,  0x00,  0x00,  0x00,  0x00,  0x00,  0x00,  0x00,  0x00,
  0x00,  0x00,  0x00,  0x00,  0xf0,  0x50,  0x00,  0x00,  0x00,  0x00,  0x00,  0x4f,
  0x00,  0x00,  0x00,  0x00,  0x00,  0x00,  0x00,  0x00,  0x00,  0x00,  0x00,  0x00,
  0x00,  0x00,  0x00,  0x13,  0x00,  0x00,  0x00,  0x00,  0x00,  0x00,  0x00,  0x00,
  0x00,  0x00,  0x00,  0x00,  0xf5,  0x00,  0x00,  0x00,  0x00,  0x00,  0x00,  0x00,
  0x00,  0x00,  0x00,  0x00,  0x00,  0x00,  0x00,  0xf5,  0x00,  0x00,  0x00,  0x00,
  0x00,  0x00,  0x23,  0x0e,  0x00,  0x00,  0x00,  0x00,  0x00,  0x00,  0x00,  0x00,
  0x00,  0x00,  0x00,  0x00,  0x00,  0x00,  0x00,  0x00,  0x00,  0x00,  0xf1,  0x49,
  0x00,  0x00,  0x00,  0x00,  0x00,  0x00,  0x07,  0x00,  0x00,  0x00,  0x00,  0x00,
  0xfc,  0xf1,  0x00,  0x00,  0x00,  0x00,  0x09,  0x00,  0x00,  0x00,  0xf2,  0x00,
  0x00,  0x00,  0x00,  0x00,  0xf3,  0x00,  0x00,  0x00,  0x00,  0x00,  0xf4,  0x00,
  0xe3,  0x00,  0x00,  0x00,  0x00,  0x00,  0x00,  0x00,  0x23,  0x00,  0x00,  0x46,
  0x00,  0xf9,  0x00,  0x18,  0x00,  0x00,  0x00,  0x00,  0x00,  0x00,  0x00,  0x00,
  0x00,  0x00,  0x00,  0x00,  0x00,  0x00,  0x00,  0x00,  0x00,  0x00,  0x00,  0x00,
  0x00,  0x00,  0x00,  0x00,  0x00,  0x00,  0x00,  0x00,  0x00,  0x1a,  0x00,  0x00,
  0x00,  0x00,  0xf4,  0x00,  0x00,  0x00,  0x00,  0x00,  0x00,  0x00,  0x00,  0x00,
  0x00,  0x00,  0x00,  0x00,  0x00,  0x00,  0x00,  0xf0,  0x00,  0x00,  0x00,  0x00,
  0x00,  0x00,  0x00,  0x00,  0x00,  0x00,  0x00,  0x00,  0x14,  0x00,  0x00,  0x00,
  0x00,  0x00,  0x00,  0x11,  0x00,  0x00,  0x00,  0x00,  0x00,  0x16,  0x00,  0x00,
  0x00,  0x00,  0x00,  0x1a,  0x00,  0x00,  0x00,  0x00,  0x00,  0x00,  0x00,  0x4e,
  0xf7,  0x00,  0x00,  0x00,  0x00,  0x00,  0x00,  0x00,  0x00,  0x00,  0x00,  0x00,
  0xe0,  0x00,  0x00,  0x16,  0x00,  0x00,  0x00,  0x00,  0x00,  0x00,  0x00,  0x00,
  0x00,  0x00,  0x00,  0x00,  0x00,  0x00,  0xe3,  0x00,  0x00,  0x11,  0x00,  0x00,
  0x00,  0x00,  0x00,  0x00,  0x00,  0x00,  0x00,  0x00,  0x00,  0x00,  0xf6,  0x00,
  0x00,  0x00,  0x00,  0x19,  0x00,  0x00,  0x00,  0x00,  0x00,  0x00,  0x00,  0x54,
  0x00,  0x00,  0x00,  0x11,  0x00,  0x00,  0x00,  0x00,  0x00,  0x00,  0x00,  0x51,
  0xda,  0x00,  0x00,  0x1b,  0x00,  0x00,  0x00,  0x00,  0x00,  0x00,  0x00,  0x00,
  0x00,  0x00,  0x00,  0x00,  0x00,  0x00,  0x00,  0x00,  0x00,  0x18,  0x00,  0x00,
  0x00,  0x00,  0x00,  0x00,  0x00,  0x00,  0x00,  0x00,  0x00,  0x00,  0x00,  0x00,
  0xe7,  0x00,  0x00,  0x1a,  0x00,  0x49,  0x00,  0x00,  0x00,  0x00,  0x00,  0x00,
  0x00,  0x00,  0x00,  0x00,  0x00,  0x00,  0x00,  0x00,  0xe5,  0x00,  0x00,  0x00,
  0x00,  0xef,  0x09,  0x00,  0x00,  0x00,  0x01,  0x00,  0x00,  0x00,  0x00,  0x00,
  0x00,  0x00,  0x20,  0x00,  0x00,  0x00,  0xe9,  0x00,  0x00,  0x16,  0x00,  0x00,
  0x00,  0x00,  0x00,  0x18,  0x00,  0x00,  0xf4,  0x00,  0x00,  0x00,  0xf8,  0x00,
  0x00,  0x00,  0x00,  0x00,  0x00,  0x00,  0x00,  0x00,  0x00,  0x00,  0x00,  0x00,
  0x00,  0x00,  0x00,  0x18,  0x00,  0x00,  0x00,  0x00,  0x00,  0x00,  0x00,  0x45,
  0x00,  0x00,  0x00,  0x15,  0x00,  0x00,  0xf5,  0x00,  0x00,  0x11,  0x00,  0x00,
  0xfb,  0x00,  0x00,  0x00,  0x00,  0x00,  0x00,  0x00,  0x00,  0x00,  0x00,  0x00,
  0x00,  0x00,  0x00,  0x00,  0x00,  0x00,  0x00,  0x00,  0x00,  0x00,  0x00,  0x00,
  0x00,  0x00,  0x00,  0x00,  0x00,  0x00,  0x00,  0x00,  0x00,  0x00,  0x00,  0x00,
  0x00,  0xde,  0x00,  0x00,  0x00,  0x00,  0xe2,  0x00,  0x00,  0x00,  0x00,  0x00,
  0x00,  0x00,  0xe3,  0x00,  0x00,  0x00,  0x00,  0x00,  0xe4,  0x00,  0xdb,  0x47,
  0x00,  0x00,  0x00,  0x00,  0x00,  0x00,  0xe0,  0x00,  0xe5,  0x00,  0x00,  0x00,
  0xde,  0x00,  0x00,  0x00,  0x00,  0x00,  0x00,  0x00,  0x00,  0x00,  0x00,  0x00,
  0x00,  0x00,  0x00,  0x00,  0x00,  0x00,  0x00,  0x00,  0x00,  0x00,  0x00,  0x00,
  0x00,  0x00,  0xe1,  0x54,  0xda,  0x00,  0x00,  0x00,  0x00,  0x00,  0x00,  0x3b,
  0xe9,  0x00,  0x00,  0x00,  0x00,  0x40,  0x00,  0x00,  0x00,  0x00,  0x00,  0x00,
  0x00,  0x00,  0x00,  0x00,  0x00,  0x00,  0xe9,  0x00,  0x11,  0x00,  0xe1,  0x00,
  0x00,  0x00,  0x14,  0x00,  0x00,  0x00,  0xe0,  0x00,  0x00,  0x00,  0x00,  0x3d,
  0x00,  0x00,  0x00,  0x00,  0x00,  0x00,  0x00,  0x00,  0x00,  0x00,  0xdb,  0x00,
  0x00,  0x00,  0x00,  0x00,  0x00,  0x00,  0x00,  0x00,  0x00,  0x00,  0xdd,  0x00,
  0x00,  0x00,  0x00,  0x00,  0x00,  0x38,  0x00,  0x00,  0x00,  0x00,  0xdb,  0x3b,
  0x00,  0x00,  0x00,  0x00,  0x00,  0x3c,  0x00,  0x00,  0x00,  0x00,  0x00,  0x00,
  0x00,  0x00,  0x00,  0x00,  0x00,  0x00,  0x00,  0x00,  0x00,  0x00,  0x00,  0x00,
  0x00,  0x00,  0x00,  0x00,  0x00,  0x00,  0xe8,  0x00,  0x1f,  0x00,  0x00,  0x16,
  0x00,  0x03,  0x00,  0x00,  0x00,  0x16,  0xe8,  0x00,  0x00,  0x00,  0x00,  0x00,
  0x00,  0x00,  0x00,  0x00,  0x00,  0x00,  0x00,  0x00,  0x11,  0x00,  0x00,  0x00,
  0x00,  0x00,  0x00,  0x00,  0x00,  0x00,  0x00,  0x00,  0x00,  0x00,  0x00,  0x00,
  0x00,  0x00,  0x00,  0x00,  0x00,  0x00,  0x00,  0x00,  0x00,  0x00,  0x00,  0x00,
  0x00,  0x00,  0x00,  0x00,  0x00,  0x00,  0x00,  0x00,  0x00,  0x00,  0x00,  0x00,
  0x00,  0x00,  0x00,  0x00,  0x00,  0x00,  0x00,  0x00,  0x00,  0x00,  0x00,  0x00,
  0x00,  0x00,  0x00,  0x00,  0x00,  0x00,  0x00,  0x00,  0x00,  0x00,  0x00,  0x31,
  0x00,  0x00,  0x00,  0x00,  0x00,  0x00,  0x00,  0x00,  0x00,  0x00,  0x00,  0x39,
  0xd9,  0x00,  0x00,  0x00,  0x00,  0x32,  0x00,  0x00,  0x00,  0x00,  0x00,  0x00,
  0xeb,  0x00,  0x00,  0x00,  0x03,  0x00,  0x00,  0x00,  0x00,  0x00,  0x00,  0x35,
  0xd9,  0x00,  0xe3,  0x00,  0x00,  0x00,  0x00,  0x05,  0x00,  0x00,  0x00,  0x00,
  0xe3,  0x00,  0x00,  0x00,  0x00,  0x38,  0x00,  0x00,  0x00,  0x00,  0x00,  0x30,
  0x00,  0x00,  0x00,  0x00,  0x00,  0x36,  0x00,  0x00,  0x00,  0x00,  0xdc,  0x00,
  0x00,  0x00,  0x00,  0x00,  0x00,  0x38,  0x00,  0x00,  0x00,  0x00,  0x00,  0x00,
  0x00,  0x00,  0x00,  0x00,  0x00,  0x00,  0x00,  0x00,  0x00,  0x00,  0xdb,  0x36,
  0xd9,  0x00,  0x00,  0x00,  0x00,  0x00,  0x00,  0x00,  0x00,  0x00,  0xd8,  0x00,
  0x00,  0x00,  0x00,  0x00,  0x00,  0x38,  0x00,  0x00,  0x00,  0x00,  0x00,  0x00,
  0xd8,  0x06,  0x00,  0x4b,  0x00,  0x00,  0xe3,  0x00,  0x00,  0x00,  0xd7,  0x00,
  0x00,  0x00,  0x00,  0x00,  0x00,  0x00,  0x00,  0x00,  0x00,  0x00,  0x00,  0x00,
  0x00,  0x00,  0x00,  0x00,  0x00,  0x00,  0xea,  0xe4,  0x00,  0x00,  0x00,  0x00,
  0x00,  0x00,  0x00,  0x00,  0x00,  0x00,  0x00,  0x00,  0x00,  0x00,  0xd3,  0x00,
  0xde,  0x00,  0x2a,  0x00,  0x00,  0x00,  0x00,  0x00,  0x21,  0x00,  0x00,  0x00,
  0x00,  0x00,  0x1d,  0x00,  0x00,  0x00,  0xe6,  0x00,  0x20,  0x00,  0x00,  0x40,
  0xe6,  0x00,  0x00,  0x00,  0x00,  0x00,  0x00,  0x03,  0x00,  0x00,  0xd5,  0x00,
  0xe4,  0x08,  0x00,  0x00,  0x00,  0x3d,  0x00,  0x00,  0x1b,  0x00,  0x00,  0x00,
  0x00,  0x00,  0x00,  0x00,  0x00,  0x00,  0xe0,  0x00,  0x00,  0x00,  0x00,  0x00,
  0xd8,  0x00,  0x00,  0x00,  0x00,  0x2b,  0x00,  0x00,  0x00,  0x00,  0x00,  0x00,
  0x00,  0x00,  0x00,  0x00,  0x00,  0x00,  0x00,  0x00,  0x00,  0x00,  0x00,  0x00,
  0x00,  0x00,  0x00,  0x00,  0x00,  0x00,  0x00,  0x00,  0x00,  0x00,  0x00,  0x00,
  0x00,  0x00,  0x00,  0x00,  0x00,  0x00,  0x00,  0xdf,  0x00,  0x00,  0x00,  0x2a,
  0x00,  0x02,  0x00,  0x00,  0x00,  0x2a,  0x00,  0x00,  0x00,  0x00,  0x00,  0x00,
  0xd9,  0x00,  0x00,  0x00,  0x00,  0x00,  0x00,  0x00,  0x00,  0x00,  0x00,  0x00,
  0x00,  0x00,  0x00,  0x00,  0x00,  0x00,  0x00,  0x00,  0x00,  0x00,  0x00,  0x00,
  0x00,  0xd4,  0x00,  0x00,  0xd9,  0x00,  0x00,  0x00,  0x00,  0xeb,  0x00,  0x00,
  0x00,  0x00,  0x00,  0x00,  0x00,  0x00,  0x00,  0x00,  0x00,  0xbd,  0x00,  0xcf,
  0x00,  0x00,  0x00,  0x00,  0x00,  0x00,  0x00,  0x00,  0x27,  0x00,  0x00,  0xd6,
  0x00,  0x00,  0x31,  0x00,  0x00,  0xd5,  0x00,  0x00,  0x3e,  0x00,  0x00,  0x00,
  0x00,  0x00,  0x2b,  0xb1,  0x00,  0x00,  0x00,  0x00,  0x00,  0x00,  0x00,  0xd4,
  0x00,  0x00,  0x00,  0xbd,  0x00,  0x00,  0x00,  0xd8,  0x00,  0x00,  0x00,  0x00,
  0x00,  0x00,  0x00,  0x00,  0x00,  0x00,  0x00,  0xd5,  0x00,  0x00,  0x00,  0x00,
  0x00,  0xd0,  0x00,  0x00,  0x00,  0x00,  0x00,  0xd6,  0x00,  0x00,  0x00,  0x00,
  0x00,  0xdc,  0x00,  0x00,  0x00,  0x00,  0x00,  0x00,  0x00,  0x00,  0x00,  0xfe,
  0x00,  0x00,  0x00,  0x00,  0x00,  0x00,  0x00,  0x00,  0x00,  0x00,  0x00,  0x00,
  0x00,  0x0a,  0x00,  0x00,  0x00,  0x04,  0x00,  0x0c,  0x00,  0x00,  0x00,  0x00,
  0x00,  0x0a,  0x00,  0x00,  0x00,  0x00,  0x00,  0x01,  0x00,  0xbe,  0x00,  0x0e,
  0x00,  0x00,  0x00,  0x00,  0x00,  0x07,  0x00,  0x00,  0x00,  0x00,  0x00,  0x00,
  0x00,  0x00,  0x00,  0x00,  0x00,  0x00,  0x00,  0x00,  0x00,  0x00,  0x00,  0x00,
  0x00,  0xd8,  0x00,  0x00,  0x00,  0x00,  0x00,  0x00,  0x00,  0x00,  0xe0,  0x00,
  0x00,  0xdc,  0x00,  0x00,  0x00,  0x00,  0x00,  0x00,  0x00,  0x00,  0x00,  0x00,
  0x00,  0x00,  0x00,  0x00,  0xd7,  0x00,  0x00,  0x00,  0x00,  0x00,  0x00,  0xd6,
  0x00,  0x00,  0x00,  0x00,  0x00,  0x00,  0x00,  0xd7,  0x23,  0x00,  0x00,  0xdf,
  0x00,  0x00,  0x00,  0x00,  0xce,  0x00,  0xe2,  0x00,  0x00,  0x00,  0x00,  0x00,
  0x00,  0x00,  0x00,  0x00,  0xcb,  0xe2,  0x00,  0xd4,  0x00,  0x00,  0x00,  0x00,
  0x00,  0xd7,  0x00,  0x00,  0xcf,  0x00,  0x00,  0x00,  0x00,  0xcb,  0x00,  0x00,
  0x00,  0x00,  0x35,  0xcf,  0x00,  0x00,  0x00,  0x00,  0x00,  0x00,  0x00,  0x00,
  0x00,  0x00,  0x00,  0x00,  0x00,  0x00,  0x00,  0x00,  0x00,  0x00,  0x00,  0xdd,
  0x00,  0x00,  0x00,  0x00,  0x00,  0x00,  0x00,  0x00,  0x00,  0xc6,  0x00,  0x00,
  0x00,  0x00,  0x37,  0x00,  0x00,  0x00,  0x00,  0x00,  0x39,  0x00,  0xd5,  0x00,
  0x00,  0xd2,  0x37,  0xcb,  0x00,  0x00,  0x00,  0xd5,  0x00,  0x00,  0xd7,  0x00,
  0x00,  0x00,  0x00,  0xf3,  0x00,  0x00,  0x00,  0x00,  0x00,  0x00,  0x00,  0x00,
  0x00,  0x00,  0x00,  0xf5,  0x00,  0x00,  0x00,  0xd0,  0x1b,  0x00,  0x00,  0x00,
  0x00,  0x00,  0x30,  0x00,  0x00,  0xde,  0x00,  0x00,  0x00,  0x00,  0x00,  0x00,
  0x00,  0x00,  0x00,  0x00,  0x00,  0x00,  0x00,  0x00,  0x00,  0x00,  0xdf,  0x00,
  0x00,  0x00,  0x00,  0x00,  0x00,  0x00,  0x00,  0x00,  0x00,  0x00,  0xe0,  0x00,
  0x00,  0x00,  0x00,  0x00,  0x00,  0x00,  0x00,  0x00,  0x00,  0x00,  0x00,  0x00,
  0x00,  0x00,  0x00,  0x00,  0x00,  0x00,  0x00,  0xda,  0x00,  0x00,  0x00,  0x00,
  0x00,  0x00,  0x00,  0x00,  0x00,  0x00,  0x00,  0x00,  0x00,  0x00,  0x00,  0x00,
  0x00,  0x00,  0x00,  0x00,  0x00,  0xe2,  0x00,  0x00,  0x23,  0x00,  0x00,  0x00,
  0x00,  0x00,  0x00,  0x00,  0x00,  0x00,  0x00,  0x00,  0x00,  0x00,  0xde,  0x00,
  0x00,  0x00,  0x00,  0xf9,  0x00,  0x00,  0x00,  0x00,  0x00,  0x00,  0x00,  0x00,
  0x00,  0x00,  0x00,  0x00,  0x00,  0x00,  0x00,  0xd4,  0x00,  0x00,  0x00,  0x00,
  0x00,  0x00,  0x00,  0x00,  0x00,  0xdd,  0x00,  0x00,  0xf4,  0x00,  0xdc,  0xe0,
  0x00,  0x00,  0x00,  0x00,  0x00,  0xdf,  0x00,  0x00,  0x00,  0x00,  0x00,  0x00,
  0x0a,  0x00,  0x00,  0x00,  0x00,  0xdd,  0x00,  0x00,  0xfa,  0xc9,  0x00,  0xd6,
  0x00,  0x00,  0x09,  0xcd,  0x00,  0x00,  0x00,  0x00,  0x00,  0xcc,  0x09,  0x00,
  0x00,  0x00,  0x00,  0x00,  0x00,  0xce,  0x00,  0x00,  0x00,  0x00,  0x00,  0x00,
  0x00,  0x00,  0x00,  0xcc,  0x00,  0x00,  0x00,  0x00,  0x00,  0x00,  0x00,  0x00,
  0x00,  0x00,  0xf3,  0x00,  0x00,  0xd1,  0x00,  0x00,  0xf5,  0x00,  0x00,  0xd5,
  0x00,  0x00,  0xf2,  0x00,  0x00,  0x00,  0x00,  0x00,  0xf3,  0x00,  0x00,  0x00,
  0x00,  0x00,  0xf2,  0x00,  0x00,  0x00,  0x00,  0x00,  0xe1,  0xf8,  0x00,  0x00,
  0x00,  0x00,  0xdb,  0x00,  0x00,  0x00,  0x00,  0x00,  0x00,  0xfa,  0x00,  0x00,
  0x00,  0x00,  0x00,  0x00,  0x00,  0x00,  0x00,  0x00,  0x00,  0x00,  0x00,  0x00,
  0x00,  0x00,  0x00,  0x00,  0x00,  0x25,  0x00,  0x00,  0xe7,  0x00,  0x00,  0x20,
  0x00,  0x00,  0x1d,  0x00,  0x00,  0x26,  0x00,  0x00,  0x11,  0x00,  0x17,  0x00,
  0x00,  0x00,  0x00,  0x00,  0x00,  0x20,  0x23,  0x00,  0xdd,  0x00,  0x00,  0x19,
  0x28,  0x00,  0xe5,  0x00,  0x00,  0x1e,  0x00,  0x00,  0x00,  0x00,  0x1a,  0x1f,
  0x22,  0x00,  0x00,  0x13,  0x00,  0x00,  0x00,  0xe2,  0x00,  0x15,  0x00,  0x00,
  0x00,  0x00,  0x00,  0x00,  0x12,  0x00,  0x28,  0x00,  0x00,  0x00,  0x00,  0x00,
  0x00,  0x00,  0x00,  0x00,  0x00,  0x00,  0x00,  0x00,  0xe9,  0x00,  0x00,  0x00,
  0x2b,  0x00,  0xea,  0x00,  0x00,  0x00,  0x00,  0x00,  0x00,  0x10,  0x0a,  0x00,
  0x00,  0x00,  0x00,  0x0a,  0x00,  0x00,  0x15,  0x00,  0x00,  0x00,  0x00,  0xf6,
  0x00,  0x00,  0x00,  0x00,  0x00,  0x00,  0x00,  0x00,  0x00,  0x00,  0x00,  0x00,
  0x0c,  0x00,  0x00,  0x00,  0x00,  0x00,  0x16,  0x00,  0x00,  0x00,  0x00,  0x00,
  0x00,  0x00,  0x00,  0x09,  0x00,  0x00,  0x00,  0x00,  0xe6,  0x03,  0x00,  0x00,
  0x00,  0x00,  0x00,  0x00,  0x00,  0x00,  0x00,  0x00,  0x00,  0x00,  0x00,  0x00,
  0x11,  0x00,  0x00,  0x00,  0x00,  0x20,  0x00,  0x00,  0x00,  0x00,  0x00,  0x00,
  0x00,  0x00,  0x00,  0x00,  0x00,  0x00,  0x0f,  0x00,  0x00,  0x05,  0x00,  0x00,
  0x00,  0x00,  0x0b,  0x00,  0x00,  0x00,  0x00,  0x00,  0x00,  0x00,  0x00,  0x1c,
  0x00,  0x1c,  0xfb,  0x00,  0x06,  0x00,  0x00,  0x00,  0x00,  0x0c,  0x00,  0x00,
  0x00,  0x00,  0x00,  0x05,  0x00,  0x00,  0x00,  0x00,  0x00,  0x00,  0x00,  0x25,
  0x00,  0x00,  0x00,  0x00,  0x00,  0x00,  0x00,  0x00,  0xfa,  0x00,  0x00,  0x00,
  0x00,  0x19,  0x12,  0x00,  0x00,  0x2e,  0x23,  0x00,  0xf3,  0xda,  0x00,  0x00,
  0x02,  0x1f,  0xff,  0x00,  0x0f,  0x24,  0x21,  0x00,  0x00,  0x00,  0x11,  0x1e,
  0x00,  0xef,  0x00,  0x07,  0x0a,  0x00,  0xff,  0x14,  0x17,  0x07,  0x00,  0x00,
  0x1d,  0x00,  0x00,  0x00,  0x00,  0x00,  0x00,  0xe2,  0x00,  0x00,  0x00,  0x00,
  0x00,  0x00,  0x0e,  0x00,  0x00,  0x00,  0x21,  0xef,  0x10,  0x00,  0x00,  0xf6,
  0x00,  0x00,  0x00,  0x00,  0x00,  0x00,  0x24,  0x00,  0x00,  0x00,  0x00,  0x00,
  0x22,  0xf8,  0x00,  0x01,  0x00,  0x00,  0x00,  0x00,  0x1b,  0x00,  0x00,  0x00,
  0x00,  0x00,  0x00,  0x00,  0x00,  0x00,  0x22,  0x00,  0x00,  0x00,  0x00,  0x00,
  0x00,  0x00,  0x2d,  0x00,  0x00,  0x00,  0x00,  0x00,  0x00,  0x00,  0x00,  0x00,
  0x00,  0x00,  0x00,  0x00,  0x00,  0x00,  0x00,  0x00,  0x00,  0x00,  0x00,  0x00,
  0x00,  0x00,  0x00,  0x00,  0x09,  0x00,  0x00,  0x00,  0x18,  0x00,  0x00,  0x00,
  0x00,  0x00,  0x00,  0x00,  0x0e,  0x00,  0x00,  0x00,  0x00,  0x00,  0x00,  0x00,
  0x00,  0x00,  0x00,  0x00,  0x00,  0x1d,  0x00,  0x00,  0x00,  0x02,  0x00,  0x1f,
  0x00,  0x00,  0x00,  0x00,  0x00,  0x00,  0x1c,  0x00,  0x06,  0xff,  0x00,  0x00,
  0x00,  0x00,  0x00,  0x00,  0x00,  0x00,  0x00,  0x00,  0x00,  0x00,  0x00,  0x23,
  0x2e,  0x00,  0xea,  0x00,  0x00,  0x00,  0x00,  0xe5,  0x11,  0x00,  0x00,  0x25,
  0x00,  0x00,  0x00,  0x04,  0x04,  0x00,  0x00,  0x00,  0x00,  0x00,  0x08,  0x21,
  0x00,  0x00,  0xd4,  0x00,  0x00,  0x2d,  0x00,  0x00,  0x00,  0x00,  0x00,  0x26,
  0x00,  0x00,  0x00,  0x08,  0x00,  0x00,  0x00,  0x00,  0xe5,  0x01,  0x00,  0x00,
  0x00,  0x00,  0xf1,  0x0b,  0x00,  0x00,  0x1f,  0x00,  0x00,  0x00,  0x00,  0x00,
  0x00,  0x00,  0x00,  0x07,  0x00,  0x25,  0x00,  0x15,  0x00,  0x00,  0x00,  0x00,
  0x24,  0x00,  0x00,  0x00,  0x00,  0x2a,  0x01,  0x00,  0x00,  0x00,  0x00,  0x22,
  0x00,  0x17,  0x00,  0x00,  0x07,  0x26,  0x00,  0x00,  0x00,  0xd2,  0x00,  0x00,
  0x00,  0x00,  0x00,  0x00,  0x00,  0x00,  0x00,  0x00,  0x00,  0x00,  0x00,  0x00,
  0x00,  0x00,  0x00,  0x00,  0x00,  0x00,  0x00,  0x00,  0x00,  0x00,  0x00,  0x22,
  0x19,  0x00,  0xfa,  0x00,  0x00,  0x00,  0x00,  0x00,  0x00,  0x0f,  0x00,  0x00,
  0x00,  0x00,  0x00,  0x00,  0x00,  0x00,  0x00,  0x00,  0x00,  0x0b,  0x00,  0x00,
  0x1d,  0xed,  0xf3,  0x13,  0x00,  0x00,  0x00,  0xe6,  0x00,  0x0e,  0x00,  0x00,
  0x26,  0x00,  0xf1,  0x00,  0x00,  0x00,  0x00,  0x00,  0x00,  0x00,  0x00,  0x00,
  0x00,  0x00,  0xe8,  0x00,  0x00,  0x22,  0x22,  0x00,  0x00,  0x08,  0x00,  0x00,
  0x00,  0x00,  0x00,  0x06,  0x00,  0x00,  0x00,  0x00,  0x00,  0x00,  0x00,  0x00,
  0x00,  0x00,  0x00,  0x0a,  0x11,  0x00,  0x00,  0x00,  0x0b,  0x00,  0x00,  0x00,
  0x00,  0x00,  0x00,  0x00,  0x00,  0x1a,  0x00,  0x05,  0x00,  0x00,  0x0e,  0x18,
  0x00,  0x00,  0x00,  0x00,  0x00,  0x00,  0x00,  0xe1,  0x00,  0x00,  0x00,  0x1d,
  0x00,  0x00,  0xfe,  0x00,  0x00,  0x1e,  0x09,  0x00,  0xf6,  0x00,  0x00,  0x38,
  0x00,  0x00,  0x00,  0x00,  0x00,  0x00,  0x00,  0x00,  0x00,  0x00,  0xe3,  0x24,
  0x00,  0x00,  0x00,  0x37,  0xe2,  0x00,  0x24,  0x00,  0x00,  0x4a,  0x00,  0x00,
  0x00,  0x00,  0x00,  0x00,  0x00,  0x00,  0x00,  0x00,  0x00,  0x00,  0x00,  0x00,
  0x00,  0xdc,  0x00,  0x00,  0xe2,  0x00,  0x03,  0x00,  0x00,  0x00,  0xda,  0x00,
  0x00,  0x00,  0x00,  0x00,  0x00,  0x00,  0x00,  0xdb,  0x00,  0x00,  0x00,  0x00,
  0x00,  0x00,  0x00,  0x00,  0x00,  0x00,  0x00,  0x00,  0xf0,  0x00,  0x00,  0x00,
  0x00,  0x00,  0xf5,  0x01,  0x00,  0x00,  0x00,  0xfe,  0x00,  0xfd,  0x00,  0x1d,
  0x00,  0x00,  0x00,  0x00,  0x00,  0x00,  0x00,  0x00,  0x00,  0x00,  0x0d,  0x1b,
  0x00,  0x00,  0x00,  0x00,  0x00,  0x00,  0x00,  0xe6,  0x00,  0x30,  0x00,  0x00,
  0x00,  0x00,  0x00,  0x00,  0x1a,  0x11,  0x00,  0xe4,  0x00,  0x00,  0x17,  0x00,
  0x00,  0xe2,  0x00,  0x00,  0x16,  0x00,  0x2a,  0x00,  0x00,  0x00,  0x00,  0x0b,
  0x00,  0x00,  0xf4,  0x3d,  0x00,  0x00,  0x00,  0x0f,  0xec,  0x00,  0x00,  0x00,
  0x2f,  0x06,  0xe9,  0x00,  0x00,  0x08,  0x00,  0x00,  0x00,  0x47,  0x00,  0x00,
  0x00,  0x00,  0x00,  0x2c,  0x00,  0x00,  0x00,  0x00,  0x00,  0x45,  0xed,  0x00,
  0x00,  0x00,  0x00,  0x00,  0x00,  0x00,  0x00,  0x00,  0xf7,  0x00,  0xe7,  0x00,
  0x00,  0x00,  0x00,  0x52,  0x00,  0x00,  0x00,  0x00,  0xdc,  0x49,  0x00,  0x00,
  0x00,  0x00,  0xca,  0x51,  0x00,  0x00,  0x22,  0x00,  0x00,  0x2f,  0x00,  0x1d,
  0x00,  0x00,  0x00,  0x2e,  0x19,  0x1c,  0x00,  0x00,  0x00,  0x29,  0x00,  0x00,
  0x00,  0x00,  0x00,  0x00,  0x00,  0x1d,  0x00,  0x00,  0x00,  0x00,  0x00,  0x00,
  0x00,  0x00,  0x00,  0x00,  0x00,  0x00,  0x2b,  0x00,  0x00,  0x2a,  0x00,  0x00,
  0x00,  0x00,  0xce,  0x00,  0x00,  0x00,  0x29,  0x00,  0x00,  0x00,  0x00,  0x00,
  0x00,  0xdb,  0x00,  0x00,  0x00,  0x00,  0x00,  0x00,  0x00,  0x00,  0x00,  0x00,
  0x29,  0xe1,  0x00,  0x00,  0x00,  0x00,  0x00,  0xe2,  0x00,  0x00,  0x00,  0x00,
  0x00,  0x00,  0x00,  0x00,  0x00,  0x00,  0x00,  0xe4,  0x00,  0xed,  0x15,  0x00,
  0x00,  0x00,  0xcf,  0xe7,  0x1f,  0x00,  0x00,  0x00,  0xe1,  0xef,  0x26,  0x00,
  0x00,  0x00,  0xd9,  0xff,  0x00,  0x00,  0x00,  0x00,  0xcc,  0x00,  0x16,  0x00,
  0x00,  0x00,  0xce,  0x00,  0x00,  0x00,  0x00,  0x00,  0xd3,  0x00,  0x00,  0x00,
  0x00,  0x00,  0xd7,  0x00,  0x00,  0xf2,  0x00,  0x00,  0xc7,  0x00,  0x00,  0x00,
  0x00,  0x00,  0xd7,  0x00,  0x00,  0x00,  0x24,  0x00,  0x00,  0x00,  0x00,  0x00,
  0x00,  0x00,  0xce,  0x00,  0x00,  0x00,  0x27,  0x17,  0xeb,  0x00,  0x00,  0x00,
  0x23,  0x08,  0xd4,  0x00,  0x00,  0x00,  0x00,  0x09,  0xe5,  0x33,  0x00,  0x19,
  0x23,  0x0e,  0xe0,  0x33,  0xe8,  0x00,  0x00,  0x00,  0x00,  0x44,  0x00,  0x00,
  0x00,  0x00,  0x00,  0x35,  0xee,  0x1b,  0x00,  0x00,  0x00,  0x4d,  0x00,  0x00,
  0x00,  0x00,  0x00,  0x47,  0xec,  0x00,  0x00,  0x00,  0xdd,  0x55,  0x00,  0x00,
  0x00,  0xe6,  0xe3,  0x4d,  0x00,  0x00,  0x1f,  0x00,  0x00,  0x39,  0x00,  0x00,
  0x00,  0x00,  0x00,  0x35,  0x00,  0x2b,  0x00,  0x00,  0xc5,  0x00,  0x00,  0x31,
  0x29,  0x00,  0x00,  0x2c,  0xeb,  0x00,  0x00,  0x00,  0x00,  0x33,  0x00,  0x22,
  0x34,  0x00,  0x00,  0x38,  0x00,  0x00,  0x00,  0x00,  0x00,  0x00,  0x00,  0x00,
  0x00,  0x00,  0x00,  0x00,  0x00,  0x00,  0x33,  0xe4,  0x00,  0x00,  0x00,  0x00,
  0x00,  0x00,  0x00,  0xf9,  0x00,  0x00,  0x00,  0x00,  0x00,  0x00,  0x00,  0x00,
  0x25,  0x00,  0x00,  0xf8,  0x1c,  0x26,  0x00,  0x00,  0x00,  0xef,  0x20,  0x00,
  0x00,  0x00,  0x00,  0x00,  0x00,  0x00,  0x00,  0x00,  0x00,  0xfa,  0x00,  0x00,
  0x00,  0x0a,  0x00,  0xfc,  0x00,  0x00,  0x00,  0x00,  0x00,  0x00,  0x18,  0x00,
  0x00,  0x00,  0x00,  0x00,  0x13,  0xf4,  0x00,  0x00,  0x00,  0x00,  0x00,  0xe9,
  0x00,  0x00,  0xdf,  0x2f,  0x20,  0x00,  0x00,  0x00,  0xec,  0x2d,  0x18,  0x00,
  0x00,  0x00,  0xeb,  0x00,  0x00,  0x00,  0x00,  0x00,  0xe0,  0x00,  0x00,  0x00,
  0x00,  0x00,  0xe6,  0x00,  0x00,  0x2a,  0x00,  0x00,  0xdf,  0x00,  0x00,  0x25,
  0x00,  0x00,  0xf7,  0x00,  0x00,  0x00,  0x00,  0x00,  0xff,  0x00,  0x00,  0x00,
  0x00,  0x00,  0xf5,  0x00,  0x00,  0x00,  0x00,  0x00,  0xf4,  0x2f,  0x00,  0x00,
  0xfe,  0x00,  0xe7,  0x26,  0x00,  0x00,  0x00,  0x00,  0xec,  0x2b,  0xef,  0x00,
  0x00,  0xed,  0xea,  0x3f,  0x00,  0x00,  0x00,  0xf1,  0x00,  0x2a,  0x00,  0x17,
  0x00,  0x00,  0xeb,  0x34,  0xeb,  0x00,  0x00,  0x00,  0xe4,  0x25,  0xe8,  0x00,
  0x00,  0x00,  0xec,  0x31,  0x00,  0x00,  0x00,  0x00,  0xe6,  0x31,  0x00,  0x00,
  0x00,  0x00,  0x00,  0x00,  0x00,  0x00,  0x00,  0x00,  0x11,  0x25,  0x00,  0x00,
  0x00,  0x00,  0x0c,  0x2e,  0xee,  0x00,  0x00,  0x00,  0x1d,  0x00,  0x00,  0xed,
  0x00,  0xf0,  0x2c,  0x00,  0x00,  0x00,  0x00,  0xf2,  0x37,  0x00,  0x00,  0x00,
  0x00,  0x00,  0x00,  0x00,  0x00,  0xe7,  0x00,  0x00,  0x00,  0x00,  0x00,  0x00,
  0x00,  0x00,  0x20,  0x00,  0x00,  0xe8,  0x00,  0x00,  0x1f,  0x29,  0x00,  0x00,
  0x00,  0x00,  0x1d,  0x00,  0x00,  0xe3,  0x00,  0x00,  0x29,  0x00,  0x00,  0x00,
  0x00,  0x00,  0x25,  0x00,  0x00,  0xe0,  0x00,  0x00,  0x29,  0x00,  0x00,  0xea,
  0x00,  0x00,  0x00,  0x00,  0x00,  0x00,  0x00,  0x00,  0x00,  0x23,  0x00,  0xef,
  0x00,  0x00,  0x00,  0x25,  0x00,  0x00,  0x11,  0x00,  0x00,  0x00,  0x00,  0x00,
  0x00,  0x00,  0x00,  0x28,  0x00,  0x00,  0x00,  0x00,  0x00,  0x00,  0x00,  0x00,
  0x00,  0x00,  0x00,  0x32,  0x00,  0x00,  0x00,  0x00,  0x00,  0x00,  0x00,  0x00,
  0x01,  0x00,  0x00,  0x2f,  0x00,  0x00,  0x08,  0x00,  0x00,  0x21,  0x00,  0x00,
  0x05,  0x00,  0x00,  0x00,  0x00,  0x00,  0x00,  0x00,  0x00,  0x38,  0x00,  0x00,
  0x09,  0x00,  0xec,  0x00,  0x00,  0x00,  0x00,  0x00,  0xe2,  0x00,  0xf2,  0x00,
  0x00,  0xea,  0xdf,  0x3e,  0xef,  0x00,  0x00,  0x00,  0xe8,  0x2f,  0x00,  0x00,
  0x00,  0x00,  0xe4,  0x26,  0x00,  0x00,  0x02,  0x00,  0xe6,  0x20,  0x00,  0x00,
  0x00,  0x00,  0xe1,  0x27,  0x00,  0x00,  0x00,  0x00,  0x00,  0x2c,  0x00,  0x00,
  0x00,  0x00,  0xdb,  0x30,  0x00,  0x00,  0x00,  0x00,  0x00,  0x2a,  0x00,  0xec,
  0x00,  0x00,  0x00,  0x00,  0x00,  0xea,  0x00,  0x00,  0x00,  0x27,  0x00,  0x00,
  0x00,  0x00,  0x00,  0x00,  0x00,  0x00,  0x00,  0x14,  0x00,  0x00,  0x00,  0xe9,
  0x00,  0x00,  0x00,  0x00,  0x00,  0xeb,  0x00,  0x00,  0x00,  0x2a,  0x00,  0x00,
  0x00,  0x00,  0x00,  0x2c,  0x00,  0x00,  0x00,  0x00,  0x00,  0x00,  0x00,  0xe9,
  0x00,  0x00,  0x00,  0x2e,  0x00,  0x00,  0x00,  0x00,  0x00,  0x00,  0xf1,  0x00,
  0x00,  0x00,  0x00,  0x00,  0x00,  0x00,  0x0a,  0x00,  0xe7,  0x00,  0x00,  0x00,
  0x00,  0x00,  0x00,  0x21,  0x00,  0x00,  0x00,  0x00,  0x00,  0x00,  0x00,  0x00,
  0x00,  0x00,  0x00,  0x00,  0x00,  0x14,  0x00,  0x00,  0x00,  0x00,  0x00,  0x00,
  0x00,  0xf0,  0x00,  0x00,  0x00,  0xee,  0x00,  0xed,  0x00,  0x28,  0x17,  0xf1,
  0x00,  0x00,  0x00,  0x00,  0x00,  0x00,  0x00,  0x00,  0xdd,  0x00,  0x00,  0x00,
  0x00,  0x00,  0xe8,  0x26,  0x00,  0x00,  0x00,  0x00,  0x00,  0x00,  0x00,  0x00,
  0x00,  0x00,  0xee,  0x30,  0x00,  0x00,  0x07,  0x00,  0x00,  0x00,  0x00,  0x00,
  0x00,  0x00,  0x00,  0x34,  0x00,  0x17,  0x00,  0x00,  0x11,  0x2f,  0x00,  0x00,
  0x00,  0x00,  0x00,  0x00,  0xed,  0x00,  0x09,  0x00,  0x00,  0x00,  0x00,  0x00,
  0x00,  0xf4,  0x00,  0x00,  0xed,  0x00,  0x00,  0x00,  0x00,  0x34,  0x00,  0x00,
  0x00,  0x00,  0x00,  0x25,  0x00,  0x00,  0x08,  0x00,  0x00,  0x2c,  0x00,  0x00,
  0x00,  0x00,  0x00,  0x00,  0x00,  0x00,  0x00,  0x00,  0x00,  0x2b,  0x00,  0x00,
  0x0f,  0x00,  0x00,  0x00,  0x00,  0x00,  0x00,  0x00,  0x00,  0x38,  0x00,  0x16,
  0x00,  0xf0,  0x00,  0x43,  0x00,  0x00,  0x00,  0x00,  0x0f,  0x38,  0x00,  0x00,
  0x00,  0x00,  0x00,  0x2f,  0x00,  0x00,  0x00,  0x00,  0x00,  0x29,  0x00,  0x00,
  0x00,  0x00,  0x00,  0x40,  0x00,  0x00,  0x00,  0x00,  0x00,  0x00,  0x00,  0x00,
  0x00,  0x00,  0x00,  0x2c,  0x00,  0x00,  0x00,  0x00,  0x00,  0x39,  0x00,  0x00,
  0x00,  0x00,  0x00,  0x32,  0x00,  0x00,  0x00,  0x00,  0x00,  0x28,  0x00,  0x00,
  0x00,  0x00,  0x23,  0x00,  0x19,  0x00,  0x00,  0x00,  0x00,  0x00,  0x00,  0x00,
  0x00,  0x00,  0x00,  0x00,  0x00,  0x00,  0x00,  0x00,  0x00,  0x00,  0x00,  0xf3,
  0x00,  0x00,  0x00,  0x00,  0x00,  0x00,  0x00,  0x00,  0x00,  0x24,  0x00,  0x00,
  0x00,  0x00,  0x00,  0x00,  0x00,  0xe3,  0x00,  0x00,  0x00,  0x00,  0x00,  0xed,
  0x00,  0x00,  0xfb,  0xad,  0x00,  0x00,  0x00,  0xf1,  0xe8,  0xa0,  0x00,  0x00,
  0x00,  0xf9,  0xeb,  0xa7,  0x00,  0x00,  0x00,  0x00,  0x00,  0x98,  0x00,  0x00,
  0x00,  0x00,  0x00,  0x8e,  0x00,  0x00,  0x00,  0x00,  0x00,  0x90,  0x00,  0x00,
  0x00,  0x00,  0x00,  0x99,  0x00,  0x00,  0x00,  0x00,  0x00,  0xa1,  0x1c,  0x00,
  0x00,  0x00,  0x00,  0x9f,  0x00,  0x00,  0x00,  0x00,  0x00,  0x89,  0x1d,  0x00,
  0x00,  0x00,  0x00,  0x93,  0x18,  0x00,  0xde,  0x00,  0x00,  0x00,  0x00,  0x00,
  0xd9,  0x00,  0x12,  0x00,  0x10,  0x00,  0x00,  0x00,  0x00,  0x00,  0x00,  0x00,
  0x00,  0x00,  0x00,  0x00,  0xe3,  0x00,  0x00,  0x00,  0xe4,  0x00,  0xe4,  0x00,
  0x00,  0x00,  0x00,  0x00,  0x00,  0x00,  0x00,  0x00,  0x00,  0x00,  0xe4,  0x00,
  0x00,  0x00,  0x00,  0x00,  0xe4,  0xfd,  0x00,  0x00,  0x00,  0x00,  0x00,  0x00,
  0x00,  0x00,  0x00,  0x00,  0x00,  0x00,  0x00,  0x00,  0x00,  0x00,  0xde,  0x00,
  0x00,  0x00,  0x00,  0xa2,  0xd8,  0x00,  0x00,  0x00,  0xe0,  0xb2,  0xd4,  0x00,
  0x00,  0x00,  0x00,  0x00,  0x00,  0x00,  0x00,  0xec,  0x00,  0xa9,  0x00,  0x00,
  0x00,  0x00,  0x03,  0x00,  0x00,  0x00,  0x00,  0x00,  0x00,  0x00,  0x00,  0xfa,
  0x00,  0x00,  0x00,  0x00,  0x00,  0x00,  0x00,  0x00,  0x00,  0x00,  0x00,  0x00,
  0x00,  0x00,  0x00,  0x00,  0x00,  0x00,  0x00,  0x00,  0x00,  0xa6,  0x00,  0x03,
  0x00,  0xed,  0x09,  0x00,  0x00,  0xf8,  0x00,  0xe0,  0x00,  0xa2,  0x00,  0x00,
  0x00,  0x00,  0x00,  0x00,  0x00,  0x00,  0x00,  0x00,  0x00,  0xae,  0x00,  0xfd,
  0x00,  0x00,  0x07,  0xac,  0x00,  0x00,  0x00,  0x00,  0x02,  0xa9,  0x00,  0x00,
  0x00,  0x00,  0x00,  0x00,  0x00,  0x00,  0x00,  0x00,  0x00,  0x9a,  0x08,  0x00,
  0x00,  0x00,  0x00,  0x8b,  0x00,  0x00,  0x00,  0x00,  0x2d,  0x88,  0x00,  0x2b,
  0x00,  0x00,  0x00,  0x91,  0x00,  0x00,  0x00,  0x1c,  0x00,  0x87,  0x00,  0x26,
  0x00,  0x16,  0x00,  0x96,  0x00,  0x1f,  0x00,  0x00,  0x00,  0x83,  0x00,  0x23,
  0x00,  0x1e,  0x00,  0x81,  0x00,  0x2b,  0xd0,  0x17,  0x00,  0x88,  0x00,  0x00,
  0x00,  0x00,  0x2c,  0x00,  0x0c,  0x00,  0x00,  0x00,  0x28,  0x00,  0x00,  0x00,
  0xdd,  0x00,  0x24,  0x00,  0xd8,  0x00,  0x00,  0x00,  0x00,  0x00,  0xda,  0x00,
  0x00,  0xee,  0x00,  0x00,  0xda,  0x00,  0x00,  0xf1,  0x00,  0xa1,  0xd7,  0x00,
  0x00,  0x00,  0x00,  0x9f,  0xe3,  0x25,  0x00,  0xe9,  0x00,  0x00,  0x00,  0x00,
  0x00,  0xed,  0x00,  0x00,  0xe3,  0x00,  0x00,  0xe9,  0x00,  0x00,  0x00,  0x00,
  0x00,  0x00,  0x00,  0xa2,  0x00,  0x1f,  0x00,  0x00,  0x00,  0xa9,  0x00,  0x00,
  0x00,  0x00,  0x00,  0x00,  0xdb,  0x00,  0x00,  0x00,  0x01,  0x00,  0x00,  0xfa,
  0x00,  0x00,  0x09,  0x00,  0x00,  0x00,  0x00,  0x00,  0x00,  0x00,  0x00,  0x00,
  0x00,  0x00,  0x00,  0x00,  0x00,  0xf2,  0xd8,  0x00,  0x00,  0xa2,  0x00,  0xf0,
  0x00,  0x00,  0x00,  0x93,  0x00,  0x00,  0x00,  0x00,  0x00,  0xaa,  0x00,  0x00,
  0x00,  0x00,  0x00,  0x00,  0x00,  0xe9,  0x00,  0x00,  0x0f,  0x00,  0x00,  0xf2,
  0x00,  0x00,  0x2f,  0x00,  0x00,  0xed,  0x00,  0x00,  0x00,  0xaf,  0x00,  0xdd,
  0x00,  0x00,  0x00,  0x9b,  0x00,  0xe2,  0x00,  0x00,  0x00,  0x8b,  0xe3,  0x00,
  0x00,  0x00,  0x00,  0x92,  0x00,  0x00,  0x00,  0x00,  0x00,  0x9f,  0x00,  0x00,
  0x00,  0x00,  0x00,  0x99,  0x00,  0x1e,  0x00,  0x00,  0x00,  0xac,  0x00,  0x1e,
  0x00,  0x00,  0x00,  0x96,  0x00,  0x00,  0x00,  0x00,  0x00,  0x9e,  0x00,  0x1c,
  0x00,  0x00,  0x00,  0x90,  0x00,  0x00,  0x00,  0x00,  0x00,  0x9b,  0x00,  0x28,
  0x00,  0x00,  0xed,  0xab,  0x00,  0x25,  0x00,  0x00,  0xf2,  0x9c,  0x00,  0x1c,
  0x00,  0x00,  0x00,  0x00,  0x00,  0x23,  0x00,  0x00,  0x00,  0x00,  0x00,  0x1f,
  0x00,  0x00,  0xe7,  0x00,  0x00,  0x24,  0x00,  0x00,  0x00,  0xa8,  0x00,  0x2e,
  0x00,  0xf3,  0x00,  0x00,  0x00,  0x00,  0xdc,  0xf7,  0x12,  0x00,  0x00,  0x2a,
  0x00,  0xf7,  0x00,  0x9b,  0x00,  0x00,  0x00,  0x00,  0x00,  0xa8,  0x00,  0x00,
  0x00,  0x00,  0x00,  0xb3,  0x00,  0x00,  0x00,  0x00,  0x00,  0xb4,  0x00,  0x00,
  0x00,  0x00,  0x00,  0xb2,  0xe6,  0x00,  0x00,  0x00,  0x00,  0xb5,  0x00,  0x00,
  0x00,  0x00,  0xf7,  0x00,  0x00,  0x00,  0xe8,  0x00,  0x05,  0x00,  0x00,  0x00,
  0x00,  0x00,  0x00,  0xd8,  0x00,  0x00,  0x00,  0x00,  0x00,  0xdc,  0x00,  0x04,
  0x00,  0x00,  0x00,  0x00,  0x00,  0x00,  0x00,  0x00,  0x00,  0x00,  0x00,  0x00,
  0x00,  0x00,  0x00,  0x00,  0x00,  0x00,  0x00,  0x00,  0x00,  0x00,  0x00,  0x00,
  0x00,  0x00,  0x00,  0x00,  0x12,  0x00,  0x00,  0x00,  0x00,  0x00,  0x00,  0x2d,
  0x00,  0x00,  0x00,  0xe2,  0x00,  0x35,  0x1c,  0x00,  0x00,  0xdf,  0x00,  0x3d,
  0x00,  0x00,  0x00,  0xe0,  0x15,  0x39,  0x00,  0x00,  0x00,  0xcd,  0x00,  0x38,
  0x00,  0x00,  0x00,  0x00,  0x00,  0x00,  0x00,  0x00,  0x00,  0x00,  0x00,  0x30,
  0x0b,  0x00,  0xee,  0xd7,  0x00,  0x36,  0x00,  0x00,  0x00,  0x00,  0x00,  0x00,
  0x00,  0x00,  0x00,  0x00,  0x00,  0x00,  0x1c,  0x00,  0x00,  0x12,  0x13,  0x30,
  0x17,  0xe9,  0x00,  0x07,  0x00,  0x00,  0x00,  0x00,  0x00,  0x10,  0x00,  0x00,
  0x00,  0x00,  0xf7,  0x10,  0x00,  0x3a,  0x00,  0x00,  0x00,  0x00,  0x00,  0x2f,
  0x16,  0xf0,  0x00,  0x00,  0x00,  0x00,  0x00,  0x00,  0x00,  0x00,  0xe1,  0x35,
  0x10,  0x00,  0x00,  0x00,  0xe3,  0x34,  0x00,  0x00,  0x00,  0x00,  0x00,  0x00,
  0x00,  0x00,  0x07,  0x00,  0x00,  0x00,  0x00,  0x00,  0x05,  0x00,  0x00,  0x33,
  0x00,  0x00,  0x00,  0xce,  0x00,  0x46,  0x00,  0x00,  0x00,  0x00,  0x00,  0x3b,
  0x00,  0x00,  0xfd,  0xd0,  0x00,  0x41,  0x00,  0x00,  0x00,  0x00,  0x00,  0x43,
  0x00,  0x00,  0x00,  0xc6,  0x00,  0x44,  0x00,  0x00,  0x00,  0x00,  0x09,  0x00,
  0x00,  0x00,  0x00,  0x00,  0x00,  0x00,  0x00,  0x00,  0x00,  0x00,  0x00,  0x00,
  0x00,  0x00,  0x00,  0xce,  0x0f,  0x00,  0x00,  0x00,  0x00,  0x00,  0x00,  0x00,
  0x0d,  0x00,  0x00,  0x00,  0x0d,  0x00,  0x00,  0x00,  0x00,  0x00,  0x00,  0x00,
  0x00,  0xf0,  0x00,  0x00,  0x00,  0x00,  0x00,  0x00,  0x00,  0x00,  0x00,  0x00,
  0x00,  0xf1,  0x00,  0x00,  0x00,  0x00,  0x00,  0x00,  0x00,  0x00,  0x00,  0x34,
  0x00,  0x00,  0x00,  0xd4,  0xe3,  0x36,  0x00,  0x00,  0x00,  0xd0,  0x00,  0x35,
  0x00,  0x00,  0x00,  0xd5,  0x00,  0x41,  0x00,  0x00,  0x00,  0x00,  0x00,  0x44,
  0x00,  0x00,  0x00,  0xcf,  0x00,  0x00,  0x00,  0x00,  0x00,  0x00,  0x00,  0x55,
  0x00,  0x00,  0x00,  0x00,  0x00,  0x38,  0x00,  0x00,  0x00,  0x00,  0x00,  0x46,
  0x00,  0x00,  0x00,  0x00,  0x00,  0x4a,  0x14,  0xf1,  0x00,  0x00,  0x00,  0x4b,
  0x00,  0x00,  0x00,  0x00,  0x00,  0x3f,  0x00,  0x00,  0x00,  0x00,  0x00,  0x00,
  0x00,  0x00,  0x00,  0x00,  0x00,  0x00,  0x00,  0xf1,  0x00,  0x00,  0x00,  0x3e,
  0x00,  0xec,  0x00,  0x05,  0x00,  0x44,  0x15,  0x00,  0x00,  0x00,  0xdc,  0x00,
  0x00,  0xf0,  0x00,  0x00,  0x00,  0x36,  0x00,  0x00,  0x09,  0x00,  0x00,  0x00,
  0x00,  0x00,  0x0b,  0x00,  0x00,  0x00,  0x00,  0x00,  0x00,  0x00,  0x00,  0x30,
  0x00,  0x00,  0x00,  0xc9,  0x00,  0x3b,  0x00,  0x00,  0x00,  0x00,  0x00,  0x3b,
  0x00,  0x00,  0x00,  0xcb,  0x00,  0x3d,  0x00,  0x00,  0x00,  0x00,  0x00,  0x00,
  0x00,  0x00,  0x00,  0xbf,  0x00,  0x00,  0x00,  0x00,  0x07,  0xc9,  0x00,  0x00,
  0x00,  0x00,  0xf4,  0xb4,  0x00,  0x00,  0x00,  0x00,  0xf8,  0xba,  0x14,  0x00,
  0x00,  0x00,  0x00,  0xbf,  0x00,  0x00,  0x10,  0x00,  0x00,  0x00,  0x00,  0x00,
  0x00,  0x00,  0x00,  0x00,  0x00,  0x00,  0x00,  0x00,  0x00,  0x00,  0x00,  0xff,
  0x01,  0x00,  0x00,  0x00,  0x00,  0x00,  0x00,  0x00,  0x00,  0x00,  0x00,  0x00,
  0x00,  0x00,  0x00,  0x00,  0x0c,  0x00,  0x00,  0x00,  0x00,  0x00,  0x00,  0x00,
  0x00,  0x00,  0xdf,  0x00,  0x00,  0x00,  0x00,  0x00,  0xe9,  0x00,  0x00,  0x00,
  0x00,  0x00,  0xf6,  0x00,  0x00,  0x00,  0x00,  0x00,  0xf1,  0x00,  0x00,  0x31,
  0x00,  0x00,  0xe8,  0xc8,  0x00,  0x00,  0x00,  0x00,  0xef,  0x00,  0x00,  0x4b,
  0x00,  0x00,  0x00,  0xc7,  0x00,  0x3d,  0x00,  0x00,  0x00,  0xca,  0x00,  0x35,
  0x00,  0xec,  0x00,  0x00,  0x0f,  0x3e,  0x00,  0x00,  0x00,  0x00,  0x00,  0x4c,
  0x00,  0x00,  0xe5,  0x00,  0x00,  0x00,  0x10,  0x00,  0xe4,  0x00,  0x0e,  0x35,
  0x11,  0x00,  0xeb,  0x00,  0x00,  0x3a,  0x00,  0x00,  0xe4,  0x00,  0x00,  0x00,
  0x00,  0x00,  0x00,  0x00,  0x00,  0x00,  0x00,  0x00,  0xdc,  0x00,  0x00,  0x00,
  0x00,  0x00,  0x00,  0x00,  0xe3,  0x2c,  0x00,  0x00,  0x00,  0x00,  0xe2,  0x00,
  0x00,  0x00,  0x00,  0x00,  0x00,  0x00,  0x00,  0x00,  0x00,  0x00,  0x00,  0x00,
  0x00,  0x00,  0x00,  0xfe,  0x00,  0x00,  0x00,  0x00,  0x00,  0x00,  0x00,  0x00,
  0x00,  0x00,  0xde,  0x00,  0x00,  0x0e,  0x00,  0x00,  0xcc,  0x00,  0x00,  0x0e,
  0x00,  0x00,  0xd1,  0x00,  0x00,  0x00,  0x00,  0x00,  0x00,  0x00,  0xe6,  0x00,
  0x00,  0x00,  0x00,  0x00,  0xe6,  0x14,  0x00,  0x00,  0x00,  0x00,  0x00,  0x00,
  0x00,  0x00,  0x00,  0x00,  0x00,  0x14,  0x00,  0x00,  0x00,  0xf7,  0x00,  0x0f,
  0x00,  0x00,  0x00,  0x00,  0x00,  0x22,  0x00,  0x00,  0x00,  0x00,  0x00,  0x00,
  0x00,  0x00,  0x00,  0x21,  0x00,  0x1f,  0x00,  0x00,  0x00,  0x22,  0x00,  0x00,
  0x00,  0x00,  0x05,  0x00,  0x00,  0x17,  0x00,  0xeb,  0x00,  0x00,  0x00,  0x18,
  0x00,  0x00,  0x00,  0x00,  0x00,  0x10,  0x00,  0x00,  0x00,  0x00,  0x00,  0x00,
  0x00,  0x00,  0x00,  0x00,  0x00,  0x00,  0x00,  0x00,  0x00,  0x00,  0xed,  0x00,
  0x00,  0x00,  0x00,  0x00,  0xec,  0x00,  0x00,  0x00,  0x29,  0xf3,  0x00,  0x00,
  0x00,  0x00,  0x24,  0xf1,  0x00,  0x00,  0x00,  0x00,  0x00,  0x00,  0x00,  0x00,
  0x00,  0x00,  0x00,  0x00,  0xee,  0x00,  0x00,  0x00,  0x00,  0x00,  0xeb,  0x00,
  0x00,  0x00,  0x00,  0xf2,  0x00,  0x00,  0x00,  0x00,  0x00,  0x00,  0x00,  0x00,
  0x00,  0x00,  0x00,  0x00,  0xf0,  0x00,  0x00,  0x00,  0x00,  0x00,  0x00,  0x00,
  0x00,  0x00,  0x00,  0x23,  0x00,  0x00,  0x00,  0x00,  0x00,  0x00,  0x00,  0x00,
  0x21,  0x00,  0x00,  0x00,  0x00,  0x00,  0x00,  0x00,  0x00,  0x00,  0x00,  0x00,
  0x00,  0x00,  0x00,  0x29,  0x00,  0x00,  0x00,  0x00,  0x00,  0x22,  0x00,  0x00,
  0x00,  0x00,  0x00,  0x25,  0x00,  0x00,  0x0d,  0x00,  0x00,  0x2e,  0x00,  0x00,
  0x00,  0x00,  0x00,  0x25,  0x00,  0x00,  0x00,  0x00,  0xe0,  0x25,  0x00,  0x00,
  0x00,  0x00,  0x00,  0x26,  0x00,  0x00,  0x00,  0x00,  0x00,  0x34,  0x00,  0x00,
  0x00,  0x00,  0x00,  0x23,  0xe9,  0x00,  0x00,  0x00,  0x00,  0x1b,  0x00,  0x00,
  0x00,  0x00,  0x00,  0x2b,  0x00,  0x00,  0x00,  0x00,  0x00,  0x22,  0x00,  0x00,
  0x00,  0x00,  0x00,  0x00,  0x00,  0x00,  0x00,  0x00,  0x00,  0x22,  0x00,  0x00,
  0x00,  0x00,  0x00,  0x00,  0x00,  0x00,  0x00,  0x00,  0x16,  0x22,  0x00,  0x00,
  0x00,  0x00,  0x1a,  0x00,  0x00,  0x00,  0x00,  0x00,  0x00,  0x00,  0x00,  0x00,
  0x00,  0x00,  0x00,  0x00,  0x00,  0x00,  0x00,  0x00,  0x00,  0x00,  0xf1,  0x00,
  0x00,  0x00,  0x00,  0xed,  0xf3,  0x00,  0x00,  0x00,  0x00,  0x00,  0x00,  0x00,
  0x00,  0xee,  0x00,  0x00,  0x00,  0x00,  0x00,  0x00,  0x0f,  0xeb,  0xea,  0x00,
  0x00,  0x00,  0x1f,  0x00,  0x00,  0x00,  0x00,  0x00,  0x00,  0xf7,  0xec,  0x00,
  0x00,  0x00,  0x00,  0x00,  0x00,  0x00,  0x00,  0x00,  0x00,  0xf9,  0x00,  0x00,
  0x00,  0x00,  0x00,  0xe2,  0x00,  0x00,  0x00,  0x00,  0x00,  0xf3,  0x00,  0x00,
  0x00,  0x00,  0x00,  0xf9,  0x00,  0x00,  0x00,  0x00,  0x00,  0xe9,  0x00,  0x09,
  0x00,  0x1a,  0x00,  0xf3,  0x00,  0x00,  0x00,  0x00,  0x00,  0xf4,  0x00,  0xe2,
  0x00,  0x00,  0x00,  0x00,  0x00,  0x00,  0x00,  0xf5,  0x00,  0x00,  0xea,  0xe6,
  0x00,  0xf6,  0x00,  0x00,  0x00,  0x00,  0x00,  0x00,  0x00,  0x00,  0x00,  0x00,
  0x00,  0x00,  0x00,  0x00,  0x00,  0x00,  0x00,  0x00,  0x00,  0x00,  0x00,  0x00,
  0x00,  0x00,  0xd9,  0x1d,  0x00,  0x00,  0x00,  0x00,  0xe4,  0x29,  0xe2,  0x00,
  0x00,  0x00,  0x00,  0x00,  0xe8,  0x00,  0x00,  0x00,  0x00,  0x00,  0xdf,  0x00,
  0x00,  0x00,  0x00,  0x00,  0x00,  0x00,  0x00,  0x00,  0x00,  0x00,  0x00,  0x1e,
  0x00,  0x00,  0x00,  0x00,  0x00,  0x00,  0x00,  0x00,  0x00,  0x00,  0x00,  0x00,
  0x00,  0x00,  0xf3,  0x29,  0x00,  0x00,  0x00,  0x00,  0x00,  0x1c,  0x00,  0x2c,
  0x00,  0x00,  0x00,  0x21,  0x00,  0x2a,  0x00,  0x00,  0x27,  0x25,  0xe6,  0x1f,
  0x00,  0x00,  0x00,  0x00,  0x00,  0x00,  0x00,  0x00,  0x00,  0x00,  0xe9,  0x00,
  0x00,  0x18,  0x00,  0x00,  0x00,  0x22,  0x00,  0x00,  0x00,  0x00,  0x00,  0x26,
  0x00,  0x00,  0x00,  0x00,  0xe6,  0x00,  0x00,  0x00,  0x00,  0x00,  0xe7,  0x00,
  0x00,  0x00,  0x00,  0xf3,  0x00,  0x00,  0x00,  0x00,  0x22,  0xd9,  0x00,  0x00,
  0x00,  0x00,  0x00,  0xdd,  0x00,  0x00,  0x00,  0x00,  0x00,  0xda,  0xe6,  0x00,
  0x00,  0xec,  0x00,  0xdb,  0xe3,  0x00,  0x00,  0x00,  0x00,  0xf8,  0x00,  0x00,
  0x00,  0x00,  0x00,  0xdd,  0x00,  0x00,  0x00,  0x00,  0x00,  0xe6,  0x00,  0xf0,
  0x00,  0x00,  0x00,  0x00,  0x00,  0x21,  0x00,  0x00,  0x29,  0x00,  0x00,  0x00,
  0x00,  0x00,  0x22,  0x00,  0x00,  0x00,  0x00,  0x00,  0x00,  0x00,  0x00,  0x00,
  0x00,  0x00,  0x00,  0x00,  0x00,  0x00,  0x00,  0x00,  0x00,  0x00,  0x00,  0x00,
  0x00,  0xf5,  0x00,  0x00,  0x00,  0x00,  0x1e,  0x00,  0x18,  0x00,  0x00,  0x00,
  0x00,  0x00,  0x1a,  0x00,  0x00,  0x1e,  0x00,  0x00,  0x00,  0x00,  0x00,  0x00,
  0x00,  0x00,  0x00,  0x00,  0x00,  0x00,  0x00,  0x00,  0x00,  0x00,  0x00,  0x00,
  0x00,  0x00,  0x00,  0x00,  0x00,  0x00,  0xf2,  0x1c,  0x29,  0x00,  0x00,  0x00,
  0x00,  0x00,  0x21,  0x00,  0x00,  0x00,  0x00,  0x23,  0x00,  0x00,  0x00,  0x23,
  0x00,  0x00,  0x00,  0x00,  0x00,  0x17,  0x00,  0x00,  0x00,  0x00,  0x00,  0x24,
  0x00,  0x00,  0x00,  0x17,  0x00,  0x00,  0x00,  0x1d,  0x00,  0x00,  0x00,  0x00,
  0x1c,  0x19,  0x00,  0x00,  0x00,  0x17,  0x00,  0x00,  0x00,  0x15,  0x00,  0x00,
  0x00,  0x00,  0x00,  0x00,  0x00,  0x00,  0x00,  0x00,  0x00,  0x00,  0x00,  0x1e,
  0x00,  0x18,  0x00,  0x00,  0x2a,  0x00,  0xf0,  0xf3,  0x00,  0x00,  0x00,  0x21,
  0x00,  0x00,  0x00,  0x00,  0x2a,  0x00,  0x00,  0x00,  0x00,  0x00,  0x00,  0x00,
  0x00,  0x00,  0x00,  0x00,  0x00,  0x00,  0x00,  0x00,  0x00,  0x00,  0x00,  0x15,
  0x00,  0x00,  0x00,  0x00,  0x00,  0x00,  0x00,  0x00,  0x00,  0x00,  0x00,  0x17,
  0x00,  0x00,  0x00,  0x00,  0x00,  0x00,  0x00,  0x00,  0x00,  0x00,  0x00,  0x00,
  0x20,  0x00,  0x00,  0x00,  0x00,  0x13,  0x00,  0x29,  0x00,  0xe9,  0x2b,  0x00,
  0x00,  0x00,  0x00,  0x00,  0x00,  0x00,  0x00,  0x21,  0x00,  0x00,  0x29,  0x00,
  0xea,  0x00,  0x00,  0x00,  0x2d,  0x00,  0xea,  0x00,  0x00,  0x00,  0x00,  0x00,
  0x00,  0x00,  0xee,  0x00,  0x00,  0x16,  0x00,  0x00,  0x00,  0x00,  0x00,  0x00,
  0x00,  0x00,  0x2e,  0x00,  0x00,  0x22,  0xee,  0x1c,  0x00,  0x00,  0x00,  0x00,
  0x00,  0x00,  0xed,  0x00,  0x00,  0x00,  0x21,  0x00,  0x00,  0x00,  0x00,  0x19,
  0x00,  0x00,  0x23,  0x00,  0x00,  0x00,  0x00,  0x1b,  0x00,  0x00,  0x00,  0x2b,
  0x00,  0x00,  0x22,  0x00,  0x00,  0x21,  0x00,  0x00,  0x1e,  0x00,  0x00,  0x2e,
  0x00,  0x00,  0x00,  0x00,  0x00,  0x00,  0xe4,  0x00,  0x00,  0x00,  0x00,  0x00,
  0x00,  0x00,  0x00,  0x19,  0x00,  0x00,  0x00,  0x00,  0x00,  0x00,  0x00,  0x00,
  0x00,  0x00,  0x00,  0x00,  0x26,  0x00,  0x00,  0x20,  0x19,  0x00,  0x00,  0x00,
  0xe8,  0x00,  0x25,  0x00,  0x00,  0x00,  0x00,  0x00,  0x00,  0x00,  0x00,  0x00,
  0x00,  0x1d,  0x00,  0x00,  0x00,  0x00,  0x1a,  0x00,  0x00,  0x00,  0x00,  0x00,
  0x00,  0x26,  0x00,  0x14,  0x00,  0x00,  0x00,  0x00,  0x23,  0x00,  0x00,  0x00,
  0x00,  0x1d,  0x1b,  0x14,  0x00,  0x00,  0xe4,  0x19,  0x00,  0x00,  0x00,  0x26,
  0x00,  0x00,  0x00,  0x00,  0x00,  0x00,  0x00,  0x00,  0x00,  0x00,  0x00,  0x00,
  0x00,  0x00,  0x00,  0x00,  0x00,  0x00,  0x1c,  0x00,  0x00,  0x00,  0x00,  0x00,
  0xef,  0x00,  0x00,  0x00,  0x00,  0x00,  0x00,  0x00,  0x00,  0x00,  0x00,  0x14,
  0x00,  0x00,  0x00,  0x00,  0x00,  0x00,  0xe4,  0x00,  0x00,  0x00,  0x00,  0x20,
  0x00,  0x00,  0xef,  0x00,  0x00,  0x1f,  0xef,  0x00,  0x00,  0x00,  0x00,  0x00,
  0x00,  0x00,  0x00,  0x00,  0x28,  0x19,  0x00,  0x20,  0xf1,  0x00,  0x00,  0x00,
  0x00,  0x00,  0x00,  0x00,  0x00,  0x00,  0xef,  0x00,  0x20,  0x00,  0x00,  0x00,
  0x00,  0x00,  0xf7,  0x00,  0x00,  0x00,  0x00,  0x00,  0x00,  0x00,  0x00,  0x1c,
  0x00,  0x00,  0x00,  0x00,  0x00,  0x00,  0x00,  0x00,  0x00,  0x00,  0x00,  0x17,
  0x00,  0x00,  0x00,  0x00,  0x00,  0x00,  0x00,  0x30,  0x00,  0x00,  0x00,  0x00,
  0x00,  0x00,  0x00,  0x00,  0x00,  0x00,  0x00,  0x00,  0x00,  0x00,  0x31,  0x16,
  0x20,  0x00,  0x00,  0x00,  0x30,  0x1b,  0x00,  0x00,  0x20,  0x00,  0x00,  0x00,
  0x00,  0x00,  0x00,  0x00,  0x00,  0x1d,  0x00,  0xf5,  0x00,  0x00,  0x00,  0x00,
  0xe4,  0x00,  0x25,  0x00,  0x00,  0x00,  0x00,  0x00,  0x00,  0x16,  0x00,  0x00,
  0x00,  0x00,  0x00,  0x00,  0x00,  0x00,  0x00,  0x00,  0x23,  0x00,  0x00,  0x17,
  0x00,  0x00,  0x21,  0x00,  0x00,  0x00,  0x00,  0x00,  0x00,  0x00,  0x00,  0x00,
  0x00,  0x00,  0x00,  0x00,  0x00,  0x00,  0x00,  0x00,  0x00,  0x00,  0x00,  0x00,
  0xf0,  0x26,  0x00,  0x00,  0x00,  0xff,  0x00,  0x00,  0x00,  0x00,  0x00,  0x00,
  0x00,  0x00,  0x00,  0x04,  0x00,  0x00,  0x00,  0x00,  0x00,  0x00,  0x00,  0x00,
  0x00,  0x00,  0x00,  0x00,  0x00,  0x00,  0x00,  0x00,  0x00,  0x00,  0x00,  0x00,
  0x00,  0x00,  0x00,  0x00,  0x00,  0x00,  0x00,  0x00,  0x00,  0x00,  0x00,  0x00,
  0x00,  0x00,  0x00,  0x00,  0x0d,  0x00,  0x00,  0x00,  0x00,  0x00,  0x00,  0x00,
  0x00,  0x00,  0x00,  0x00,  0x00,  0x00,  0x00,  0x00,  0x00,  0xfc,  0x00,  0x00,
  0x00,  0x00,  0x00,  0x00,  0x00,  0x00,  0x00,  0x00,  0x00,  0xd4,  0x00,  0x00,
  0x00,  0x00,  0x00,  0x00,  0x10,  0x00,  0x00,  0x00,  0x00,  0x00,  0x00,  0x00,
  0x00,  0x00,  0x00,  0x00,  0x00,  0x00,  0x00,  0x00,  0x00,  0x00,  0x00,  0x00,
  0x00,  0xdd,  0x00,  0x00,  0x00,  0x00,  0x00,  0x00,  0x00,  0x00,  0x00,  0x00,
  0x00,  0xde,  0x00,  0x00,  0x00,  0x00,  0x00,  0x00,  0x00,  0x00,  0x00,  0xc8,
  0x00,  0x00,  0xcb,  0x00,  0x00,  0x00,  0x00,  0x00,  0x00,  0x00,  0x00,  0x00,
  0x00,  0x00,  0x00,  0x00,  0x00,  0x00,  0x00,  0x00,  0x00,  0x00,  0x00,  0x00,
  0x00,  0x06,  0x00,  0x00,  0x00,  0x00,  0x00,  0x00,  0x00,  0x00,  0x00,  0x00,
  0xf5,  0x00,  0x00,  0x00,  0x00,  0x00,  0x00,  0x00,  0x00,  0xff,  0x00,  0x00,
  0x00,  0x00,  0xd6,  0xff,  0x00,  0x00,  0x00,  0x00,  0xd4,  0x00,  0x00,  0x00,
  0x00,  0x00,  0xd6,  0x00,  0x0d,  0x00,  0x00,  0x00,  0xe0,  0x00,  0x00,  0x00,
  0x00,  0x00,  0xdf,  0x00,  0x00,  0x00,  0x00,  0x00,  0xd1,  0x00,  0x07,  0x00,
  0x00,  0x00,  0xe0,  0xdb,  0x00,  0x00,  0x00,  0x0f,  0x00,  0x00,  0x00,  0x00,
  0x00,  0x09,  0x00,  0x00,  0x00,  0x00,  0x00,  0x06,  0xd8,  0x00,  0x00,  0xf8,
  0x00,  0x00,  0xe6,  0x00,  0x00,  0xf8,  0x00,  0x00,  0x00,  0x00,  0x00,  0x00,
  0x00,  0x00,  0x00,  0x00,  0xe1,  0x00,  0x00,  0x00,  0x00,  0x00,  0x00,  0x00,
  0x00,  0x00,  0x00,  0x04,  0x00,  0xf0,  0x00,  0x00,  0x00,  0x00,  0x00,  0x00,
  0x00,  0x00,  0xe6,  0x0e,  0x00,  0x00,  0x00,  0x00,  0xed,  0x00,  0x00,  0x00,
  0x00,  0x06,  0xeb,  0x00,  0x00,  0xf0,  0x00,  0x00,  0x00,  0x00,  0x00,  0x00,
  0x00,  0x00,  0x00,  0x00,  0x00,  0x00,  0x00,  0x00,  0x00,  0x00,  0x00,  0x00,
  0x00,  0x00,  0x00,  0x00,  0x00,  0x00,  0x00,  0x00,  0x00,  0x07,  0x00,  0x00,
  0x00,  0x00,  0xf1,  0x00,  0x00,  0x00,  0x00,  0xdc,  0x00,  0x00,  0x00,  0x00,
  0x00,  0xd2,  0x00,  0x01,  0x00,  0x00,  0x00,  0x00,  0xfe,  0x00,  0x00,  0x00,
  0x00,  0x00,  0x00,  0x00,  0x00,  0x00,  0x00,  0x00,  0x00,  0x00,  0x00,  0x00,
  0x00,  0x00,  0x00,  0x00,  0x00,  0x00,  0x00,  0x00,  0xe2,  0xce,  0x00,  0x00,
  0x00,  0x00,  0x00,  0xd1,  0x00,  0xf8,  0x00,  0x00,  0x00,  0xd5,  0x09,  0xef,
  0xe8,  0x00,  0x0b,  0x00,  0x00,  0x00,  0x00,  0x00,  0x00,  0x00,  0x00,  0x00,
  0x00,  0x00,  0x00,  0x00,  0x00,  0x00,  0x00,  0x00,  0xdd,  0x09,  0x0a,  0x00,
  0x00,  0x00,  0x00,  0x00,  0x0b,  0x00,  0x00,  0x00,  0xde,  0xfe,  0x00,  0x00,
  0x00,  0x00,  0xd4,  0x00,  0x00,  0x00,  0x00,  0xd8,  0x00,  0xfd,  0x00,  0x00,
  0x00,  0x00,  0x00,  0x00,  0x00,  0x00,  0xee,  0x00,  0x00,  0x00,  0x00,  0x00,
  0x00,  0x00,  0x00,  0x00,  0x00,  0x00,  0x00,  0x01,  0xcf,  0xd7,  0x00,  0x00,
  0x00,  0x00,  0x00,  0x00,  0x00,  0x00,  0x00,  0x00,  0x00,  0x00,  0x00,  0x00,
  0x00,  0x00,  0x00,  0x00,  0x00,  0x00,  0xe9,  0x00,  0xfd,  0x00,  0x00,  0x00,
  0x00,  0x00,  0xfc,  0x00,  0x00,  0xd2,  0xea,  0x00,  0x00,  0x00,  0x00,  0xcc,
  0x00,  0x00,  0x00,  0x00,  0x00,  0x00,  0x00,  0x00,  0x00,  0x00,  0x00,  0x00,
  0x00,  0x00,  0x00,  0x00,  0x05,  0x00,  0x00,  0x00,  0x00,  0x00,  0x00,  0x00,
  0x00,  0x00,  0x00,  0xfd,  0x00,  0x00,  0x00,  0x00,  0x00,  0x00,  0x00,  0x00,
  0x00,  0x00,  0x00,  0x00,  0x00,  0x00,  0x00,  0x00,  0x00,  0x0e,  0x00,  0x00,
  0x00,  0x00,  0x00,  0x00,  0x00,  0x00,  0x00,  0x00,  0x00,  0x00,  0x00,  0x00,
  0x00,  0x00,  0x00,  0xdb,  0x00,  0x00,  0x00,  0x00,  0xdf,  0x00,  0x00,  0xf7,
  0x00,  0x00,  0x00,  0x00,  0x00,  0xf7,  0x00,  0x00,  0x00,  0xff,  0x00,  0x00,
  0x00,  0xe3,  0x00,  0x00,  0x00,  0x00,  0x00,  0x00,  0xe2,  0x00,  0x00,  0x00,
  0x0a,  0x00,  0xeb,  0x00,  0x00,  0x00,  0x00,  0x00,  0xe3,  0x00,  0x00,  0x00,
  0x00,  0x00,  0x00,  0x00,  0x00,  0xc4,  0x00,  0x00,  0xe7,  0x03,  0x00,  0x00,
  0x00,  0xdc,  0x0a,  0x27,  0x00,  0x00,  0x00,  0xdd,  0x0b,  0x2c,  0x00,  0x15,
  0x00,  0xde,  0x00,  0x00,  0x00,  0x00,  0x00,  0xd9,  0x00,  0x00,  0xee,  0x00,
  0x00,  0x00,  0x00,  0x2d,  0x00,  0x00,  0x00,  0x00,  0x00,  0x2c,  0x00,  0x00,
  0x00,  0x00,  0x00,  0x00,  0x00,  0x00,  0x00,  0x00,  0x00,  0x00,  0x00,  0x00,
  0x00,  0x00,  0x00,  0x00,  0x00,  0x00,  0x00,  0x00,  0x00,  0x00,  0x00,  0x00,
  0x00,  0x00,  0x0c,  0x00,  0x00,  0x00,  0x00,  0x00,  0x00,  0x2e,  0x00,  0x00,
  0x00,  0x00,  0x00,  0x00,  0x00,  0x1a,  0x00,  0x00,  0x0c,  0x00,  0x00,  0x00,
  0x00,  0x00,  0x00,  0x00,  0x00,  0x00,  0x00,  0x00,  0x00,  0x00,  0x00,  0x17,
  0x00,  0x00,  0x15,  0x00,  0xdf,  0x00,  0x00,  0xcd,  0x1b,  0x00,  0x00,  0x00,
  0x00,  0x00,  0x00,  0x00,  0x00,  0x00,  0x00,  0x00,  0x00,  0x00,  0x00,  0x24,
  0x00,  0x00,  0x00,  0x00,  0x00,  0x00,  0x00,  0x00,  0x00,  0x00,  0x00,  0x00,
  0x00,  0xd5,  0x00,  0x00,  0x00,  0x00,  0x00,  0xd5,  0x00,  0x14,  0x06,  0x30,
  0x00,  0xd3,  0x00,  0x1e,  0x00,  0x00,  0x00,  0x00,  0x00,  0x20,  0x00,  0x00,
  0xf0,  0x00,  0x00,  0x00,  0x00,  0x2b,  0x00,  0x00,  0x00,  0x00,  0x00,  0x2a,
  0x00,  0x00,  0x00,  0x00,  0x00,  0x2f,  0x00,  0x00,  0x00,  0x00,  0x00,  0x33,
  0x00,  0x00,  0x00,  0x00,  0x04,  0x00,  0x00,  0x00,  0x00,  0x00,  0x00,  0x00,
  0xfb,  0x00,  0x3e,  0x01,  0x03,  0x00,  0x00,  0x00,  0x00,  0x00,  0x00,  0x00,
  0x00,  0x00,  0x00,  0x00,  0x00,  0x00,  0x00,  0x00,  0x00,  0x00,  0x00,  0x00,
  0x00,  0x00,  0x00,  0x00,  0x00,  0x00,  0x00,  0x00,  0x00,  0x05,  0x00,  0x01,
  0x00,  0x00,  0x00,  0x00,  0x00,  0x00,  0x00,  0x00,  0x00,  0x12,  0x00,  0x00,
  0x00,  0xca,  0x00,  0x00,  0x00,  0x00,  0xda,  0x00,  0x00,  0x00,  0x00,  0x00,
  0x00,  0x00,  0x00,  0x1a,  0x00,  0x00,  0x00,  0x00,  0x00,  0x13,  0x00,  0x00,
  0x00,  0x00,  0x00,  0x04,  0x00,  0x00,  0x00,  0x00,  0x00,  0x00,  0x00,  0x00,
  0x00,  0x00,  0x00,  0x00,  0x00,  0x34,  0x00,  0x00,  0x00,  0x00,  0x00,  0x3f,
  0x00,  0xda,  0x00,  0xfd,  0x00,  0x00,  0x00,  0x00,  0x00,  0x00,  0xbf,  0x00,
  0xe7,  0x00,  0x00,  0x00,  0x00,  0x00,  0x00,  0x00,  0x00,  0x00,  0xc5,  0x00,
  0x00,  0xd5,  0x00,  0x00,  0x00,  0x00,  0x00,  0xbf,  0x00,  0x00,  0x00,  0x00,
  0x00,  0x00,  0x00,  0x00,  0x00,  0x00,  0x00,  0xcc,  0x00,  0x04,  0x00,  0x00,
  0x00,  0xd1,  0x00,  0x00,  0x00,  0x00,  0x00,  0x00,  0x00,  0x00,  0x00,  0x00,
  0x00,  0x00,  0x00,  0x00,  0x00,  0x00,  0x00,  0x00,  0x00,  0x0c,  0x00,  0x00,
  0x00,  0x00,  0x00,  0x06,  0xf3,  0x00,  0x00,  0xf5,  0x00,  0x0f,  0x00,  0x01,
  0xf3,  0x00,  0x00,  0x1d,  0x00,  0x00,  0x00,  0x00,  0x00,  0x00,  0x00,  0x00,
  0x00,  0x00,  0x00,  0x03,  0x00,  0x00,  0xf3,  0x00,  0x00,  0x00,  0x00,  0x00,
  0x00,  0x00,  0x0f,  0x00,  0x00,  0x00,  0x00,  0xfa,  0x00,  0x00,  0x00,  0x00,
  0x00,  0x00,  0x00,  0x00,  0x00,  0x00,  0x00,  0x00,  0x00,  0x00,  0x00,  0x00,
  0x00,  0x07,  0x00,  0x00,  0x00,  0x00,  0x00,  0x00,  0x00,  0x00,  0x00,  0x00,
  0x00,  0x00,  0x00,  0x00,  0x00,  0x21,  0x00,  0x12,  0x00,  0x0c,  0x00,  0x00,
  0x00,  0x00,  0x00,  0x03,  0x00,  0x00,  0x14,  0x00,  0x00,  0x00,  0x00,  0x00,
  0x00,  0xdd,  0x00,  0x0b,  0x00,  0x00,  0xf6,  0xd9,  0x00,  0x1b,  0x00,  0x00,
  0x2a,  0xd2,  0x00,  0x1b,  0x00,  0x00,  0x00,  0xc3,  0x00,  0x34,  0xd9,  0x00,
  0x00,  0xcf,  0x00,  0x1e,  0x00,  0x00,  0x00,  0x00,  0x00,  0x33,  0x00,  0x00,
  0x00,  0x00,  0x00,  0x2b,  0xd5,  0x00,  0x00,  0x00,  0xe7,  0x00,  0x00,  0x00,
  0x00,  0x00,  0x00,  0x21,  0xdd,  0x00,  0x00,  0x00,  0x00,  0x1d,  0x00,  0x00,
  0xfa,  0x00,  0x00,  0x00,  0x00,  0x00,  0x00,  0x00,  0x00,  0x00,  0xe2,  0x00,
  0x00,  0x00,  0x00,  0x00,  0x00,  0x13,  0xff,  0x00,  0x00,  0x00,  0x00,  0x18,
  0x00,  0x00,  0xdc,  0x00,  0x00,  0x0e,  0x00,  0x00,  0xe1,  0xf4,  0x17,  0x00,
  0x00,  0x00,  0x00,  0x00,  0x16,  0x00,  0x00,  0x00,  0x00,  0x00,  0x00,  0x00,
  0x00,  0xdd,  0x00,  0x00,  0x1d,  0x00,  0x00,  0x00,  0x00,  0x00,  0x1a,  0xdc,
  0x00,  0x00,  0x00,  0x23,  0x00,  0xd0,  0x04,  0x04,  0x00,  0x26,  0x00,  0xdb,
  0x00,  0x00,  0xc8,  0x1f,  0x00,  0xd3,  0x00,  0x00,  0xc9,  0x3a,  0x00,  0x00,
  0x00,  0x00,  0x00,  0x00,  0x00,  0x00,  0x00,  0x00,  0x00,  0x00,  0x00,  0x00,
  0x00,  0x00,  0x1e,  0x00,  0x00,  0xe7,  0xf9,  0x00,  0x00,  0x00,  0x00,  0x00,
  0x00,  0x00,  0x00,  0x00,  0xf1,  0x00,  0x00,  0x00,  0x00,  0x00,  0x00,  0xdd,
  0x00,  0xe6,  0x00,  0xfc,  0x00,  0x00,  0x00,  0x00,  0x00,  0x00,  0x00,  0x00,
  0x00,  0xe5,  0x00,  0x00,  0xf8,  0x00,  0x00,  0xe5,  0x00,  0x00,  0x00,  0x0c,
  0x00,  0xe5,  0x21,  0x00,  0x00,  0x00,  0x00,  0x00,  0x00,  0x00,  0x00,  0x0e,
  0x00,  0x00,  0xfa,  0x00,  0x00,  0x00,  0x00,  0x00,  0x00,  0x00,  0x00,  0x00,
  0x00,  0x00,  0x00,  0x1d,  0x00,  0x00,  0x00,  0x00,  0x00,  0x00,  0x13,  0xe4,
  0x00,  0x00,  0xe1,  0x00,  0x00,  0x00,  0x00,  0x00,  0x00,  0x00,  0x00,  0x00,
  0x00,  0x00,  0x0e,  0x00,  0x00,  0x00,  0x00,  0x00,  0x0c,  0x00,  0x00,  0x00,
  0x00,  0xdc,  0x00,  0x00,  0xdb,  0x00,  0x00,  0x00,  0x00,  0x00,  0x00,  0xeb,
  0x00,  0x00,  0x00,  0x00,  0x00,  0x00,  0x00,  0x00,  0x00,  0x00,  0x00,  0x00,
  0x00,  0x00,  0x00,  0x00,  0x00,  0x00,  0x03,  0xf7,  0x00,  0xde,  0x00,  0x00,
  0x00,  0x00,  0x00,  0x00,  0xe4,  0x00,  0xf5,  0x00,  0x15,  0x00,  0x00,  0x00,
  0x00,  0xef,  0x00,  0xde,  0x00,  0x00,  0x00,  0x00,  0x00,  0xd7,  0x10,  0x00,
  0x00,  0xe9,  0x00,  0x00,  0x10,  0x00,  0x00,  0x00,  0x00,  0x00,  0x00,  0x00,
  0x00,  0x00,  0x00,  0xd6,  0x00,  0x00,  0x00,  0x00,  0x00,  0xda,  0x00,  0x00,
  0x00,  0xec,  0x00,  0x00,  0x00,  0x00,  0x00,  0x00,  0x00,  0x00,  0x00,  0x00,
  0x00,  0x00,  0x00,  0x00,  0x0f,  0x00,  0x00,  0x00,  0x00,  0x00,  0x00,  0x00,
  0x00,  0x00,  0x00,  0x00,  0x00,  0x00,  0x00,  0x00,  0x00,  0xd8,  0x00,  0x00,
  0x00,  0x00,  0x00,  0x00,  0x00,  0x00,  0x00,  0x00,  0x00,  0xe6,  0xde,  0x00,
  0x00,  0x00,  0x00,  0x00,  0x00,  0x00,  0x00,  0x00,  0x00,  0x00,  0x00,  0x00,
  0x00,  0x00,  0x00,  0x00,  0x00,  0x00,  0x00,  0x00,  0x00,  0x00,  0x00,  0x00,
  0x00,  0xec,  0x00,  0x00,  0x00,  0x00,  0x00,  0x00,  0x00,  0x1f,  0x00,  0x00,
  0x00,  0x00,  0x0e,  0x00,  0x00,  0x00,  0x00,  0x00,  0x00,  0x00,  0x00,  0x00,
  0x00,  0x00,  0x00,  0x00,  0x00,  0x00,  0x00,  0x00,  0xef,  0x00,  0x00,  0x00,
  0x00,  0x00,  0xeb,  0x27,  0x00,  0x00,  0x00,  0x00,  0x00,  0x00,  0x00,  0x00,
  0x00,  0x00,  0x00,  0x00,  0x00,  0x00,  0x00,  0xdb,  0x00,  0x00,  0x00,  0x00,
  0x00,  0xd7,  0x00,  0x00,  0xdf,  0x00,  0x00,  0x00,  0x10,  0xf4,  0xe0,  0xe7,
  0x00,  0x00,  0x00,  0x00,  0x00,  0x00,  0x00,  0x00,  0x00,  0x00,  0x00,  0x00,
  0x23,  0x00,  0x00,  0x00,  0x00,  0x00,  0x29,  0x00,  0x00,  0x00,  0x00,  0x00,
  0x00,  0x00,  0x00,  0xe7,  0x00,  0x00,  0x00,  0x00,  0x00,  0x00,  0x00,  0x00,
  0x00,  0x00,  0x00,  0x00,  0x00,  0x00,  0x00,  0x00,  0x00,  0x00,  0x00,  0x00,
  0x00,  0x00,  0x00,  0x00,  0x00,  0x00,  0x00,  0x00,  0x00,  0x00,  0x00,  0x00,
  0x00,  0x00,  0x00,  0x00,  0x00,  0x00,  0x00,  0x00,  0x00,  0xe0,  0x1a,  0x00,
  0x00,  0x00,  0x00,  0xe2,  0x17,  0x00,  0x00,  0x00,  0xed,  0x00,  0x00,  0x00,
  0x00,  0x00,  0x00,  0x00,  0x00,  0x13,  0x00,  0x00,  0x00,  0xdd,  0x00,  0x00,
  0x00,  0x00,  0xfc,  0xd0,  0x00,  0x00,  0x00,  0x00,  0x03,  0xd3,  0x00,  0xea,
  0x00,  0x00,  0x00,  0x00,  0x00,  0xe4,  0x00,  0x00,  0x00,  0x00,  0x00,  0xeb,
  0x00,  0x00,  0x00,  0x00,  0x00,  0x00,  0x00,  0x00,  0xdf,  0x00,  0x00,  0x00,
  0x00,  0xe2,  0x00,  0x00,  0x00,  0x00,  0x00,  0xe4,  0x00,  0x1c,  0x00,  0x00,
  0x00,  0x00,  0x00,  0x00,  0x00,  0x00,  0x00,  0x00,  0xe7,  0x00,  0x00,  0xe3,
  0x00,  0x00,  0x00,  0x00,  0x00,  0x00,  0x15,  0x00,  0x00,  0x1e,  0x00,  0xd5,
  0x00,  0x00,  0x00,  0x00,  0x00,  0xd8,  0x00,  0x00,  0x00,  0x00,  0xed,  0x00,
  0x00,  0x00,  0x00,  0x00,  0x00,  0xdc,  0x00,  0x00,  0x00,  0x00,  0x00,  0x00,
  0x00,  0x00,  0x00,  0x00,  0x00,  0xd2,  0x00,  0x00,  0x00,  0x00,  0x00,  0x00,
  0x00,  0x00,  0x00,  0x00,  0x00,  0x00,  0x00,  0x00,  0x00,  0x00,  0x00,  0x00,
  0x00,  0x0f,  0x00,  0x00,  0x00,  0x00,  0x00,  0x0f,  0x00,  0xef,  0x00,  0x00,
  0x1e,  0x00,  0x00,  0xf6,  0x00,  0x00,  0x00,  0x00,  0x00,  0x00,  0x00,  0x00,
  0x00,  0x00,  0x00,  0x00,  0x00,  0x00,  0x00,  0x00,  0x00,  0x00,  0x00,  0x00,
  0x00,  0x00,  0x00,  0x00,  0x14,  0x00,  0x00,  0x1c,  0x00,  0x00,  0x00,  0x00,
  0x00,  0x00,  0x00,  0x00,  0x00,  0x05,  0x00,  0x00,  0x00,  0x00,  0x00,  0x00,
  0x00,  0x00,  0x00,  0x00,  0x00,  0x04,  0x00,  0x00,  0x19,  0x00,  0x00,  0x00,
  0x00,  0x00,  0x08,  0x00,  0x00,  0x00,  0xe8,  0x00,  0x10,  0x00,  0x00,  0x00,
  0x00,  0x00,  0x12,  0x00,  0x00,  0x00,  0xe0,  0x00,  0x15,  0x00,  0x00,  0x0d,
  0x00,  0x00,  0x12,  0x00,  0x00,  0x00,  0x00,  0x00,  0x00,  0x00,  0x00,  0x00,
  0x00,  0x00,  0x00,  0xd3,  0x00,  0x00,  0x00,  0x00,  0x00,  0x00,  0x00,  0x09,
  0x00,  0x00,  0x00,  0x00,  0x00,  0x00,  0x00,  0x00,  0x0a,  0x00,  0x00,  0x00,
  0x00,  0x19,  0x00,  0x00,  0x16,  0x0e,  0x00,  0x00,  0x00,  0x00,  0x00,  0x00,
  0x00,  0x00,  0x00,  0x00,  0x00,  0x00,  0x00,  0x17,  0x00,  0x00,  0x00,  0x00,
  0x00,  0x00,  0x03,  0x00,  0x00,  0x00,  0xe3,  0x00,  0x00,  0x00,  0x00,  0x00,
  0x00,  0x12,  0x00,  0x00,  0x00,  0x00,  0xe6,  0x00,  0x00,  0x00,  0x00,  0x00,
  0x00,  0x00,  0x00,  0x00,  0x00,  0x00,  0x00,  0x00,  0x00,  0x00,  0x11,  0x0e,
  0x00,  0x00,  0x00,  0x00,  0x00,  0x00,  0x00,  0x00,  0x00,  0x00,  0x00,  0x00,
  0xe8,  0x00,  0x00,  0x00,  0x00,  0x00,  0x00,  0x00,  0x00,  0xd8,  0x00,  0x00,
  0xe5,  0x00,  0x00,  0x00,  0xec,  0x00,  0x00,  0x00,  0x00,  0x00,  0x12,  0x00,
  0x00,  0x00,  0x00,  0x00,  0x00,  0x00,  0x00,  0x00,  0x17,  0x00,  0x00,  0x11,
  0x00,  0x00,  0x1e,  0x00,  0x00,  0x0d,  0x00,  0x18,  0x00,  0x00,  0x00,  0x14,
  0x10,  0x00,  0x00,  0x00,  0x00,  0x00,  0x00,  0x19,  0x00,  0x00,  0x00,  0x00,
  0x00,  0x00,  0x00,  0xd7,  0x00,  0x00,  0x11,  0x00,  0x00,  0x00,  0x00,  0x00,
  0x00,  0x00,  0x14,  0x00,  0x00,  0x00,  0x00,  0x00,  0x08,  0x00,  0x0e,  0x00,
  0x00,  0x18,  0x00,  0xd5,  0x00,  0x00,  0x00,  0x00,  0x00,  0x00,  0x00,  0x00,
  0x00,  0x00,  0x00,  0xda,  0x00,  0x00,  0x00,  0x00,  0x00,  0x00,  0x00,  0x00,
  0x00,  0x00,  0x00,  0xdb,  0x00,  0x00,  0x00,  0x00,  0x00,  0x00,  0x00,  0x00,
  0x00,  0x00,  0x10,  0x00,  0xec,  0x00,  0x00,  0x00,  0x16,  0x00,  0x00,  0x00,
  0x00,  0x17,  0x00,  0x00,  0x00,  0x00,  0x00,  0x15,  0x18,  0x00,  0x00,  0x00,
  0x00,  0x00,  0x00,  0x00,  0x00,  0x07,  0x00,  0x00,  0x00,  0xdb,  0x00,  0x00,
  0xec,  0x00,  0x0f,  0x00,  0x00,  0x00,  0x00,  0x00,  0x00,  0x00,  0x00,  0x00,
  0x00,  0x00,  0x00,  0x00,  0x00,  0x00,  0x00,  0x00,  0x0c,  0x00,  0x00,  0x00,
  0x00,  0x00,  0x00,  0x00,  0x00,  0x00,  0x00,  0x00,  0x00,  0x00,  0x00,  0x00,
  0x00,  0x00,  0x00,  0x00,  0x00,  0x00,  0x00,  0x00,  0x00,  0x00,  0xed,  0x00,
  0x00,  0x00,  0x00,  0x00,  0x00,  0x00,  0x00,  0x15,  0x00,  0x00,  0x00,  0x00,
  0x00,  0x00,  0x00,  0x00,  0x00,  0x00,  0x00,  0x00,  0x06,  0x00,  0x00,  0x00,
  0xe5,  0x00,  0x00,  0xdb,  0x00,  0x00,  0x00,  0x17,  0x0c,  0x00,  0x00,  0x00,
  0x00,  0x00,  0x03,  0x00,  0x00,  0x00,  0x00,  0x19,  0x00,  0x00,  0x00,  0x00,
  0x00,  0x00,  0x00,  0x00,  0x00,  0x00,  0x00,  0x00,  0x00,  0x00,  0x00,  0x12,
  0x00,  0x00,  0x00,  0x00,  0x00,  0x00,  0x00,  0x00,  0x1a,  0x00,  0x00,  0x00,
  0x00,  0x00,  0x00,  0x00,  0x00,  0x00,  0x00,  0x00,  0x00,  0xd8,  0x00,  0x00,
  0x00,  0x00,  0x10,  0x00,  0x00,  0x00,  0x00,  0x00,  0x00,  0xd7,  0x00,  0x00,
  0x00,  0x00,  0x00,  0xd8,  0x00,  0x00,  0xe7,  0x00,  0x00,  0xd8,  0x00,  0x00,
  0x00,  0x00,  0x00,  0xd7,  0x00,  0x00,  0x00,  0x16,  0x00,  0x00,  0x00,  0x00,
  0x00,  0x00,  0x00,  0x00,  0x00,  0x00,  0x00,  0x00,  0x00,  0x00,  0xe7,  0x00,
  0x17,  0x00,  0x00,  0x00,  0x00,  0x00,  0x00,  0x00,  0x14,  0x00,  0x00,  0x00,
  0x00,  0x00,  0x15,  0x00,  0x00,  0x0f,  0xe4,  0x00,  0x00,  0x00,  0x00,  0x00,
  0x00,  0x00,  0x00,  0xd6,  0x00,  0x12,  0x00,  0x00,  0x00,  0x00,  0x00,  0x00,
  0x00,  0x00,  0x00,  0x00,  0xe9,  0x0c,  0xe7,  0x00,  0x00,  0x00,  0x00,  0x00,
  0x00,  0x19,  0x0b,  0x00,  0xec,  0x0e,  0x00,  0x13,  0x00,  0xdb,  0x00,  0x00,
  0xec,  0x00,  0x00,  0x00,  0x00,  0x0a,  0xed,  0x00,  0x00,  0xda,  0xed,  0x00,
  0x00,  0x18,  0x00,  0x00,  0x00,  0x00,  0x00,  0x00,  0x15,  0x00,  0x00,  0x00,
  0x00,  0x00,  0x00,  0x00,  0x00,  0x09,  0x00,  0x00,  0x00,  0x00,  0x00,  0x00,
  0x00,  0x00,  0x00,  0xdb,  0x00,  0x0e,  0x00,  0x00,  0x00,  0xe6,  0xfd,  0x0b,
  0x00,  0x00,  0x00,  0xd9,  0x00,  0x07,  0x00,  0x00,  0x00,  0xdc,  0x00,  0x00,
  0x00,  0x00,  0x00,  0x00,  0x00,  0x00,  0x00,  0x00,  0x00,  0x00,  0x00,  0x00,
  0x00,  0x00,  0x2a,  0x00,  0x00,  0x00,  0x00,  0xc7,  0x00,  0x00,  0xf7,  0x00,
  0x00,  0xcb,  0x2a,  0x00,  0x00,  0x00,  0x00,  0x00,  0x00,  0x00,  0xf2,  0xcf,
  0x14,  0x00,  0x00,  0x00,  0x00,  0x00,  0x00,  0x00,  0x00,  0x00,  0xe8,  0x00,
  0x00,  0x00,  0x00,  0x00,  0x00,  0x00,  0x00,  0x00,  0x00,  0xf8,  0x00,  0xd8,
  0x00,  0x00,  0x00,  0x00,  0x00,  0xdd,  0x00,  0x00,  0x2f,  0x00,  0xf3,  0xd7,
  0x00,  0xe1,  0x39,  0xf1,  0x00,  0x00,  0x00,  0x00,  0x38,  0x00,  0x00,  0xc8,
  0x00,  0xdc,  0x00,  0x00,  0xfc,  0xd7,  0x00,  0x00,  0x00,  0x00,  0x00,  0x00,
  0x00,  0x00,  0x00,  0x00,  0x00,  0xd4,  0x00,  0x00,  0x00,  0x00,  0x00,  0x00,
  0x00,  0x00,  0x00,  0x00,  0x00,  0x00,  0x00,  0x00,  0x00,  0x00,  0x00,  0xfa,
  0x00,  0xd5,  0x00,  0x00,  0x00,  0x00,  0x19,  0x00,  0x33,  0xf1,  0x00,  0x00,
  0x00,  0xd1,  0x00,  0x00,  0x00,  0x00,  0x00,  0x00,  0x00,  0x00,  0x00,  0x00,
  0x00,  0x00,  0xff,  0xec,  0x00,  0x03,  0x00,  0x00,  0x00,  0xe0,  0x00,  0x04,
  0x00,  0x00,  0x00,  0xe2,  0x00,  0x02,  0x00,  0x00,  0x00,  0x00,  0x00,  0x00,
  0x00,  0x00,  0x00,  0xf2,  0x00,  0x02,  0x00,  0x00,  0x23,  0xde,  0x26,  0x00,
  0x14,  0x00,  0x31,  0xe7,  0x00,  0x00,  0x00,  0xd2,  0x00,  0xe5,  0x2b,  0x0a,
  0x00,  0xd3,  0x1f,  0xd6,  0x00,  0x00,  0x0e,  0x00,  0x00,  0xcd,  0x00,  0x0a,
  0x00,  0x00,  0x00,  0xf4,  0x00,  0x00,  0x00,  0x00,  0xf9,  0xfc,  0x00,  0x00,
  0x00,  0x00,  0xf5,  0x00,  0x23,  0x00,  0x00,  0x00,  0x00,  0x00,  0x00,  0x00,
  0x00,  0x00,  0x00,  0x00,  0x00,  0x00,  0x00,  0xdf,  0x31,  0x00,  0x00,  0x00,
  0x00,  0xce,  0x40,  0x00,  0xf4,  0xd5,  0x0f,  0xc6,  0x00,  0x00,  0xf0,  0xda,
  0x00,  0x00,  0x00,  0x00,  0xed,  0xd0,  0x00,  0x00,  0x00,  0x00,  0x00,  0x00,
  0x00,  0x00,  0x00,  0x00,  0x00,  0x00,  0x00,  0xfc,  0x00,  0x00,  0xef,  0x00,
  0x00,  0x00,  0x00,  0x00,  0x00,  0x00,  0x00,  0x00,  0x28,  0x00,  0x00,  0xd5,
  0x0a,  0x00,  0x44,  0x00,  0x00,  0x00,  0x00,  0x00,  0x35,  0x00,  0x00,  0x00,
  0x00,  0x00,  0x00,  0x00,  0x00,  0xcb,  0x00,  0x00,  0x00,  0x00,  0x00,  0x00,
  0x39,  0x00,  0x00,  0x00,  0x00,  0xc7,  0x00,  0x00,  0x00,  0x00,  0x00,  0x00,
  0x00,  0x00,  0x00,  0x00,  0x00,  0x00,  0x00,  0x00,  0x00,  0x00,  0x00,  0x00,
  0x18,  0x00,  0x1f,  0x00,  0x27,  0x00,  0x00,  0x00,  0x28,  0x00,  0x00,  0x00,
  0x00,  0x00,  0x00,  0x00,  0x00,  0x00,  0x00,  0x00,  0x00,  0xf1,  0x00,  0x00,
  0x00,  0x00,  0x00,  0xef,  0x22,  0x00,  0x00,  0x00,  0x00,  0xec,  0x00,  0x00,
  0x00,  0x00,  0x00,  0x00,  0xfc,  0x00,  0x00,  0xd5,  0x00,  0xf5,  0x00,  0x00,
  0x00,  0x00,  0x00,  0x00,  0x00,  0x00,  0x00,  0x00,  0x00,  0xea,  0x00,  0x0e,
  0x00,  0xe0,  0x00,  0xe9,  0x28,  0x00,  0x00,  0x00,  0x00,  0xd2,  0x00,  0x00,
  0x00,  0x00,  0x00,  0xe3,  0x00,  0x0b,  0x00,  0x00,  0x00,  0xea,  0x00,  0x09,
  0x00,  0x00,  0x00,  0xeb,  0x00,  0x16,  0x00,  0xce,  0x00,  0xea,  0x00,  0x00,
  0x00,  0x00,  0x00,  0x00,  0x00,  0x00,  0x00,  0x00,  0x00,  0x00,  0x00,  0x01,
  0x00,  0xcb,  0x00,  0xf7,  0x00,  0xff,  0x00,  0xca,  0x00,  0x00,  0x00,  0x00,
  0x00,  0x00,  0x00,  0x00,  0x00,  0x00,  0x00,  0x00,  0x00,  0x00,  0xe6,  0x00,
  0x00,  0xd1,  0x00,  0x00,  0xea,  0x00,  0x00,  0xcb,  0x00,  0x00,  0xe4,  0x00,
  0x00,  0xc7,  0x00,  0xf8,  0x00,  0x00,  0x00,  0x00,  0x00,  0xf2,  0x00,  0x00,
  0x00,  0x00,  0x00,  0xec,  0x00,  0x00,  0x00,  0x00,  0x00,  0xf7,  0x00,  0x00,
  0x0a,  0x00,  0x00,  0xef,  0x00,  0x00,  0x00,  0x00,  0x00,  0xf7,  0x00,  0xcd,
  0x12,  0x00,  0x00,  0x00,  0x00,  0xca,  0x00,  0x00,  0x00,  0x00,  0xfc,  0xc9,
  0x00,  0x00,  0x00,  0x00,  0xfc,  0xc9,  0x00,  0x00,  0x00,  0x00,  0x00,  0x00,
  0x00,  0x00,  0x00,  0x00,  0x00,  0xcc,  0x00,  0xd4,  0x00,  0xf3,  0x00,  0x00,
  0x13,  0xde,  0x24,  0x00,  0x00,  0x00,  0x00,  0x00,  0x00,  0xe7,  0x00,  0x00,
  0x00,  0x00,  0x00,  0xe6,  0x00,  0x00,  0x00,  0x00,  0x00,  0x00,  0x00,  0x00,
  0x00,  0x00,  0x00,  0xb1,  0x00,  0x00,  0x00,  0x00,  0x00,  0xc3,  0x00,  0x00,
  0xd5,  0x00,  0x00,  0x00,  0x00,  0xf0,  0x00,  0x00,  0x00,  0x00,  0x00,  0xed,
  0x00,  0x00,  0x00,  0x00,  0x00,  0xec,  0xcd,  0x00,  0x00,  0x00,  0x00,  0xed,
  0x00,  0x00,  0x00,  0xe2,  0x00,  0xd5,  0x00,  0xeb,  0x00,  0x00,  0x00,  0xd1,
  0x00,  0xe2,  0x00,  0xeb,  0x00,  0x00,  0x00,  0xd2,  0x00,  0x00,  0xcc,  0x00,
  0x00,  0xe1,  0x00,  0x00,  0x00,  0x00,  0x00,  0x00,  0x00,  0xd8,  0xcd,  0x00,
  0x00,  0x00,  0x00,  0xe6,  0xc3,  0xe9,  0x00,  0x00,  0x00,  0xef,  0x00,  0x00,
  0x00,  0x00,  0x00,  0xf6,  0x00,  0xe9,  0x00,  0x00,  0x00,  0xdd,  0xcc,  0x00,
  0x00,  0x00,  0x00,  0xdf,  0x00,  0xf7,  0x00,  0x00,  0x00,  0x00,  0xca,  0xed,
  0x00,  0x00,  0x00,  0xf0,  0x00,  0x00,  0x00,  0x00,  0x00,  0x00,  0xcf,  0x00,
  0xd8,  0x00,  0x00,  0xee,  0x00,  0xf2,  0xdc,  0x00,  0x00,  0xfa,  0x00,  0x00,
  0x00,  0x00,  0x00,  0xfb,  0x00,  0x00,  0xcf,  0x00,  0x00,  0x00,  0x00,  0x00,
  0x00,  0x00,  0x00,  0xfb,  0x00,  0xd5,  0xd0,  0xec,  0x00,  0xf9,  0x00,  0xda,
  0x00,  0x00,  0x00,  0x00,  0x00,  0xe1,  0x00,  0x00,  0x00,  0xff,  0x00,  0x00,
  0x00,  0x00,  0x00,  0xec,  0x00,  0x00,  0x00,  0x00,  0x00,  0x00,  0xcf,  0x00,
  0x00,  0xf3,  0x00,  0x00,  0xcd,  0x00,  0x00,  0x00,  0x00,  0x00,  0x00,  0x00,
  0x00,  0xed,  0x1c,  0x07,  0x00,  0x00,  0xd0,  0xe3,  0x1a,  0x00,  0x00,  0x00,
  0x00,  0x00,  0x09,  0x04,  0x00,  0x00,  0xe1,  0x00,  0x00,  0xff,  0xdd,  0x00,
  0x00,  0x00,  0x00,  0x00,  0x00,  0x00,  0x00,  0x07,  0x00,  0x00,  0x00,  0x00,
  0x00,  0x08,  0x1a,  0xfe,  0x00,  0x00,  0x00,  0x08,  0x00,  0x00,  0x00,  0x00,
  0x00,  0x00,  0x16,  0x00,  0xdb,  0x00,  0xdd,  0x00,  0x21,  0x00,  0xde,  0x00,
  0xdc,  0x00,  0x00,  0x00,  0xe0,  0xd3,  0x00,  0x00,  0x00,  0x00,  0x00,  0x00,
  0x00,  0x00,  0x00,  0x3e,  0x00,  0xd1,  0x00,  0xe6,  0x00,  0x00,  0x00,  0x00,
  0x00,  0x00,  0x00,  0x13,  0xdc,  0x00,  0x00,  0x00,  0x00,  0x18,  0xd3,  0x00,
  0x00,  0x00,  0x00,  0x0d,  0x00,  0x00,  0x00,  0x00,  0x00,  0x13,  0xdb,  0x00,
  0x00,  0xda,  0x00,  0x0f,  0xd2,  0x00,  0x00,  0xef,  0x00,  0x0d,  0x00,  0x00,
  0x00,  0x00,  0x00,  0x15,  0x00,  0x00,  0x00,  0xee,  0xdf,  0x00,  0x00,  0x00,
  0x00,  0x00,  0x00,  0x00,  0x00,  0x00,  0x00,  0xe4,  0x00,  0x11,  0x00,  0x00,
  0x00,  0xe8,  0x00,  0x00,  0x00,  0x00,  0xe0,  0xf2,  0x00,  0xfd,  0x00,  0x00,
  0xd2,  0xe2,  0x00,  0x08,  0x00,  0x00,  0x00,  0x00,  0x00,  0xe2,  0x00,  0x00,
  0x00,  0x00,  0x00,  0xea,  0x00,  0xd9,  0x00,  0x00,  0x00,  0xfa,  0x00,  0xd7,
  0x00,  0x00,  0xee,  0x00,  0x00,  0x00,  0xca,  0xe5,  0x00,  0xff,  0xe0,  0x00,
  0x00,  0x00,  0x00,  0xfc,  0x00,  0xd3,  0x00,  0xeb,  0x00,  0x06,  0x00,  0x00,
  0x00,  0xf0,  0x00,  0x00,  0x00,  0x00,  0x00,  0xf2,  0x00,  0x04,  0x00,  0x00,
  0x00,  0xed,  0x17,  0x08,  0x00,  0x00,  0x00,  0x00,  0x00,  0x07,  0x0b,  0x00,
  0x00,  0x00,  0x00,  0x0d,  0x00,  0xd3,  0xd3,  0x00,  0x00,  0xfe,  0x00,  0x00,
  0x00,  0x00,  0x18,  0x0e,  0x00,  0xcc,  0x00,  0x00,  0x16,  0x00,  0x00,  0x00,
  0xe0,  0x00,  0x0a,  0x00,  0x00,  0x00,  0x00,  0x00,  0x00,  0x00,  0x00,  0xd1,
  0x00,  0x00,  0x00,  0x35,  0x00,  0xc9,  0x00,  0x00,  0x00,  0x00,  0x00,  0xc8,
  0x00,  0xe4,  0x00,  0x00,  0x00,  0xc1,  0x00,  0xdd,  0x00,  0x03,  0x00,  0xc1,
  0x00,  0x00,  0x00,  0x00,  0xdf,  0xc1,  0x00,  0x00,  0x18,  0x00,  0x00,  0xbd,
  0x00,  0x00,  0x00,  0x00,  0x00,  0xb4,  0x00,  0x00,  0x00,  0x05,  0x00,  0xb2,
  0x00,  0xdc,  0x00,  0x02,  0xd9,  0xa8,  0x00,  0xe0,  0x00,  0x0d,  0x00,  0xa8,
  0x00,  0xdc,  0x00,  0x0c,  0x00,  0xb2,  0x00,  0x00,  0x00,  0x09,  0xcd,  0xbf,
  0x00,  0x00,  0x00,  0x10,  0xce,  0xbc,  0xd0,  0x00,  0x00,  0x0e,  0x00,  0xb2,
  0x00,  0xe7,  0x00,  0x00,  0xc1,  0xc2,  0x00,  0xe2,  0x00,  0x00,  0x00,  0xc8,
  0x00,  0x00,  0x00,  0x00,  0xd4,  0x00,  0x00,  0x00,  0x00,  0x00,  0x00,  0x00,
  0x00,  0xef,  0x00,  0x0c,  0x00,  0x00,  0x00,  0x00,  0x00,  0xe1,  0x00,  0xc7,
  0x00,  0x00,  0x00,  0x00,  0x00,  0x00,  0xca,  0x00,  0x00,  0xfe,  0x00,  0x00,
  0x00,  0x00,  0x00,  0xe5,  0x00,  0xc9,  0x00,  0x00,  0x00,  0xe5,  0x00,  0xc1,
  0x00,  0x00,  0x00,  0xf3,  0x00,  0xde,  0x00,  0x13,  0x00,  0x00,  0x22,  0x00,
  0x00,  0x00,  0x00,  0x00,  0x00,  0xcf,  0x00,  0x00,  0x00,  0x1e,  0x21,  0xd8,
  0x00,  0x00,  0x00,  0x20,  0x00,  0xd8,  0x00,  0x00,  0x23,  0x00,  0x00,  0x00,
  0x00,  0x00,  0x26,  0x00,  0x00,  0x00,  0x00,  0x00,  0x29,  0x00,  0x00,  0x00,
  0x00,  0xf3,  0x00,  0x00,  0x00,  0x00,  0x00,  0x00,  0x00,  0xf0,  0x00,  0x00,
  0x00,  0x13,  0x00,  0xf1,  0x00,  0x00,  0x00,  0x1d,  0x00,  0xe7,  0x00,  0x00,
  0x00,  0x00,  0x00,  0xdf,  0x00,  0x00,  0x00,  0x00,  0x00,  0xea,  0x21,  0x00,
  0x00,  0x00,  0x00,  0xde,  0x00,  0x00,  0x00,  0x00,  0x00,  0xea,  0x00,  0x00,
  0x00,  0x00,  0x00,  0x00,  0x00,  0x00,  0x00,  0xef,  0x00,  0xee,  0x00,  0x00,
  0x00,  0xed,  0x00,  0xe5,  0x00,  0x00,  0x00,  0xe7,  0x00,  0x00,  0x00,  0x00,
  0x00,  0x00,  0xd6,  0xf5,  0x00,  0x00,  0x00,  0x19,  0x00,  0x00,  0x00,  0x00,
  0x00,  0x00,  0xdb,  0x00,  0x00,  0x00,  0x00,  0x00,  0x00,  0xf8,  0x13,  0x00,
  0x00,  0x00,  0x00,  0x00,  0x11,  0x00,  0x00,  0x00,  0xee,  0x00,  0x12,  0xe7,
  0x00,  0x00,  0x00,  0xfa,  0x00,  0x00,  0x00,  0x00,  0x00,  0x00,  0x00,  0x00,
  0x00,  0x00,  0x00,  0x00,  0x00,  0x00,  0x18,  0x00,  0x00,  0x00,  0x00,  0x00,
  0x00,  0x00,  0xf1,  0x00,  0x00,  0x19,  0x00,  0x00,  0x00,  0x00,  0xed,  0x00,
  0x00,  0x00,  0x00,  0x00,  0x00,  0x00,  0x00,  0x00,  0xf4,  0x00,  0x00,  0x00,
  0x00,  0x00,  0x00,  0x00,  0x00,  0x00,  0x00,  0x00,  0x00,  0x00,  0x00,  0xe7,
  0x00,  0x00,  0x00,  0x00,  0x00,  0x00,  0x00,  0x00,  0x34,  0x00,  0x00,  0x00,
  0x00,  0x00,  0x00,  0x00,  0x00,  0x00,  0x00,  0x00,  0x26,  0x00,  0x00,  0x00,
  0x00,  0xef,  0x20,  0x00,  0x00,  0x00,  0xff,  0x00,  0x0e,  0x00,  0x00,  0x00,
  0x00,  0x00,  0x13,  0x1c,  0xf0,  0x00,  0x00,  0x00,  0x00,  0x00,  0x00,  0x00,
  0x00,  0x00,  0x00,  0x00,  0x00,  0x00,  0x00,  0x00,  0x00,  0x00,  0x00,  0x00,
  0x00,  0x1a,  0x00,  0x00,  0x00,  0x00,  0x1a,  0x00,  0x00,  0x00,  0x00,  0x00,
  0x00,  0x00,  0x1a,  0x00,  0x00,  0x00,  0x00,  0x00,  0x00,  0xee,  0x00,  0x13,
  0x00,  0x00,  0x00,  0x00,  0x00,  0x00,  0x00,  0x00,  0x00,  0x00,  0x00,  0x00,
  0x00,  0x00,  0x00,  0xe5,  0x00,  0x00,  0x00,  0x00,  0x00,  0xe1,  0x00,  0x00,
  0x00,  0x00,  0x00,  0x00,  0x00,  0x10,  0x00,  0x00,  0x24,  0x00,  0x00,  0x0e,
  0x00,  0x00,  0x00,  0x00,  0x00,  0x00,  0x00,  0x00,  0x00,  0xf9,  0x00,  0x00,
  0x00,  0x00,  0x00,  0x00,  0x00,  0x00,  0x00,  0x00,  0x00,  0x00,  0x00,  0x00,
  0x00,  0x00,  0x00,  0x00,  0x00,  0x00,  0x00,  0x00,  0xeb,  0x00,  0x00,  0x00,
  0x00,  0x00,  0x00,  0x00,  0x00,  0x00,  0x00,  0x00,  0x00,  0x00,  0x00,  0x00,
  0x00,  0x00,  0x40,  0xed,  0x00,  0x00,  0x00,  0x00,  0x31,  0xec,  0x00,  0x00,
  0x00,  0x00,  0x00,  0x00,  0x00,  0x00,  0x00,  0x00,  0x00,  0x00,  0x22,  0x00,
  0x00,  0x00,  0x15,  0xe7,  0x00,  0x00,  0x00,  0x00,  0x00,  0x00,  0x00,  0x00,
  0x00,  0x19,  0x00,  0x00,  0x00,  0x00,  0x00,  0x00,  0x00,  0xe4,  0x00,  0x00,
  0x00,  0x00,  0x1e,  0xee,  0x00,  0x00,  0x00,  0x00,  0x00,  0xf0,  0x00,  0x00,
  0x00,  0x00,  0x00,  0x00,  0x1d,  0x00,  0x00,  0x00,  0x00,  0x00,  0x00,  0x00,
  0x00,  0x00,  0x00,  0x00,  0x00,  0x00,  0x00,  0x00,  0x00,  0x00,  0x00,  0x00,
  0x00,  0x00,  0x00,  0x00,  0x00,  0x00,  0x00,  0x00,  0x00,  0x00,  0x00,  0xe3,
  0x00,  0x00,  0x00,  0x00,  0x00,  0x00,  0x00,  0x00,  0xdf,  0x00,  0x00,  0x00,
  0x00,  0x00,  0x00,  0x00,  0x00,  0x00,  0x00,  0x00,  0x00,  0x00,  0x00,  0x00,
  0x00,  0x00,  0x00,  0x00,  0x00,  0x00,  0x00,  0x00,  0x00,  0x00,  0x00,  0x00,
  0x15,  0x00,  0x00,  0xe5,  0x00,  0x00,  0x00,  0x00,  0x00,  0xf0,  0x16,  0x00,
  0x00,  0x00,  0x00,  0x00,  0x00,  0x00,  0x00,  0xec,  0x00,  0x00,  0x00,  0x25,
  0x00,  0x00,  0x00,  0xec,  0x00,  0x1a,  0x00,  0x00,  0x00,  0x00,  0x00,  0x00,
  0x00,  0x1e,  0x00,  0x00,  0x00,  0x00,  0x00,  0x17,  0x00,  0x00,  0x1a,  0x12,
  0x00,  0x00,  0x00,  0x00,  0x00,  0x00,  0x1d,  0xf0,  0x00,  0x2b,  0x00,  0x00,
  0x00,  0xed,  0x00,  0x00,  0x00,  0x00,  0x00,  0x00,  0x00,  0x2c,  0x00,  0x00,
  0x00,  0x00,  0x00,  0x00,  0x00,  0x00,  0x00,  0x00,  0x00,  0x35,  0x00,  0x00,
  0x00,  0x00,  0x18,  0xe1,  0x2f,  0x00,  0x00,  0x00,  0x00,  0x00,  0x2d,  0x00,
  0x00,  0x00,  0x00,  0x00,  0x00,  0xdb,  0xdb,  0x00,  0xea,  0x00,  0x32,  0xd7,
  0x00,  0x00,  0x00,  0xee,  0x00,  0x00,  0x00,  0x00,  0x00,  0xf1,  0x00,  0x00,
  0x00,  0x00,  0x00,  0x00,  0x20,  0x00,  0x00,  0x00,  0x00,  0xe8,  0x14,  0x00,
  0x00,  0x00,  0x00,  0xf7,  0x12,  0x00,  0x00,  0xe7,  0x00,  0xf2,  0x00,  0x00,
  0x00,  0x00,  0xda,  0xf6,  0x00,  0x00,  0x00,  0x00,  0xde,  0xf2,  0x00,  0x00,
  0x19,  0xf8,  0x00,  0x00,  0xe2,  0x00,  0x00,  0x00,  0x00,  0x00,  0x00,  0x00,
  0xec,  0x00,  0x00,  0xe1,  0x00,  0x00,  0x00,  0x1d,  0x00,  0xe6,  0x00,  0xfa,
  0x00,  0x1b,  0x00,  0x00,  0x00,  0x00,  0x00,  0x00,  0x00,  0xe7,  0x00,  0x00,
  0x00,  0x00,  0x00,  0x00,  0x00,  0x00,  0x00,  0x22,  0x00,  0x00,  0x00,  0x00,
  0x00,  0x00,  0x00,  0x00,  0x00,  0x00,  0x00,  0x00,  0x00,  0x00,  0x00,  0x00,
  0x00,  0x00,  0x00,  0x00,  0x00,  0x00,  0x00,  0x00,  0x00,  0x00,  0x00,  0x00,
  0x00,  0x00,  0x0e,  0x00,  0x00,  0xda,  0x00,  0x00,  0x00,  0x00,  0x00,  0x00,
  0x00,  0x00,  0x00,  0x00,  0x00,  0xe5,  0x00,  0x00,  0xef,  0x00,  0x00,  0xda,
  0x2d,  0x00,  0x00,  0xd9,  0x00,  0xe0,  0x18,  0x00,  0x00,  0x00,  0x00,  0xe4,
  0x00,  0x00,  0x00,  0xde,  0x00,  0xe3,  0x00,  0x00,  0x00,  0x00,  0x00,  0x00,
  0x00,  0x00,  0x00,  0xd3,  0x00,  0xe5,  0x00,  0x00,  0x00,  0xd8,  0x00,  0x00,
  0x00,  0x00,  0x00,  0xe2,  0x2d,  0x00,  0xef,  0x00,  0x00,  0x00,  0x27,  0x00,
  0x00,  0x00,  0x14,  0x00,  0x2e,  0xf4,  0x00,  0x00,  0x00,  0x00,  0x2d,  0x00,
  0x00,  0x00,  0x00,  0x00,  0x00,  0xe4,  0xe4,  0x00,  0x00,  0x00,  0x22,  0xe2,
  0x00,  0x00,  0x00,  0xdd,  0x00,  0x00,  0x00,  0x13,  0x00,  0x00,  0x26,  0x00,
  0x00,  0x00,  0x00,  0x00,  0x22,  0xe4,  0x00,  0x00,  0x00,  0xf2,  0x00,  0xda,
  0x00,  0x00,  0x00,  0xec,  0x00,  0x00,  0x00,  0x10,  0xdc,  0xe5,  0x00,  0xe0,
  0x00,  0x00,  0xe2,  0xf8,  0x00,  0x00,  0x00,  0x00,  0xde,  0xe3,  0x00,  0xef,
  0x00,  0x00,  0x00,  0xee,  0x00,  0x00,  0x0e,  0x00,  0x00,  0xd3,  0xe3,  0x00,
  0x00,  0x00,  0x00,  0x00,  0x00,  0x00,  0x00,  0x00,  0x00,  0xe2,  0x00,  0x00,
  0x00,  0x00,  0x00,  0xe7,  0x00,  0x00,  0x00,  0x00,  0x00,  0xe3,  0x00,  0x00,
  0x00,  0x00,  0x00,  0x00,  0x00,  0x00,  0xe7,  0x00,  0x00,  0xf2,  0x19,  0x00,
  0x00,  0x00,  0x00,  0x00,  0x00,  0x00,  0x00,  0x00,  0x00,  0x00,  0x00,  0x00,
  0x00,  0x00,  0x2f,  0x00,  0x00,  0xe8,  0x00,  0x00,  0x00,  0x00,  0x00,  0x00,
  0x00,  0x00,  0x02,  0x00,  0x00,  0xd8,  0x00,  0x23,  0x00,  0x00,  0xf4,  0xe5,
  0x00,  0x00,  0x00,  0x00,  0x00,  0x00,  0x00,  0x00,  0x00,  0x00,  0x00,  0xe1,
  0x00,  0x00,  0xdb,  0xdb,  0x00,  0xd8,  0x00,  0x00,  0x00,  0xe3,  0x00,  0xe9,
  0x09,  0x00,  0x00,  0xe1,  0x00,  0x00,  0xdb,  0x00,  0x37,  0xe0,  0x22,  0xd8,
  0x00,  0x00,  0x00,  0x00,  0x00,  0xea,  0x00,  0x00,  0x00,  0xdf,  0x00,  0x00,
  0xe3,  0x00,  0x00,  0x00,  0x00,  0x00,  0x00,  0x00,  0x00,  0x00,  0x37,  0x00,
  0x00,  0x00,  0x00,  0x00,  0x31,  0x00,  0x03,  0x00,  0x00,  0xe2,  0x2c,  0x00,
  0x00,  0x3c,  0x00,  0xdf,  0x33,  0x00,  0x00,  0x00,  0x00,  0xcf,  0x2f,  0x00,
  0x00,  0x14,  0x00,  0xe8,  0x31,  0x00,  0x00,  0x00,  0x00,  0xe5,  0x30,  0xda,
  0x00,  0x00,  0x00,  0x00,  0x00,  0x00,  0xfe,  0x00,  0x00,  0x00,  0x00,  0x00,
  0x00,  0x00,  0x00,  0x00,  0x00,  0x00,  0x00,  0x00,  0x00,  0x00,  0x00,  0x00,
  0x00,  0x00,  0xe0,  0x00,  0x00,  0xdf,  0x00,  0x00,  0x00,  0xf5,  0x00,  0x00,
  0x17,  0x00,  0x00,  0x00,  0x00,  0x00,  0x00,  0x00,  0x00,  0x00,  0x00,  0x00,
  0x00,  0x00,  0x00,  0x00,  0x00,  0x00,  0x00,  0x13,  0x00,  0x00,  0x00,  0x00,
  0x00,  0x00,  0x00,  0x00,  0x00,  0xed,  0xfc,  0x00,  0x00,  0xf2,  0x00,  0xe7,
  0x00,  0x00,  0x00,  0x00,  0x00,  0x00,  0x00,  0x00,  0x00,  0xe6,  0x1a,  0x00,
  0x00,  0x00,  0x00,  0xf1,  0x00,  0xde,  0x00,  0x00,  0x00,  0x00,  0x00,  0x00,
  0x00,  0x00,  0x00,  0x00,  0x00,  0xe4,  0x00,  0x00,  0x00,  0x00,  0x00,  0xe4,
  0x00,  0x00,  0x00,  0x00,  0x00,  0x00,  0x00,  0x00,  0x00,  0x00,  0x00,  0xda,
  0x00,  0x00,  0x00,  0x00,  0x00,  0x00,  0x00,  0x00,  0x00,  0x00,  0x00,  0xe4,
  0x00,  0x00,  0x00,  0x54,  0x00,  0x00,  0x00,  0x00,  0x00,  0x4f,  0xeb,  0x00,
  0x00,  0x00,  0xd7,  0x00,  0x00,  0x00,  0x00,  0x00,  0x00,  0x00,  0x00,  0x00,
  0x00,  0x00,  0x00,  0x00,  0x00,  0x00,  0x00,  0x00,  0x00,  0x4d,  0x00,  0x32,
  0x00,  0x00,  0x00,  0x00,  0x00,  0x00,  0x00,  0x00,  0x00,  0x00,  0x00,  0x33,
  0x00,  0x00,  0xd8,  0x43,  0x00,  0x00,  0x00,  0x00,  0xd7,  0x00,  0x00,  0x00,
  0x00,  0x00,  0xd7,  0x00,  0x00,  0x00,  0x2e,  0x00,  0xea,  0x11,  0x12,  0x00,
  0x00,  0x00,  0x00,  0x19,  0x00,  0x00,  0x00,  0x00,  0x00,  0x0c,  0x11,  0x00,
  0x00,  0x04,  0x00,  0x00,  0x0c,  0x00,  0x00,  0x00,  0x00,  0x00,  0x00,  0x2d,
  0x00,  0x00,  0x00,  0x00,  0x00,  0x22,  0x00,  0x00,  0xdb,  0x00,  0x00,  0x00,
  0x00,  0x00,  0xdf,  0x00,  0x10,  0x00,  0x00,  0x00,  0xe2,  0x00,  0x00,  0x00,
  0x00,  0x00,  0xe7,  0x00,  0x00,  0x00,  0x00,  0x00,  0xd4,  0x00,  0x00,  0x00,
  0x00,  0x00,  0xd9,  0x00,  0x00,  0x00,  0x00,  0x00,  0xe9,  0x00,  0x15,  0x00,
  0x00,  0x00,  0x00,  0x2f,  0x00,  0x00,  0x00,  0x00,  0x00,  0x00,  0x00,  0x00,
  0x00,  0x00,  0x00,  0x00,  0x00,  0x00,  0x00,  0x00,  0xdc,  0x00,  0x00,  0x00,
  0x00,  0x00,  0xd9,  0x00,  0x00,  0x00,  0x00,  0x02,  0xd3,  0x00,  0x00,  0x00,
  0x00,  0x00,  0x00,  0x00,  0x00,  0x00,  0x00,  0x00,  0xd9,  0x1f,  0x00,  0x00,
  0x00,  0x00,  0x00,  0x00,  0x00,  0x00,  0x00,  0x00,  0xe4,  0x1b,  0x00,  0x00,
  0x00,  0x00,  0xea,  0x00,  0x00,  0x00,  0x00,  0x00,  0x00,  0x1b,  0x00,  0x00,
  0x00,  0x00,  0xed,  0x1d,  0x00,  0x00,  0x00,  0x00,  0x00,  0x26,  0x00,  0x00,
  0x00,  0x12,  0x00,  0x1e,  0x00,  0xfd,  0x00,  0x00,  0x00,  0x00,  0x00,  0x00,
  0x00,  0x00,  0xd8,  0x12,  0x00,  0x00,  0x00,  0x00,  0x00,  0x00,  0x00,  0x00,
  0x00,  0x00,  0x00,  0x13,  0x00,  0x00,  0x00,  0x00,  0x00,  0x00,  0x00,  0x00,
  0x00,  0x00,  0x00,  0x18,  0x00,  0x00,  0x00,  0x00,  0xc7,  0x18,  0x00,  0x2f,
  0x00,  0x00,  0xd0,  0x1a,  0x00,  0x00,  0x00,  0xe5,  0x00,  0x00,  0x00,  0x34,
  0x00,  0x00,  0x00,  0x00,  0x00,  0x00,  0x00,  0x00,  0x00,  0x00,  0x00,  0x00,
  0x00,  0x00,  0x00,  0x00,  0x00,  0x00,  0x07,  0x00,  0x00,  0x00,  0x00,  0x00,
  0x00,  0x00,  0x00,  0x25,  0x00,  0x00,  0x00,  0x00,  0x00,  0x30,  0x00,  0x00,
  0x00,  0x00,  0x00,  0x00,  0x00,  0x00,  0x00,  0x00,  0x00,  0x00,  0x08,  0x00,
  0x00,  0xdc,  0x01,  0x00,  0x07,  0x00,  0x00,  0xdb,  0xed,  0x2c,  0x00,  0x00,
  0x00,  0xdf,  0x00,  0x34,  0x00,  0x00,  0x00,  0x00,  0x00,  0x00,  0x00,  0x00,
  0x00,  0x00,  0x00,  0x00,  0x00,  0x2c,  0x00,  0x00,  0x00,  0x00,  0x00,  0x00,
  0x00,  0x00,  0x00,  0x00,  0x00,  0x00,  0x00,  0x00,  0x0b,  0x00,  0x00,  0x00,
  0x00,  0x00,  0x05,  0x00,  0x00,  0x2c,  0x02,  0x00,  0x05,  0x00,  0x00,  0x00,
  0x09,  0x00,  0x06,  0x00,  0x00,  0x00,  0x00,  0x00,  0x00,  0x00,  0x00,  0x00,
  0xf9,  0x00,  0x00,  0x14,  0x10,  0x00,  0x00,  0x00,  0xf7,  0x12,  0x00,  0x00,
  0x00,  0x00,  0x00,  0x00,  0x00,  0x00,  0x00,  0x00,  0x00,  0x17,  0x00,  0x00,
  0x00,  0xf2,  0x00,  0x20,  0x00,  0x00,  0x00,  0xf2,  0x04,  0x0d,  0x00,  0x03,
  0x00,  0x00,  0x00,  0x0d,  0x00,  0x00,  0xf6,  0x00,  0x00,  0x14,  0x00,  0xfe,
  0x00,  0x00,  0x00,  0x00,  0x00,  0x01,  0x00,  0x00,  0xdf,  0x00,  0x00,  0x00,
  0x00,  0x00,  0x00,  0x00,  0x00,  0x00,  0x00,  0x00,  0xca,  0xec,  0x00,  0x00,
  0x02,  0x00,  0x00,  0x00,  0x00,  0x2f,  0x00,  0x00,  0x00,  0x00,  0x00,  0x00,
  0x00,  0xe6,  0x00,  0x00,  0x00,  0x00,  0x00,  0xde,  0x00,  0x00,  0x00,  0x3a,
  0x00,  0xe1,  0x00,  0xed,  0x00,  0x43,  0x00,  0x00,  0x00,  0x00,  0x00,  0x3a,
  0x00,  0x00,  0x00,  0x00,  0x00,  0x00,  0x00,  0x00,  0x00,  0x00,  0x0a,  0x41,
  0x00,  0x00,  0xd9,  0x00,  0x00,  0x44,  0x00,  0x00,  0x00,  0x00,  0x00,  0x00,
  0x00,  0x00,  0x00,  0x00,  0x00,  0x36,  0x00,  0x00,  0x00,  0x00,  0x13,  0x31,
  0x00,  0x00,  0x00,  0x00,  0x00,  0x37,  0x00,  0x00,  0x00,  0x1f,  0x00,  0x00,
  0x00,  0x00,  0x00,  0x16,  0x00,  0x36,  0x00,  0x00,  0x00,  0x28,  0x00,  0x00,
  0x00,  0x00,  0x00,  0x1e,  0x00,  0x00,  0x00,  0x00,  0x00,  0x15,  0x04,  0x00,
  0x00,  0x00,  0x00,  0x20,  0x00,  0x00,  0x00,  0x00,  0x00,  0x00,  0x00,  0x00,
  0x00,  0x00,  0x00,  0x00,  0x00,  0x00,  0x00,  0x00,  0x00,  0x1d,  0xff,  0x00,
  0x00,  0x00,  0x00,  0x1b,  0xfb,  0x00,  0x00,  0x00,  0x00,  0x1b,  0x00,  0x00,
  0x1a,  0x00,  0x00,  0x00,  0x00,  0x00,  0x00,  0x00,  0xee,  0x15,  0x00,  0x1d,
  0x00,  0x00,  0x00,  0x00,  0x00,  0x00,  0x08,  0xf7,  0xf9,  0x00,  0x00,  0x00,
  0x00,  0x00,  0x00,  0x00,  0x28,  0xf9,  0x00,  0x00,  0x00,  0x00,  0x00,  0x00,
  0x00,  0x00,  0x14,  0x00,  0x00,  0xf3,  0x00,  0x00,  0x16,  0x39,  0x00,  0x00,
  0x00,  0x00,  0x00,  0x23,  0x00,  0x00,  0x00,  0x00,  0x00,  0x3f,  0x00,  0xfa,
  0x00,  0xf0,  0x00,  0x00,  0x00,  0x00,  0xf1,  0xe7,  0x00,  0x00,  0x00,  0xfa,
  0x00,  0x00,  0x00,  0x00,  0x00,  0x00,  0x00,  0xeb,  0x00,  0x00,  0x00,  0x00,
  0x00,  0x00,  0xdf,  0x1f,  0x00,  0xf9,  0x1c,  0x00,  0x00,  0x00,  0x00,  0x00,
  0x00,  0x00,  0xf4,  0x00,  0x00,  0x00,  0x00,  0x00,  0x00,  0xf5,  0x00,  0x00,
  0x00,  0x00,  0x00,  0x00,  0x00,  0x00,  0x00,  0x00,  0x00,  0x00,  0x00,  0x00,
  0x00,  0x00,  0x00,  0x00,  0x26,  0x00,  0x00,  0x1e,  0x00,  0x00,  0x00,  0x00,
  0x00,  0x00,  0x00,  0x00,  0x00,  0x00,  0x1a,  0x00,  0x17,  0x29,  0x00,  0xf0,
  0x15,  0xfd,  0x00,  0x27,  0x00,  0x00,  0x00,  0xf4,  0x00,  0x33,  0x00,  0x00,
  0x00,  0x00,  0x00,  0x00,  0x04,  0x00,  0x00,  0x00,  0x00,  0x40,  0x00,  0x00,
  0x00,  0x00,  0x00,  0x28,  0x00,  0x00,  0x00,  0x00,  0x00,  0x00,  0x00,  0x00,
  0x25,  0x00,  0x00,  0x00,  0x00,  0x00,  0x00,  0x00,  0x00,  0x00,  0xfc,  0x00,
  0x00,  0x00,  0x25,  0x00,  0x00,  0x12,  0x24,  0x00,  0x00,  0x00,  0x00,  0x20,
  0x00,  0x00,  0x00,  0x00,  0x00,  0x15,  0x00,  0x00,  0x00,  0x00,  0x00,  0x16,
  0x00,  0x00,  0xfe,  0x00,  0x00,  0x00,  0x00,  0x1c,  0x00,  0x00,  0x00,  0x20,
  0x12,  0x00,  0x00,  0xf6,  0x00,  0x1c,  0x00,  0xf3,  0x00,  0xef,  0x00,  0x00,
  0x0d,  0x00,  0x32,  0xfb,  0x00,  0x00,  0x00,  0xf0,  0x23,  0xf8,  0x00,  0x00,
  0x00,  0x00,  0x35,  0x00,  0x00,  0x00,  0x00,  0x00,  0x00,  0x00,  0x00,  0x00,
  0x00,  0x00,  0x00,  0x00,  0x00,  0x00,  0x1c,  0x00,  0x00,  0x00,  0x00,  0x00,
  0x00,  0x00,  0x00,  0x00,  0x2c,  0x00,  0x00,  0x00,  0x00,  0x00,  0x00,  0x00,
  0x00,  0x00,  0x39,  0x00,  0x00,  0x00,  0x00,  0xf4,  0x00,  0xf8,  0x00,  0x00,
  0x00,  0x00,  0x00,  0x00,  0x00,  0x12,  0x00,  0xe7,  0x00,  0x00,  0x00,  0x00,
  0x00,  0xec,  0x00,  0xe5,  0x00,  0x00,  0x00,  0xe9,  0x00,  0xe0,  0x00,  0x00,
  0x0c,  0xee,  0x00,  0xf3,  0x00,  0x10,  0x00,  0xea,  0x00,  0xf8,  0x00,  0x00,
  0x00,  0x00,  0x00,  0x00,  0x00,  0x00,  0x1a,  0x00,  0x00,  0x22,  0x2c,  0x16,
  0x00,  0x00,  0x00,  0x00,  0x00,  0x00,  0x00,  0x00,  0x00,  0x23,  0x00,  0x00,
  0x0f,  0x00,  0x00,  0x00,  0x00,  0x00,  0x00,  0x00,  0x00,  0x00,  0x00,  0x00,
  0x00,  0x00,  0x00,  0x29,  0xfc,  0x00,  0x00,  0x00,  0x00,  0x00,  0x00,  0x00,
  0x00,  0x00,  0x00,  0x31,  0x00,  0x00,  0x00,  0x00,  0x3b,  0x51,  0x00,  0x00,
  0x00,  0x00,  0x00,  0x3e,  0x00,  0x00,  0xde,  0x00,  0x00,  0x00,  0xee,  0x00,
  0x00,  0x00,  0x3a,  0x00,  0xe9,  0x00,  0x00,  0xe9,  0x00,  0x00,  0x00,  0x25,
  0x00,  0x00,  0x3e,  0x00,  0xec,  0x00,  0x17,  0x00,  0x00,  0x00,  0x00,  0x34,
  0x00,  0x00,  0x00,  0x00,  0x00,  0x28,  0x00,  0x00,  0x00,  0x00,  0x00,  0x38,
  0x11,  0x00,  0x00,  0xf5,  0x00,  0x39,  0x00,  0x00,  0x00,  0x00,  0x00,  0x00,
  0x14,  0x00,  0x00,  0x00,  0x19,  0x00,  0x00,  0x00,  0x00,  0x00,  0x00,  0x23,
  0x00,  0x00,  0x00,  0x00,  0x00,  0x00,  0x00,  0xeb,  0x00,  0x00,  0x00,  0x00,
  0x00,  0xee,  0x00,  0x28,  0x00,  0xf5,  0x00,  0xfd,  0x00,  0x00,  0x00,  0x00,
  0x00,  0xfd,  0x00,  0x00,  0x00,  0x00,  0x09,  0x00,  0x50,  0x00,  0xe8,  0x00,
  0x00,  0xf9,  0x44,  0x00,  0x00,  0xfe,  0x00,  0x00,  0x00,  0x00,  0xef,  0x00,
  0x11,  0x00,  0x00,  0x00,  0x00,  0x00,  0x00,  0x00,  0x00,  0x00,  0x00,  0x00,
  0x00,  0x00,  0x00,  0x00,  0x00,  0xf7,  0x00,  0xee,  0x00,  0x00,  0x00,  0xf8,
  0x00,  0x00,  0x00,  0x00,  0x00,  0xfd,  0x00,  0x00,  0x00,  0x00,  0x00,  0x00,
  0x00,  0x00,  0x00,  0x00,  0x00,  0x00,  0x00,  0x00,  0x00,  0x00,  0x00,  0xfc,
  0x00,  0x00,  0x14,  0x00,  0x00,  0xf8,  0x00,  0x00,  0x00,  0x41,  0x00,  0x00,
  0x00,  0x00,  0x00,  0x00,  0x00,  0x00,  0x00,  0x00,  0x00,  0x2d,  0x00,  0x07,
  0x00,  0x00,  0x00,  0x00,  0x00,  0x00,  0x00,  0x00,  0x00,  0x00,  0x00,  0x00,
  0xef,  0x00,  0x00,  0x00,  0x00,  0x00,  0x00,  0x00,  0x00,  0x00,  0x00,  0x00,
  0x00,  0x00,  0x00,  0x03,  0x00,  0x00,  0x00,  0x00,  0x00,  0x00,  0xf8,  0x00,
  0x00,  0x00,  0x00,  0x00,  0x00,  0x00,  0x00,  0x00,  0x00,  0x00,  0x00,  0x00,
  0x00,  0x00,  0x00,  0x00,  0x00,  0x00,  0x00,  0x00,  0x00,  0x00,  0x00,  0x00,
  0x00,  0x00,  0x00,  0x09,  0x00,  0x00,  0x00,  0x00,  0x00,  0x00,  0x00,  0x00,
  0x00,  0x00,  0x00,  0x00,  0xfb,  0x00,  0x00,  0x00,  0x00,  0x00,  0x00,  0x03,
  0x00,  0x00,  0x00,  0x00,  0x00,  0x00,  0xe3,  0x00,  0x00,  0x00,  0x00,  0x00,
  0x00,  0x00,  0x00,  0x00,  0x00,  0x00,  0x00,  0x00,  0x00,  0x00,  0x00,  0x00,
  0x00,  0x00,  0x00,  0x00,  0x00,  0x00,  0x00,  0x00,  0x00,  0x00,  0x00,  0x00,
  0x00,  0x00,  0x00,  0x00,  0xd6,  0x00,  0x00,  0x00,  0x00,  0x00,  0x00,  0x00,
  0x00,  0x00,  0x00,  0x00,  0x00,  0x00,  0xf8,  0x00,  0x00,  0x00,  0x00,  0x00,
  0x00,  0x00,  0x00,  0x00,  0x00,  0x00,  0x00,  0x00,  0x17,  0x00,  0xf8,  0x02,
  0x00,  0x00,  0x00,  0x00,  0x00,  0x00,  0x00,  0x00,  0x00,  0x00,  0x00,  0x04,
  0x00,  0x00,  0x00,  0x00,  0x00,  0x03,  0xef,  0x00,  0x00,  0x00,  0x00,  0x00,
  0xf5,  0x04,  0x00,  0x00,  0x00,  0x00,  0x00,  0x00,  0x00,  0x00,  0x00,  0xfe,
  0x00,  0x00,  0x15,  0x00,  0x00,  0x00,  0x00,  0x00,  0x00,  0x00,  0x00,  0x00,
  0x00,  0x00,  0x00,  0x00,  0x00,  0xf8,  0x00,  0x00,  0x00,  0x00,  0x00,  0x00,
  0x00,  0x00,  0x00,  0x2f,  0x00,  0x00,  0x00,  0x00,  0x00,  0x36,  0x00,  0xfd,
  0x00,  0x00,  0x00,  0x00,  0x00,  0xfa,  0x00,  0x00,  0x00,  0x00,  0x00,  0x00,
  0xeb,  0x00,  0x00,  0x00,  0x00,  0x00,  0x00,  0x00,  0x00,  0x00,  0x00,  0x00,
  0xec,  0x00,  0x00,  0x00,  0x00,  0x00,  0x00,  0x00,  0x00,  0x00,  0x00,  0x00,
  0x00,  0x00,  0x00,  0x00,  0x00,  0x00,  0x00,  0x00,  0x00,  0x00,  0x00,  0x00,
  0x00,  0x00,  0x00,  0x00,  0x00,  0x00,  0x00,  0x00,  0x00,  0x00,  0x00,  0x00,
  0x00,  0x0b,  0x00,  0x00,  0x00,  0xff,  0x00,  0x0c,  0x00,  0x00,  0x00,  0x00,
  0xd7,  0x00,  0x00,  0x00,  0xf8,  0x04,  0x00,  0x00,  0x00,  0x00,  0x00,  0x00,
  0x00,  0x00,  0x00,  0x00,  0x00,  0x01,  0x00,  0x00,  0x00,  0x00,  0x00,  0x00,
  0x00,  0x00,  0x00,  0x00,  0x00,  0x00,  0x00,  0x00,  0x00,  0x00,  0x00,  0x00,
  0x00,  0x00,  0x00,  0x00,  0x00,  0x00,  0x00,  0x00,  0xdf,  0x00,  0xf6,  0x00,
  0xe1,  0x00,  0x00,  0x00,  0x00,  0x00,  0x00,  0x00,  0x00,  0x34,  0x00,  0x00,
  0x00,  0x00,  0x00,  0x00,  0x00,  0xf6,  0x00,  0x00,  0x00,  0x00,  0x00,  0x00,
  0x00,  0x00,  0x00,  0x00,  0x00,  0x00,  0x00,  0xf9,  0x00,  0x00,  0x00,  0x00,
  0x00,  0x00,  0x29,  0x00,  0x00,  0x00,  0x00,  0x00,  0x00,  0x00,  0x00,  0x04,
  0xec,  0x00,  0x00,  0x00,  0x00,  0x00,  0x00,  0x00,  0x00,  0x36,  0x00,  0x00,
  0xf1,  0x00,  0x00,  0x00,  0xfa,  0x02,  0x00,  0x00,  0x00,  0x38,  0x00,  0x00,
  0x00,  0x00,  0x00,  0x00,  0x00,  0x05,  0x00,  0x00,  0x00,  0x00,  0x00,  0x00,
  0x00,  0x00,  0x00,  0x31,  0x00,  0x00,  0x00,  0x00,  0x00,  0x36,  0x00,  0x00,
  0x00,  0x00,  0x00,  0x00,  0xfa,  0x00,  0x00,  0x00,  0x00,  0x35,  0xf9,  0xfe,
  0xe7,  0x00,  0x00,  0x00,  0x00,  0x00,  0x00,  0x00,  0xe6,  0x00,  0x00,  0x00,
  0xe1,  0x00,  0x00,  0x00,  0x00,  0x00,  0x00,  0x00,  0xd9,  0x00,  0xd4,  0x00,
  0x00,  0x00,  0x00,  0x00,  0x00,  0x00,  0x00,  0x00,  0x00,  0x00,  0x00,  0x00,
  0xe1,  0x00,  0x00,  0x00,  0x00,  0x00,  0xe9,  0x00,  0x00,  0x00,  0x00,  0x00,
  0x00,  0x00,  0x00,  0x00,  0x00,  0x00,  0x00,  0x00,  0x00,  0x31,  0x00,  0x00,
  0x00,  0x00,  0x00,  0x00,  0x00,  0x00,  0x00,  0x00,  0x00,  0x00,  0x00,  0x00,
  0xf0,  0x00,  0xdd,  0x30,  0x00,  0x00,  0xe7,  0x00,  0x00,  0x00,  0x00,  0x04,
  0x00,  0x00,  0x00,  0x00,  0x00,  0x00,  0x00,  0x00,  0x00,  0x00,  0x00,  0x00,
  0xe2,  0x00,  0x00,  0x00,  0x00,  0x00,  0x00,  0x00,  0x00,  0x00,  0xf9,  0x00,
  0x00,  0x00,  0x00,  0x00,  0x00,  0x00,  0x00,  0x03,  0x00,  0x00,  0x00,  0xfe,
  0x00,  0x00,  0x00,  0x00,  0x00,  0x08,  0x00,  0x00,  0x1e,  0x00,  0x00,  0x00,
  0x00,  0x00,  0x00,  0x00,  0x00,  0x00,  0x00,  0x00,  0x00,  0x00,  0x00,  0x00,
  0xfa,  0x00,  0x00,  0x00,  0x00,  0x00,  0x00,  0x00,  0x00,  0x00,  0x00,  0x0a,
  0x00,  0x00,  0x00,  0x00,  0x00,  0x00,  0x00,  0x00,  0x00,  0x00,  0x00,  0x00,
  0x00,  0x00,  0xf5,  0x00,  0x00,  0x00,  0x00,  0x00,  0x00,  0x00,  0x00,  0x00,
  0x00,  0x00,  0x00,  0x00,  0x00,  0x00,  0x00,  0xfb,  0x00,  0x14,  0x00,  0x00,
  0x16,  0x00,  0x00,  0x1d,  0x00,  0x00,  0x00,  0x00,  0xf3,  0x19,  0x00,  0x00,
  0x00,  0x00,  0xf2,  0x1b,  0x00,  0xde,  0x00,  0xd0,  0x00,  0x16,  0xfb,  0x00,
  0x00,  0xd3,  0x00,  0x00,  0x00,  0x00,  0x00,  0x00,  0x00,  0x18,  0xfe,  0x00,
  0x00,  0x00,  0x00,  0x00,  0x00,  0x00,  0x00,  0x00,  0x00,  0x00,  0x00,  0xdb,
  0x00,  0x00,  0x00,  0x00,  0xff,  0x00,  0x1e,  0x00,  0xf9,  0x00,  0x00,  0x00,
  0x00,  0x00,  0x00,  0x00,  0x00,  0x00,  0xfd,  0x00,  0x00,  0x00,  0x00,  0xd5,
  0x00,  0x00,  0x00,  0x0e,  0x00,  0x00,  0x00,  0x00,  0x00,  0x00,  0x00,  0x00,
  0x00,  0xd8,  0x00,  0x0e,  0x00,  0x00,  0x00,  0xd5,  0x00,  0x00,  0x00,  0x00,
  0x00,  0x00,  0xf8,  0x00,  0x00,  0x00,  0x00,  0x00,  0xfd,  0x00,  0x00,  0x00,
  0x17,  0x00,  0x00,  0x00,  0x00,  0x04,  0x27,  0x00,  0x00,  0x00,  0x00,  0x00,
  0x00,  0x00,  0x00,  0x00,  0x00,  0xff,  0x21,  0x00,  0x00,  0x00,  0x00,  0x00,
  0x00,  0x00,  0x00,  0x00,  0x00,  0xfe,  0x00,  0x00,  0x00,  0x00,  0x00,  0x00,
  0x00,  0x00,  0x00,  0x15,  0x00,  0x00,  0x00,  0x00,  0x00,  0x00,  0x07,  0x00,
  0x00,  0x00,  0x00,  0x00,  0x04,  0x00,  0x00,  0x00,  0x00,  0x00,  0x00,  0x00,
  0x06,  0x0a,  0x00,  0x00,  0x00,  0x00,  0x00,  0xf8,  0x00,  0x00,  0x00,  0x00,
  0x23,  0x00,  0x00,  0x00,  0x00,  0x03,  0x00,  0x00,  0xf4,  0x00,  0xd4,  0x00,
  0x00,  0x00,  0xee,  0x00,  0xd4,  0x00,  0x00,  0x00,  0x01,  0x00,  0x00,  0x00,
  0x00,  0x00,  0xf8,  0x00,  0x00,  0xe6,  0x00,  0x00,  0x00,  0x00,  0x00,  0x00,
  0x00,  0x00,  0x00,  0x0f,  0x00,  0x00,  0x00,  0x00,  0xe2,  0x12,  0xda,  0x00,
  0x20,  0x00,  0x00,  0x07,  0x00,  0x00,  0x00,  0x00,  0x00,  0x00,  0x00,  0x00,
  0x00,  0xd2,  0x00,  0x00,  0x00,  0x00,  0x00,  0xd9,  0x00,  0x00,  0x00,  0x00,
  0x00,  0xd8,  0xff,  0x00,  0x00,  0x00,  0x00,  0xd8,  0x00,  0x14,  0x00,  0x0b,
  0x00,  0x00,  0x00,  0x00,  0x00,  0x00,  0x2f,  0x00,  0x00,  0x13,  0x00,  0x04,
  0x00,  0x00,  0x00,  0x00,  0x00,  0x00,  0x00,  0x00,  0x00,  0x00,  0x00,  0x00,
  0x00,  0x00,  0x00,  0x00,  0x00,  0x00,  0x00,  0x00,  0x00,  0x00,  0x00,  0x00,
  0x00,  0xd7,  0x00,  0x00,  0x00,  0x0a,  0x00,  0x00,  0x00,  0x00,  0x00,  0x00,
  0x00,  0x00,  0x00,  0x00,  0x00,  0x01,  0xf9,  0x00,  0xdc,  0x00,  0x00,  0x0d,
  0x00,  0xd8,  0x00,  0xe0,  0x00,  0x00,  0x00,  0xd0,  0xd1,  0x00,  0xfd,  0x03,
  0x00,  0x00,  0xe4,  0x00,  0x00,  0x00,  0x3a,  0x00,  0xd0,  0x00,  0x0c,  0x00,
  0x00,  0x00,  0xeb,  0x00,  0x00,  0x00,  0x00,  0x00,  0x00,  0x10,  0x00,  0x00,
  0x29,  0x00,  0x00,  0x00,  0x00,  0x00,  0x00,  0x00,  0x00,  0x00,  0x00,  0x00,
  0x00,  0x00,  0x0f,  0x00,  0x00,  0x00,  0x00,  0x00,  0x00,  0x00,  0x00,  0x00,
  0x00,  0x00,  0x00,  0x00,  0x00,  0xfd,  0x00,  0x00,  0xe4,  0x00,  0x00,  0x00,
  0x2d,  0x00,  0xdb,  0x00,  0xda,  0x02,  0x00,  0x00,  0xf6,  0x00,  0x00,  0x00,
  0x00,  0x00,  0x00,  0x00,  0x00,  0xf8,  0x00,  0x00,  0x05,  0x00,  0x00,  0x00,
  0x00,  0x00,  0x08,  0x00,  0x00,  0x00,  0x00,  0x00,  0x00,  0x00,  0x00,  0x00,
  0x00,  0x00,  0x00,  0x00,  0x00,  0x00,  0x00,  0x00,  0xe9,  0x14,  0x00,  0x00,
  0x00,  0x00,  0xde,  0x0a,  0x00,  0x00,  0x00,  0x00,  0x00,  0x07,  0x00,  0x00,
  0x00,  0x00,  0x00,  0x00,  0x00,  0x00,  0x00,  0x00,  0x00,  0x13,  0x00,  0x00,
  0x00,  0x00,  0x00,  0x10,  0x00,  0x00,  0x00,  0x00,  0x09,  0x08,  0x00,  0x00,
  0x00,  0xc9,  0x00,  0x0b,  0x00,  0x00,  0x00,  0xd5,  0x00,  0x0f,  0xd7,  0x00,
  0x00,  0x00,  0x00,  0x00,  0x00,  0x00,  0x00,  0x00,  0x00,  0x00,  0x00,  0x00,
  0x00,  0x00,  0x00,  0x00,  0xd6,  0x00,  0x00,  0x00,  0x00,  0x00,  0x00,  0x0e,
  0x00,  0x00,  0x00,  0x00,  0x00,  0x10,  0x00,  0x00,  0x00,  0x00,  0xfd,  0x00,
  0x00,  0x00,  0x00,  0xd7,  0xfd,  0x00,  0x00,  0x00,  0x00,  0x00,  0x01,  0x00,
  0x03,  0x00,  0xbf,  0xf1,  0xe8,  0x1f,  0x00,  0x00,  0xcc,  0xe3,  0xe9,  0x00,
  0x00,  0x00,  0x00,  0x00,  0x00,  0x27,  0x00,  0x00,  0x00,  0xd2,  0x00,  0x2d,
  0x00,  0x00,  0x00,  0xec,  0x00,  0x19,  0xe7,  0x17,  0x00,  0x00,  0x00,  0x00,
  0x00,  0x11,  0xdc,  0x00,  0x14,  0x00,  0x00,  0x00,  0xd1,  0x00,  0x00,  0x00,
  0x00,  0x00,  0x00,  0x00,  0x00,  0xed,  0x00,  0x00,  0x00,  0x00,  0x00,  0x00,
  0xe5,  0x00,  0x00,  0x23,  0x00,  0xef,  0xe3,  0x00,  0x00,  0x18,  0xe5,  0xee,
  0x00,  0x00,  0x00,  0x1c,  0xe6,  0x00,  0x00,  0x00,  0x00,  0x00,  0x00,  0x00,
  0x00,  0x00,  0xd7,  0x00,  0x00,  0x00,  0x0c,  0x00,  0xd0,  0xe8,  0x00,  0x00,
  0x00,  0x00,  0xcf,  0xe4,  0x00,  0x00,  0x00,  0x00,  0x00,  0xdd,  0x00,  0x00,
  0x00,  0x00,  0x00,  0xe2,  0x00,  0x00,  0x00,  0x00,  0x00,  0xd9,  0xee,  0x00,
  0x00,  0x00,  0x00,  0xdf,  0x00,  0x00,  0x00,  0x00,  0x00,  0x00,  0x00,  0x00,
  0xdd,  0x00,  0x00,  0x00,  0x1d,  0x00,  0x00,  0x00,  0x00,  0x00,  0x00,  0x00,
  0x00,  0x00,  0x00,  0x00,  0x00,  0x00,  0xec,  0x00,  0x00,  0x00,  0x00,  0x00,
  0x00,  0x00,  0x00,  0x12,  0x14,  0x00,  0x00,  0x00,  0x00,  0x16,  0x00,  0x00,
  0x00,  0x00,  0x00,  0x0d,  0x00,  0x00,  0x09,  0x00,  0xdc,  0x26,  0x00,  0x00,
  0x00,  0x00,  0x00,  0x00,  0x00,  0x00,  0x00,  0x00,  0x00,  0x10,  0x00,  0x00,
  0x00,  0xea,  0x00,  0x08,  0x00,  0x00,  0x00,  0x00,  0xed,  0x0e,  0x00,  0x00,
  0x00,  0x00,  0xe1,  0x13,  0xe6,  0x00,  0x00,  0x00,  0xd8,  0x00,  0xe2,  0x00,
  0xfc,  0x00,  0xf0,  0x00,  0x00,  0x24,  0x00,  0xe6,  0x00,  0xd2,  0x00,  0x00,
  0x00,  0x00,  0x00,  0x00,  0x00,  0x00,  0x00,  0xeb,  0x00,  0xce,  0x00,  0x22,
  0xde,  0xe6,  0x00,  0x00,  0x00,  0x20,  0x00,  0x00,  0x00,  0xd1,  0x17,  0x00,
  0x00,  0x00,  0xe4,  0x00,  0x13,  0x18,  0x00,  0x00,  0xe1,  0xce,  0x00,  0x00,
  0x00,  0x00,  0x00,  0x00,  0x00,  0x00,  0x00,  0xe9,  0x0c,  0x00,  0x00,  0xf5,
  0xdc,  0x00,  0x0f,  0x00,  0x00,  0x00,  0x00,  0x00,  0x03,  0x00,  0xed,  0x00,
  0x00,  0x00,  0x00,  0xd0,  0x00,  0x00,  0xd7,  0x00,  0x00,  0x00,  0x00,  0x00,
  0x00,  0xec,  0x00,  0x00,  0x00,  0x00,  0x00,  0x00,  0x00,  0xc9,  0xe5,  0x00,
  0x00,  0x00,  0x00,  0x00,  0xeb,  0x00,  0x00,  0x00,  0x00,  0x00,  0x00,  0xf3,
  0x00,  0xe5,  0x00,  0xd0,  0x00,  0x00,  0x00,  0xe9,  0xf7,  0xc1,  0x0f,  0x00,
  0x00,  0x00,  0x00,  0xc8,  0x00,  0xf0,  0xcb,  0xe8,  0x00,  0x00,  0x00,  0xf7,
  0xc9,  0x00,  0x00,  0x00,  0x00,  0x00,  0x00,  0x00,  0x00,  0x00,  0x00,  0x00,
  0x00,  0x00,  0xe1,  0x00,  0x00,  0x00,  0x00,  0x00,  0xda,  0x00,  0x00,  0x00,
  0x00,  0x00,  0xe9,  0x00,  0x00,  0x00,  0x00,  0x00,  0xef,  0x19,  0x00,  0x00,
  0x00,  0x00,  0x00,  0x04,  0x00,  0x00,  0x00,  0x00,  0xeb,  0x00,  0x00,  0xf6,
  0x00,  0x00,  0x00,  0x00,  0x00,  0x00,  0x00,  0xe9,  0xed,  0x00,  0xdc,  0x00,
  0x00,  0xeb,  0x00,  0xfc,  0x00,  0x00,  0x00,  0xee,  0xff,  0x0b,  0xeb,  0xf5,
  0x00,  0xef,  0xe1,  0x10,  0xe7,  0x00,  0x00,  0x00,  0xe9,  0x04,  0x00,  0x00,
  0x00,  0x00,  0x00,  0x00,  0xe7,  0x23,  0x00,  0x00,  0x00,  0x00,  0x00,  0x00,
  0x00,  0x00,  0x00,  0x00,  0xe6,  0x2d,  0x00,  0x00,  0x00,  0xd3,  0x00,  0x2c,
  0x00,  0x00,  0x00,  0xcb,  0x00,  0x2f,  0x00,  0x00,  0xf3,  0xcb,  0x00,  0x1b,
  0x00,  0x00,  0xd7,  0x00,  0x00,  0x00,  0x00,  0x00,  0xdb,  0x00,  0x00,  0x00,
  0x00,  0xec,  0x00,  0x00,  0x17,  0x00,  0x00,  0x00,  0x00,  0x00,  0x00,  0x00,
  0x00,  0x00,  0x00,  0x00,  0x00,  0x00,  0x00,  0x00,  0x00,  0xd1,  0x00,  0x00,
  0x00,  0x00,  0x00,  0xfd,  0x00,  0x00,  0x00,  0x00,  0x00,  0xd1,  0x00,  0x00,
  0x00,  0x00,  0x00,  0x00,  0x00,  0x00,  0x00,  0x00,  0x00,  0x00,  0x00,  0x00,
  0xe2,  0x00,  0x00,  0x00,  0x00,  0x00,  0x00,  0x14,  0x00,  0x00,  0x00,  0x00,
  0xd8,  0x00,  0x00,  0x00,  0x00,  0x00,  0x00,  0x00,  0x00,  0x00,  0xe5,  0x00,
  0x00,  0x00,  0x00,  0xf7,  0xeb,  0x00,  0xe4,  0x00,  0x00,  0x00,  0x00,  0x00,
  0x00,  0x00,  0x00,  0x00,  0x00,  0x00,  0x00,  0x00,  0x00,  0x00,  0x00,  0x00,
  0xe4,  0x00,  0xce,  0xf4,  0x00,  0xf4,  0x00,  0x00,  0x00,  0x00,  0x00,  0x00,
  0x00,  0x00,  0x00,  0xf9,  0x00,  0x00,  0x00,  0x00,  0x00,  0x06,  0xec,  0x00,
  0x00,  0x15,  0x00,  0x00,  0x00,  0x00,  0x17,  0x00,  0x00,  0x02,  0x00,  0x00,
  0x2c,  0x20,  0x00,  0x00,  0x00,  0x00,  0x00,  0x00,  0x52,  0x00,  0x00,  0x00,
  0x00,  0x00,  0x31,  0x04,  0x00,  0x00,  0x00,  0x00,  0x00,  0x00,  0x00,  0x00,
  0x00,  0x00,  0x00,  0x04,  0x00,  0x00,  0x00,  0x00,  0x17,  0xd1,  0x00,  0x00,
  0x1f,  0xee,  0x11,  0x00,  0x00,  0x00,  0x32,  0x00,  0x00,  0xd3,  0x00,  0xc6,
  0x2a,  0x00,  0x00,  0xcb,  0x00,  0x00,  0x00,  0x00,  0x03,  0x00,  0x00,  0x00,
  0x00,  0x15,  0x00,  0x00,  0x00,  0x00,  0x00,  0x00,  0x00,  0x00,  0x00,  0x00,
  0x30,  0xf1,  0x00,  0xd2,  0x25,  0x00,  0x25,  0x00,  0x00,  0x00,  0x00,  0x00,
  0x00,  0x27,  0xce,  0x00,  0x23,  0x00,  0x00,  0x2b,  0x00,  0xd2,  0x00,  0x00,
  0xfc,  0x00,  0x00,  0x00,  0x18,  0x00,  0x00,  0xfc,  0xd4,  0x00,  0x15,  0x00,
  0x2c,  0x00,  0xd6,  0x00,  0x1a,  0x00,  0x00,  0x00,  0xe0,  0x00,  0x12,  0x00,
  0x00,  0x00,  0xdf,  0x00,  0x17,  0x00,  0x00,  0x00,  0xde,  0x00,  0x00,  0x17,
  0x00,  0x00,  0xe4,  0x00,  0x00,  0x00,  0x19,  0x00,  0x00,  0x00,  0x00,  0x00,
  0x25,  0xf2,  0x00,  0x00,  0x00,  0x1e,  0x08,  0x00,  0x00,  0x00,  0x00,  0x1e,
  0x00,  0x1a,  0x00,  0x00,  0x00,  0x0f,  0x00,  0x00,  0x00,  0x00,  0x00,  0x10,
  0x00,  0x00,  0x00,  0x00,  0x00,  0x17,  0x00,  0x00,  0x00,  0x00,  0x1e,  0x17,
  0xeb,  0x00,  0x00,  0xed,  0x00,  0x08,  0x00,  0x00,  0x00,  0x00,  0x00,  0x06,
  0x00,  0x00,  0x00,  0x00,  0x00,  0x00,  0x20,  0x00,  0x00,  0x00,  0x00,  0x00,
  0x00,  0x00,  0x00,  0xf1,  0x00,  0x00,  0x00,  0x00,  0x00,  0xf1,  0x00,  0x00,
  0x00,  0x00,  0x32,  0x00,  0x00,  0x00,  0xfb,  0x00,  0x4b,  0x00,  0x00,  0x00,
  0x1a,  0x00,  0x56,  0xe8,  0x00,  0x00,  0x00,  0x00,  0x00,  0x00,  0x00,  0x00,
  0x00,  0x00,  0x08,  0xee,  0x00,  0x00,  0x1b,  0x00,  0x00,  0x00,  0x00,  0x00,
  0x00,  0x00,  0x00,  0x00,  0x00,  0x00,  0x37,  0x00,  0x00,  0x00,  0x00,  0x00,
  0x28,  0x00,  0x11,  0x00,  0x00,  0x00,  0x00,  0x00,  0xff,  0x00,  0x00,  0x00,
  0x00,  0x00,  0x00,  0x00,  0x00,  0x00,  0x00,  0x00,  0x00,  0x00,  0x00,  0x00,
  0x00,  0x00,  0x00,  0x00,  0x00,  0x00,  0x00,  0x00,  0x00,  0x00,  0x00,  0x00,
  0x00,  0x1a,  0xd5,  0x00,  0x23,  0x00,  0x00,  0x1a,  0x00,  0x00,  0x00,  0x04,
  0x00,  0x00,  0x00,  0x00,  0x00,  0x00,  0x2a,  0x00,  0xcf,  0x00,  0x23,  0x00,
  0x00,  0x00,  0xcb,  0x00,  0x00,  0x00,  0x00,  0x00,  0x00,  0x00,  0x00,  0x00,
  0x00,  0x00,  0xe6,  0x00,  0x00,  0x00,  0x00,  0x00,  0xde,  0x00,  0x00,  0x00,
  0xf2,  0x00,  0xf4,  0x00,  0x18,  0x0d,  0x23,  0x00,  0xee,  0x00,  0x11,  0x00,
  0x00,  0x00,  0xe0,  0x00,  0x00,  0x00,  0x00,  0x1b,  0x00,  0x00,  0x00,  0x15,
  0x3c,  0x00,  0x00,  0x00,  0x00,  0x19,  0x00,  0x00,  0x00,  0x00,  0x00,  0x0e,
  0x00,  0x00,  0x1e,  0x00,  0x00,  0x00,  0x00,  0x00,  0xf0,  0x00,  0x00,  0x10,
  0xed,  0x18,  0x00,  0x00,  0x00,  0x00,  0x00,  0x00,  0x00,  0x00,  0x00,  0x00,
  0x00,  0x00,  0x29,  0xeb,  0xf7,  0x00,  0x0a,  0x26,  0x00,  0xf7,  0x00,  0x00,
  0x00,  0x00,  0x00,  0x00,  0x00,  0x00,  0x00,  0x00,  0x00,  0x00,  0x00,  0x00,
  0x00,  0x00,  0x38,  0x00,  0xfd,  0x00,  0xff,  0x00,  0x33,  0x00,  0x00,  0x00,
  0x24,  0x1c,  0x37,  0x00,  0x00,  0x00,  0xff,  0x00,  0x02,  0x00,  0x00,  0x00,
  0x00,  0x00,  0x00,  0x00,  0x00,  0x00,  0x00,  0x00,  0x16,  0x00,  0x00,  0x00,
  0x00,  0x00,  0x00,  0x00,  0x00,  0x00,  0x24,  0x00,  0x0e,  0x00,  0x00,  0x00,
  0x00,  0x00,  0x0e,  0x00,  0x00,  0x00,  0xfd,  0x22,  0x00,  0x00,  0x00,  0x00,
  0x00,  0x00,  0x12,  0x00,  0x00,  0x00,  0x27,  0x00,  0x00,  0x00,  0x00,  0x00,
  0x2a,  0xf9,  0x00,  0x00,  0x14,  0x00,  0x00,  0x00,  0x00,  0x00,  0x1b,  0x00,
  0x00,  0x00,  0x00,  0x00,  0x1d,  0x00,  0x00,  0x00,  0x00,  0x00,  0x16,  0xdc,
  0x00,  0x00,  0x00,  0x00,  0x00,  0x00,  0x27,  0x00,  0x00,  0x00,  0x00,  0x00,
  0x00,  0x00,  0xe0,  0x00,  0x16,  0x00,  0x21,  0x00,  0x00,  0x00,  0x00,  0x00,
  0x00,  0x00,  0x00,  0x00,  0x00,  0x04,  0x00,  0x00,  0xf0,  0x00,  0x00,  0x00,
  0x1d,  0x00,  0x00,  0x00,  0x13,  0x00,  0x1d,  0x00,  0x00,  0x00,  0x00,  0x18,
  0x00,  0x00,  0x00,  0x00,  0xe1,  0x1d,  0x00,  0x1d,  0x00,  0x00,  0x00,  0x00,
  0x00,  0x00,  0x00,  0x36,  0x00,  0xeb,  0x00,  0x00,  0x00,  0x00,  0x00,  0xea,
  0x00,  0x00,  0x00,  0x00,  0x00,  0xfc,  0x00,  0xed,  0x00,  0x2b,  0x00,  0xf7,
  0x00,  0x00,  0x00,  0x00,  0x00,  0xfa,  0x00,  0x00,  0x00,  0x00,  0x15,  0xe4,
  0x00,  0x00,  0x00,  0x00,  0x1a,  0xed,  0x00,  0x00,  0xe6,  0x00,  0x00,  0xeb,
  0x18,  0x00,  0xea,  0x00,  0x00,  0x00,  0x1e,  0x00,  0xdd,  0x00,  0x00,  0xfb,
  0x00,  0x00,  0x00,  0x00,  0x00,  0x00,  0x00,  0x00,  0x00,  0xf0,  0x00,  0x00,
  0x00,  0x00,  0x00,  0xf7,  0x00,  0xf1,  0x00,  0xe0,  0x00,  0xe7,  0x00,  0x00,
  0x00,  0xe2,  0xed,  0xfa,  0xf3,  0xfc,  0x00,  0x00,  0xe7,  0x00,  0xf3,  0x00,
  0x00,  0x00,  0xd8,  0x00,  0x1a,  0x00,  0x00,  0x00,  0xda,  0x00,  0x00,  0x00,
  0x00,  0x00,  0xe5,  0x23,  0x00,  0x00,  0x1c,  0x00,  0x00,  0x00,  0x00,  0x00,
  0x17,  0xef,  0x00,  0x00,  0x00,  0x00,  0xe8,  0x00,  0x00,  0x00,  0x00,  0x00,
  0x00,  0x00,  0x00,  0x00,  0x00,  0x00,  0x00,  0x00,  0xec,  0x00,  0x00,  0x00,
  0x00,  0x00,  0xe7,  0x00,  0x00,  0x00,  0x0d,  0x00,  0xe8,  0x00,  0x00,  0xfa,
  0x00,  0x00,  0x00,  0x16,  0x00,  0x00,  0x00,  0x00,  0x12,  0x00,  0x00,  0xf7,
  0x00,  0x00,  0x22,  0x22,  0xe6,  0xf8,  0x00,  0x00,  0x28,  0x21,  0xe3,  0xf4,
  0x00,  0x00,  0x00,  0x00,  0x00,  0xff,  0x00,  0x00,  0x00,  0x00,  0xe9,  0x00,
  0x00,  0x00,  0x00,  0x29,  0x00,  0xe5,  0x00,  0x00,  0x00,  0x20,  0xe5,  0xe8,
  0x00,  0x00,  0x00,  0x00,  0xe0,  0x00,  0x00,  0x00,  0x00,  0x00,  0x00,  0x00,
  0x00,  0x00,  0x00,  0x1a,  0x00,  0xfd,  0x00,  0x00,  0x00,  0x22,  0x00,  0xf6,
  0x00,  0xdb,  0x00,  0x00,  0xe1,  0xf7,  0x00,  0xd4,  0x00,  0x00,  0x00,  0x00,
  0x00,  0x00,  0xed,  0x00,  0x00,  0xfe,  0x00,  0x00,  0x00,  0x00,  0x00,  0x05,
  0x00,  0x00,  0x00,  0x00,  0x00,  0x00,  0x00,  0x00,  0x00,  0x00,  0x00,  0x00,
  0x15,  0xee,  0x00,  0x00,  0x00,  0x0a,  0x11,  0x00,  0x00,  0x00,  0x00,  0x00,
  0x00,  0x00,  0x00,  0x00,  0x00,  0x00,  0x00,  0x00,  0x00,  0xe0,  0x00,  0x00,
  0x00,  0xe5,  0x00,  0xdd,  0x00,  0x00,  0x00,  0xdf,  0x00,  0xcb,  0x00,  0x00,
  0x00,  0x00,  0x00,  0xd7,  0x00,  0x00,  0x00,  0x00,  0x00,  0xd5,  0x00,  0x00,
  0x00,  0xf0,  0x00,  0xe4,  0x00,  0x00,  0x00,  0xe9,  0x00,  0xe2,  0x1b,  0x00,
  0x00,  0xde,  0x00,  0x00,  0x00,  0x00,  0x00,  0x00,  0x00,  0xdf,  0x12,  0x00,
  0x00,  0x00,  0x00,  0xea,  0x22,  0x00,  0xed,  0x00,  0x00,  0x00,  0x20,  0x00,
  0x00,  0x00,  0x00,  0x00,  0x00,  0x00,  0x00,  0x00,  0x00,  0xed,  0x0e,  0x00,
  0x00,  0x00,  0x00,  0x00,  0x00,  0x00,  0x00,  0xed,  0x00,  0x00,  0x00,  0x00,
  0x00,  0xe1,  0x00,  0xef,  0x00,  0x00,  0x00,  0xe1,  0x2a,  0x00,  0x00,  0x04,
  0x00,  0xda,  0x00,  0x1e,  0xd6,  0x00,  0x00,  0x00,  0x09,  0x00,  0x00,  0x00,
  0x00,  0x00,  0xf1,  0x00,  0x00,  0x06,  0x00,  0x00,  0x09,  0x00,  0x00,  0x03,
  0x00,  0x00,  0x00,  0x1d,  0x00,  0x00,  0x00,  0x00,  0x00,  0x00,  0xcd,  0x00,
  0x00,  0x00,  0x37,  0x00,  0xda,  0x05,  0x00,  0x00,  0x00,  0x32,  0x00,  0x00,
  0xce,  0x00,  0x00,  0x29,  0xcd,  0x05,  0x00,  0x00,  0x00,  0x20,  0xd8,  0x00,
  0x00,  0xe1,  0x00,  0x00,  0x00,  0xf7,  0x00,  0xee,  0x00,  0x20,  0x00,  0xf6,
  0x00,  0xea,  0x00,  0x22,  0x00,  0xec,  0xe1,  0xd7,  0x46,  0x26,  0x00,  0xfd,
  0x00,  0xe4,  0x3e,  0x00,  0x00,  0x11,  0x00,  0xd9,  0x00,  0x00,  0x00,  0xfb,
  0x10,  0xe8,  0x00,  0x00,  0x00,  0x00,  0x00,  0x00,  0x00,  0xd7,  0x00,  0x00,
  0x00,  0x00,  0x00,  0xc6,  0x00,  0x09,  0x00,  0x00,  0x00,  0xdc,  0x00,  0x16,
  0x00,  0xea,  0x00,  0xc7,  0x00,  0x00,  0x00,  0xe3,  0x00,  0xdc,  0x00,  0x17,
  0x00,  0x00,  0x00,  0xd4,  0x00,  0x00,  0x00,  0x00,  0x00,  0xe5,  0x00,  0x13,
  0x00,  0x00,  0x00,  0xda,  0x06,  0x00,  0x00,  0x00,  0x00,  0x00,  0x00,  0x08,
  0x00,  0x00,  0x00,  0xe9,  0x00,  0x00,  0x07,  0xdf,  0x00,  0x00,  0x07,  0x14,
  0x00,  0x00,  0x00,  0x00,  0x03,  0x0c,  0x00,  0x00,  0x00,  0x00,  0x00,  0x1d,
  0x00,  0x00,  0x00,  0x00,  0xd9,  0x00,  0x00,  0x00,  0x00,  0x00,  0xd6,  0x00,
  0x0a,  0x00,  0xfa,  0x00,  0x00,  0x00,  0x00,  0x00,  0x03,  0x1b,  0xd4,  0x00,
  0x00,  0x00,  0x00,  0x00,  0x00,  0x00,  0x00,  0x00,  0x00,  0x00,  0x00,  0x50,
  0x00,  0x00,  0x00,  0x00,  0x00,  0x00,  0x00,  0x00,  0x00,  0x00,  0x00,  0x00,
  0x00,  0x00,  0x00,  0x08,  0x00,  0x00,  0x00,  0x00,  0x00,  0x00,  0x0c,  0x00,
  0x00,  0x00,  0x00,  0x00,  0x0e,  0x00,  0x00,  0x00,  0x00,  0x07,  0x00,  0x00,
  0x00,  0x00,  0x00,  0x00,  0x00,  0x00,  0x00,  0x00,  0x00,  0x09,  0x00,  0x00,
  0x00,  0x00,  0x00,  0x00,  0x00,  0x00,  0x00,  0x00,  0x00,  0x00,  0x00,  0x00,
  0x00,  0x00,  0x00,  0x00,  0x00,  0x00,  0x00,  0x00,  0x00,  0x00,  0x00,  0x00,
  0x00,  0x00,  0x0d,  0x00,  0x00,  0x00,  0x00,  0x00,  0x00,  0x00,  0x00,  0x00,
  0xdd,  0x00,  0x00,  0x00,  0x00,  0x00,  0x00,  0x11,  0x00,  0x00,  0x00,  0x00,
  0x00,  0x00,  0x00,  0x00,  0x00,  0x00,  0x00,  0x00,  0x00,  0x00,  0x00,  0x00,
  0x00,  0x00,  0x00,  0x00,  0x00,  0x00,  0x00,  0x00,  0x00,  0xdc,  0x00,  0x00,
  0x00,  0x00,  0x0c,  0x00,  0x00,  0x00,  0x00,  0x00,  0x00,  0x00,  0x00,  0x00,
  0x00,  0x00,  0x00,  0x00,  0x00,  0x00,  0x00,  0x00,  0x00,  0xdc,  0x00,  0x00,
  0x00,  0x00,  0x00,  0x00,  0x00,  0x00,  0x00,  0x00,  0x00,  0x00,  0x00,  0x00,
  0x00,  0x00,  0x00,  0x00,  0x00,  0x00,  0x00,  0x00,  0x00,  0x00,  0x00,  0x00,
  0x00,  0x00,  0x00,  0x00,  0x00,  0x00,  0x00,  0x00,  0x00,  0x00,  0x00,  0x00,
  0x00,  0x00,  0x0b,  0x00,  0x00,  0x00,  0x00,  0x00,  0x00,  0x00,  0x00,  0x00,
  0x00,  0x00,  0x00,  0x00,  0x0d,  0x00,  0x00,  0x00,  0x00,  0x00,  0x00,  0x00,
  0x00,  0x00,  0x00,  0x00,  0x00,  0x00,  0x00,  0x00,  0x00,  0x00,  0x00,  0x00,
  0x00,  0x00,  0x00,  0x00,  0x00,  0x00,  0x00,  0x00,  0x00,  0x00,  0x00,  0x00,
  0x00,  0x00,  0x00,  0x00,  0x00,  0x00,  0x00,  0x00,  0x00,  0x00,  0x00,  0x00,
  0xde,  0x00,  0x00,  0x00,  0x00,  0x00,  0x00,  0x00,  0x0a,  0x00,  0x00,  0x00,
  0x00,  0x00,  0x00,  0x00,  0x00,  0x00,  0x00,  0x00,  0x00,  0x00,  0x00,  0x00,
  0x00,  0x00,  0x00,  0x00,  0x00,  0x00,  0x00,  0x00,  0x00,  0x00,  0x00,  0x00,
  0x00,  0x00,  0x00,  0x00,  0x0c,  0xe0,  0xe3,  0x00,  0x00,  0x00,  0x0c,  0x00,
  0x00,  0x00,  0x08,  0x00,  0x00,  0x00,  0x00,  0x00,  0x00,  0xdc,  0x00,  0x09,
  0x00,  0x00,  0x00,  0x00,  0x00,  0x00,  0x00,  0x00,  0x00,  0x00,  0x00,  0x00,
  0x00,  0x00,  0x00,  0x00,  0x00,  0x00,  0x00,  0x00,  0x00,  0x00,  0x00,  0x00,
  0xe1,  0x00,  0x00,  0xde,  0x00,  0x00,  0x00,  0x00,  0x00,  0x00,  0x00,  0x00,
  0x00,  0x00,  0x00,  0x00,  0x00,  0x00,  0x00,  0x00,  0x00,  0x00,  0x00,  0x00,
  0x00,  0x00,  0x0e,  0x00,  0x00,  0x00,  0x00,  0x00,  0x00,  0x00,  0x00,  0x00,
  0x00,  0x00,  0x00,  0x00,  0x00,  0x00,  0x00,  0x00,  0x00,  0x00,  0x00,  0x00,
  0x00,  0x00,  0x00,  0x00,  0x00,  0x00,  0x00,  0x00,  0x00,  0x00,  0x00,  0x00,
  0x00,  0x00,  0x00,  0x00,  0x00,  0x00,  0x00,  0x00,  0x00,  0x00,  0x00,  0x00,
  0x00,  0x00,  0x00,  0x00,  0x00,  0x00,  0x00,  0x00,  0x00,  0x00,  0x00,  0x00,
  0xe3,  0x00,  0x00,  0x00,  0x00,  0x00,  0x00,  0x00,  0x00,  0x00,  0x00,  0x00,
  0x00,  0x00,  0x00,  0x00,  0x00,  0x00,  0x00,  0x12,  0x00,  0x00,  0x00,  0x00,
  0x00,  0x00,  0x00,  0x00,  0x00,  0x00,  0x00,  0x00,  0x00,  0x00,  0x00,  0x00,
  0x00,  0x00,  0x00,  0x00,  0x00,  0x00,  0x00,  0x00,  0x00,  0x00,  0x00,  0x00,
  0x00,  0x00,  0x00,  0x00,  0x00,  0x00,  0x00,  0x00,  0x00,  0x00,  0x00,  0x00,
  0x00,  0x00,  0x00,  0x00,  0x00,  0x00,  0x00,  0x00,  0x0a,  0x00,  0x00,  0x00,
  0x00,  0x00,  0x00,  0x00,  0x0b,  0x00,  0x00,  0x00,  0x00,  0x00,  0x00,  0x00,
  0x00,  0x15,  0x00,  0x00,  0x00,  0x00,  0x00,  0x17,  0x00,  0x00,  0x00,  0x00,
  0x00,  0x00,  0x00,  0x00,  0x00,  0x00,  0x00,  0x00,  0x00,  0x00,  0x00,  0x00,
  0x00,  0x00,  0x00,  0x00,  0x00,  0x00,  0x00,  0x00,  0x00,  0x00,  0x00,  0x00,
  0x00,  0x00,  0x00,  0x00,  0x00,  0x00,  0x00,  0x00,  0x00,  0x00,  0x00,  0x00,
  0x00,  0x00,  0x00,  0x00,  0x00,  0x00,  0x00,  0x00,  0x00,  0x00,  0x00,  0x00,
  0x00,  0x00,  0x00,  0x00,  0x00,  0x00,  0x00,  0x00,  0x00,  0x00,  0x00,  0x00,
  0x00,  0x00,  0x00,  0x00,  0x00,  0x00,  0x00,  0x00,  0x00,  0x00,  0x00,  0x00,
  0x00,  0x00,  0x00,  0x00,  0x00,  0x00,  0x00,  0x00,  0x00,  0x00,  0x0b,  0x00,
  0xe1,  0x00,  0x00,  0x00,  0x00,  0x00,  0x00,  0x00,  0x00,  0x00,  0x00,  0x00,
  0x00,  0x00,  0x00,  0x00,  0x00,  0x00,  0x00,  0x00,  0x00,  0xf8,  0x00,  0xfe,
  0x00,  0xf4,  0x38,  0xfc,  0x00,  0x00,  0x00,  0xf5,  0x00,  0x00,  0x00,  0x00,
  0x00,  0x00,  0x00,  0x00,  0x00,  0x00,  0x00,  0x00,  0x00,  0x00,  0x00,  0x00,
  0x00,  0x00,  0x00,  0xb3,  0x00,  0x00,  0x00,  0x00,  0x00,  0x00,  0x00,  0x00,
  0x00,  0x00,  0x00,  0xb0,  0x00,  0x00,  0x00,  0x00,  0x31,  0x00,  0x00,  0x00,
  0x00,  0x00,  0x33,  0xb4,  0x00,  0x00,  0x02,  0x00,  0x30,  0x00,  0x00,  0x00,
  0x00,  0xf8,  0x00,  0x00,  0x00,  0xdb,  0x00,  0xf7,  0x13,  0x00,  0x00,  0x00,
  0x00,  0x00,  0x0a,  0x00,  0x00,  0x00,  0x00,  0x00,  0x01,  0xee,  0x00,  0x00,
  0x00,  0x00,  0x00,  0x00,  0x00,  0x00,  0x00,  0x00,  0x00,  0xfb,  0x00,  0x00,
  0x00,  0x00,  0x00,  0x00,  0x00,  0x00,  0x00,  0x00,  0x0b,  0x00,  0x00,  0x00,
  0x00,  0x00,  0x00,  0x00,  0x00,  0x00,  0x00,  0x00,  0x00,  0x00,  0x00,  0x00,
  0x00,  0x00,  0x00,  0xf9,  0x00,  0x00,  0x00,  0x00,  0x00,  0x00,  0x00,  0x00,
  0x00,  0x00,  0x00,  0x00,  0x00,  0x00,  0x00,  0x00,  0x00,  0x00,  0x00,  0x00,
  0x00,  0x00,  0x00,  0x00,  0x00,  0x00,  0x00,  0x00,  0x00,  0x00,  0x00,  0x00,
  0x00,  0x00,  0x00,  0x00,  0x00,  0x0d,  0x00,  0x00,  0x00,  0x00,  0x00,  0x00,
  0x00,  0x00,  0x00,  0x00,  0x00,  0x00,  0x00,  0x00,  0x04,  0xef,  0x00,  0x00,
  0x00,  0x00,  0x00,  0xf3,  0x00,  0x00,  0x00,  0x00,  0x00,  0x00,  0x00,  0x00,
  0x00,  0x00,  0x00,  0xc0,  0x00,  0x00,  0x00,  0x00,  0x02,  0x00,  0x00,  0x00,
  0x00,  0x00,  0x06,  0x00,  0xf7,  0x00,  0x00,  0x00,  0xf3,  0x00,  0x00,  0x04,
  0xfa,  0x00,  0xf9,  0xe4,  0x00,  0x00,  0x00,  0x00,  0xfb,  0x00,  0x00,  0x00,
  0x00,  0x00,  0xee,  0x00,  0x00,  0x09,  0x00,  0x00,  0xed,  0x00,  0x00,  0x0d,
  0x00,  0x00,  0x00,  0x00,  0x00,  0x00,  0x00,  0x00,  0xf6,  0xa9,  0x00,  0x00,
  0x00,  0x00,  0x00,  0x00,  0x00,  0x00,  0x00,  0x00,  0x00,  0x00,  0x00,  0x0e,
  0x00,  0x00,  0x00,  0x00,  0x00,  0x10,  0x00,  0x00,  0xd7,  0xaa,  0x00,  0x14,
  0x00,  0x00,  0xd5,  0xae,  0x00,  0x00,  0x00,  0x00,  0x00,  0xe0,  0x3a,  0x13,
  0x00,  0x00,  0x00,  0x00,  0x35,  0x00,  0x00,  0x00,  0x00,  0x00,  0x2e,  0x00,
  0x00,  0x00,  0x00,  0x00,  0x00,  0x00,  0x03,  0x00,  0x00,  0x00,  0x00,  0x00,
  0x01,  0x1c,  0x00,  0x00,  0x22,  0x00,  0x00,  0x1b,  0x00,  0x00,  0x1d,  0x00,
  0x00,  0x11,  0xce,  0x00,  0x16,  0x00,  0x00,  0x0c,  0x00,  0x00,  0x00,  0x00,
  0x00,  0x0d,  0xf9,  0x00,  0x00,  0x0f,  0x00,  0x00,  0xff,  0x00,  0x00,  0x00,
  0x00,  0x00,  0xfe,  0x00,  0xee,  0x14,  0x00,  0x00,  0x00,  0x00,  0x00,  0x00,
  0x00,  0x00,  0x00,  0x00,  0x00,  0x00,  0x00,  0x00,  0x00,  0x00,  0x00,  0x00,
  0x00,  0x00,  0x00,  0x00,  0x00,  0x18,  0x00,  0x00,  0x00,  0x00,  0x00,  0x12,
  0x00,  0x00,  0x00,  0x00,  0x00,  0x00,  0x00,  0x00,  0x00,  0x00,  0x00,  0x00,
  0x00,  0x00,  0x3b,  0x00,  0x00,  0x00,  0x00,  0x00,  0x40,  0x00,  0x00,  0x00,
  0x00,  0x00,  0x00,  0x00,  0x00,  0x00,  0x00,  0x00,  0x00,  0xf0,  0x00,  0x00,
  0x00,  0xe9,  0x41,  0x00,  0x00,  0x00,  0x00,  0x00,  0x00,  0x00,  0x00,  0x00,
  0x00,  0x00,  0x00,  0x00,  0x00,  0x00,  0x00,  0x00,  0x00,  0x00,  0x00,  0x00,
  0x00,  0x00,  0x00,  0x00,  0x00,  0x00,  0x00,  0x00,  0x00,  0x00,  0x00,  0x00,
  0x00,  0x00,  0x00,  0xb6,  0x00,  0x00,  0x00,  0x00,  0x00,  0x00,  0x38,  0x00,
  0x00,  0x00,  0x00,  0x00,  0x3a,  0x00,  0x00,  0x00,  0x00,  0x00,  0x00,  0x00,
  0x00,  0x00,  0x00,  0xa1,  0x00,  0x00,  0x00,  0x00,  0xcf,  0xab,  0x3e,  0x00,
  0x00,  0x00,  0xc7,  0x00,  0x00,  0x00,  0x00,  0x00,  0x00,  0x00,  0x00,  0x00,
  0x00,  0x00,  0xcd,  0x00,  0x00,  0x00,  0x00,  0x00,  0xd9,  0x00,  0x00,  0x03,
  0x00,  0x00,  0xe9,  0x00,  0x00,  0x00,  0x00,  0x00,  0xe9,  0x00,  0x00,  0x00,
  0x00,  0x00,  0x00,  0x00,  0x00,  0x05,  0x00,  0xf6,  0xd9,  0x00,  0x00,  0x00,
  0x00,  0xf1,  0xd8,  0x00,  0x00,  0x00,  0x00,  0x00,  0xd0,  0x00,  0x00,  0x07,
  0x00,  0x00,  0xd8,  0xf5,  0x00,  0x00,  0x00,  0x00,  0xd4,  0x00,  0x00,  0x00,
  0x00,  0x00,  0xf3,  0x00,  0x00,  0x00,  0x00,  0x00,  0x07,  0x00,  0x00,  0x00,
  0x00,  0x00,  0x00,  0x00,  0x00,  0x00,  0x00,  0x00,  0x00,  0xcb,  0x00,  0x00,
  0x00,  0x00,  0x00,  0x00,  0xe4,  0x11,  0x00,  0x00,  0x00,  0x32,  0xe3,  0x19,
  0x00,  0x00,  0x00,  0x38,  0x00,  0x00,  0x00,  0xf1,  0x00,  0x00,  0x00,  0x00,
  0x00,  0x00,  0x00,  0x00,  0x00,  0x00,  0x00,  0x00,  0x25,  0x30,  0x00,  0x00,
  0x00,  0x00,  0x00,  0x00,  0x00,  0x00,  0x00,  0x00,  0x00,  0x00,  0x00,  0x00,
  0x00,  0x00,  0x00,  0x2c,  0xe8,  0x00,  0x02,  0x00,  0x00,  0x2a,  0x00,  0x14,
  0x00,  0x00,  0x1f,  0x00,  0x00,  0x14,  0x1c,  0x00,  0x1d,  0x27,  0x00,  0x14,
  0x00,  0x00,  0x20,  0x00,  0x00,  0x00,  0x00,  0x00,  0x00,  0x24,  0x00,  0x14,
  0x1a,  0x00,  0x00,  0x00,  0x00,  0x00,  0x00,  0xeb,  0x00,  0x00,  0x00,  0x00,
  0x00,  0x0e,  0x00,  0x00,  0x00,  0x00,  0x00,  0x00,  0x00,  0x00,  0x00,  0x00,
  0x00,  0x00,  0x00,  0x00,  0x00,  0x00,  0x00,  0x00,  0x00,  0x00,  0x00,  0x1f,
  0x00,  0x00,  0x00,  0x00,  0x00,  0x1f,  0x11,  0x00,  0xce,  0x21,  0x00,  0x21,
  0x00,  0x00,  0x00,  0x00,  0x00,  0x28,  0x00,  0x00,  0x00,  0x21,  0xde,  0x30,
  0x00,  0x00,  0x00,  0x00,  0x00,  0x00,  0x00,  0x00,  0xf5,  0x00,  0x00,  0x00,
  0x00,  0x00,  0xe9,  0x00,  0x00,  0x00,  0x00,  0xef,  0x00,  0x29,  0x00,  0x34,
  0xf0,  0x00,  0x00,  0x2e,  0x00,  0x00,  0x00,  0xeb,  0x00,  0x00,  0x00,  0x00,
  0x00,  0x00,  0x00,  0x00,  0xe1,  0x00,  0x00,  0x00,  0x00,  0x2a,  0xdd,  0x33,
  0x00,  0x00,  0x00,  0x00,  0x00,  0x2e,  0x00,  0x00,  0x00,  0x2a,  0x00,  0x00,
  0x00,  0x00,  0xe1,  0x00,  0x00,  0x00,  0x00,  0x00,  0xe5,  0x00,  0x00,  0x00,
  0x00,  0x00,  0x00,  0x00,  0x00,  0x31,  0x00,  0x00,  0x00,  0x00,  0x00,  0x00,
  0x00,  0x00,  0x00,  0x00,  0xdd,  0x00,  0x00,  0x00,  0x00,  0x2d,  0x00,  0x00,
  0x00,  0x00,  0x00,  0x00,  0x00,  0x00,  0x00,  0x00,  0x00,  0x00,  0x00,  0x00,
  0x00,  0x00,  0x00,  0x31,  0x00,  0x2b,  0x00,  0x00,  0x00,  0x27,  0xda,  0x29,
  0x00,  0x00,  0x1a,  0x00,  0x00,  0x00,  0x00,  0x00,  0x00,  0x00,  0x00,  0x00,
  0x00,  0x00,  0x00,  0x00,  0x00,  0x00,  0x00,  0x00,  0x00,  0x00,  0x00,  0x00,
  0x00,  0xf7,  0x00,  0x00,  0x00,  0x00,  0x00,  0x00,  0x00,  0x26,  0x00,  0x1d,
  0x00,  0x00,  0x00,  0x1f,  0x00,  0x00,  0x00,  0xef,  0x00,  0x23,  0x00,  0x00,
  0x00,  0x00,  0xf0,  0x00,  0x00,  0x00,  0x00,  0x00,  0x00,  0x00,  0x00,  0x00,
  0x00,  0x00,  0x00,  0x26,  0xe4,  0x00,  0x00,  0x00,  0x00,  0x1d,  0x00,  0x1f,
  0x00,  0x00,  0x00,  0x23,  0x00,  0x00,  0x1e,  0x00,  0x00,  0x25,  0x00,  0x00,
  0x00,  0x00,  0x00,  0x24,  0x00,  0x00,  0x00,  0x00,  0x00,  0x1f,  0x00,  0x00,
  0x24,  0x00,  0x00,  0x00,  0x00,  0x00,  0x00,  0x00,  0x00,  0x00,  0x00,  0x22,
  0x00,  0x00,  0x00,  0x00,  0x00,  0x22,  0x00,  0x00,  0x00,  0x00,  0x00,  0x00,
  0x00,  0x1d,  0x00,  0x27,  0x00,  0x1d,  0x11,  0x00,  0x00,  0x00,  0x00,  0x00,
  0x00,  0x00,  0x00,  0x00,  0x00,  0x23,  0x00,  0x00,  0x00,  0x2a,  0x00,  0x2c,
  0xe9,  0x00,  0x00,  0x00,  0xe7,  0x00,  0x00,  0x00,  0x00,  0x00,  0x00,  0x28,
  0x00,  0x00,  0x00,  0x00,  0x00,  0x2f,  0x19,  0x00,  0x00,  0x2c,  0x00,  0x35,
  0x00,  0x00,  0x00,  0x00,  0x00,  0x00,  0x00,  0x00,  0x00,  0x24,  0x00,  0x00,
  0x00,  0xea,  0x00,  0x00,  0x00,  0x27,  0x00,  0x00,  0x00,  0x00,  0x00,  0x00,
  0x00,  0x00,  0x00,  0x00,  0x00,  0x34,  0x21,  0x00,  0x00,  0x30,  0x00,  0x37,
  0x00,  0x00,  0x00,  0x2a,  0x00,  0x00,  0x00,  0x00,  0x00,  0x00,  0x00,  0x00,
  0x00,  0x00,  0x00,  0x00,  0x00,  0x34,  0x00,  0xf0,  0x00,  0x29,  0x00,  0x00,
  0x00,  0x00,  0x00,  0x30,  0xe3,  0x35,  0x00,  0x00,  0x00,  0x00,  0x00,  0x00,
  0x00,  0x00,  0x00,  0x00,  0x00,  0x00,  0x00,  0x00,  0x00,  0x00,  0x00,  0x00,
  0x00,  0x00,  0x00,  0x00,  0x00,  0x37,  0x00,  0x00,  0xf8,  0x25,  0x00,  0x00,
  0x00,  0x00,  0x00,  0x2c,  0x00,  0x00,  0x16,  0x00,  0xf1,  0x00,  0xe6,  0x2f,
  0x00,  0x00,  0x00,  0x29,  0x00,  0x2f,  0x00,  0x00,  0x00,  0x2d,  0x00,  0x33,
  0x00,  0x00,  0x00,  0x00,  0x00,  0x26,  0x00,  0x00,  0x00,  0x2d,  0x00,  0x00,
  0x00,  0x00,  0x00,  0x35,  0xe6,  0x2c,  0x1b,  0x00,  0x00,  0x27,  0xe4,  0x00,
  0x00,  0x00,  0x00,  0x00,  0x00,  0x24,  0x1b,  0x00,  0x00,  0x00,  0x00,  0x00,
  0x00,  0x00,  0x00,  0x00,  0x00,  0x00,  0x00,  0x00,  0x00,  0x00,  0xe4,  0x00,
  0x00,  0x00,  0x00,  0x00,  0x00,  0x37,  0x00,  0x1d,  0x00,  0x00,  0x00,  0x32,
  0x00,  0x1f,  0x00,  0x00,  0x00,  0x26,  0x00,  0x00,  0x00,  0x00,  0x00,  0x00,
  0x00,  0x00,  0x05,  0x00,  0x00,  0x00,  0x00,  0x00,  0x00,  0x00,  0x00,  0x00,
  0xf4,  0x00,  0x00,  0x35,  0x00,  0x00,  0x00,  0x00,  0x14,  0x2e,  0xed,  0x00,
  0x00,  0xeb,  0x00,  0x2c,  0x00,  0x00,  0x00,  0x00,  0x00,  0x20,  0x00,  0x00,
  0x20,  0x00,  0x00,  0x32,  0x00,  0x00,  0x00,  0x00,  0x00,  0x37,  0x00,  0x00,
  0x00,  0x00,  0x1c,  0x00,  0xed,  0x00,  0x1e,  0x00,  0x19,  0x00,  0x00,  0x28,
  0x00,  0x00,  0x00,  0x00,  0x00,  0x00,  0x00,  0x00,  0x00,  0x00,  0x00,  0x00,
  0x00,  0x00,  0x00,  0x00,  0x00,  0x00,  0x00,  0x16,  0x00,  0xf6,  0x00,  0x00,
  0x00,  0x00,  0x00,  0xf2,  0x00,  0x00,  0x1f,  0x00,  0x00,  0x00,  0x18,  0x00,
  0x00,  0xed,  0x00,  0xef,  0x19,  0x00,  0x00,  0xe6,  0x00,  0x00,  0x00,  0x00,
  0x00,  0xeb,  0x00,  0x00,  0x00,  0x00,  0x00,  0xde,  0x00,  0x1c,  0x00,  0xeb,
  0x00,  0xf0,  0x00,  0x00,  0x00,  0x00,  0x00,  0x00,  0x00,  0x00,  0x00,  0xdc,
  0x00,  0x00,  0xe4,  0x00,  0x00,  0xe1,  0x00,  0x13,  0x00,  0x00,  0x00,  0x00,
  0x24,  0x00,  0x00,  0x1e,  0xf2,  0xe9,  0x00,  0x00,  0x00,  0x1c,  0x00,  0x00,
  0x00,  0x00,  0x00,  0x00,  0x00,  0x00,  0x00,  0x00,  0x00,  0x1e,  0x00,  0x00,
  0x00,  0x00,  0x00,  0x00,  0x00,  0x00,  0x00,  0xe9,  0x00,  0x00,  0x00,  0x00,
  0x1c,  0xe5,  0x00,  0x00,  0xf4,  0x00,  0x00,  0x00,  0xe3,  0xf0,  0x00,  0x22,
  0x00,  0x00,  0xe3,  0x00,  0x21,  0x00,  0x00,  0x15,  0xdb,  0x00,  0x00,  0x19,
  0x00,  0x00,  0x00,  0x00,  0x1c,  0x28,  0x00,  0x00,  0x00,  0x26,  0x00,  0x00,
  0x00,  0x19,  0x00,  0x2a,  0x1e,  0x00,  0xee,  0x1f,  0x00,  0x00,  0x00,  0x00,
  0xf5,  0x1a,  0x00,  0x00,  0x00,  0x00,  0x00,  0x00,  0x00,  0x28,  0x00,  0x00,
  0x00,  0x00,  0x00,  0x2b,  0x00,  0xf1,  0x00,  0x00,  0x00,  0x18,  0xf3,  0x00,
  0x00,  0x00,  0x00,  0x1e,  0x00,  0xf4,  0x00,  0x00,  0x00,  0x18,  0x00,  0x00,
  0x00,  0x00,  0x00,  0x33,  0xf0,  0x00,  0x00,  0xed,  0x00,  0x23,  0xea,  0x00,
  0x00,  0x00,  0x00,  0x00,  0xe1,  0x00,  0x00,  0x00,  0x00,  0x00,  0xe6,  0x00,
  0x00,  0xf0,  0xf8,  0x00,  0xe8,  0x00,  0x00,  0x00,  0x00,  0x00,  0x00,  0x00,
  0x00,  0x00,  0x00,  0x00,  0xea,  0x00,  0x00,  0x00,  0x00,  0x00,  0x00,  0x00,
  0x00,  0x00,  0x00,  0x00,  0x00,  0x00,  0x00,  0x00,  0x00,  0x00,  0x00,  0x00,
  0x00,  0x00,  0x00,  0x00,  0x00,  0xf1,  0x00,  0xed,  0x00,  0x00,  0x00,  0x00,
  0x00,  0x00,  0x04,  0x21,  0x00,  0x00,  0x00,  0xee,  0x00,  0x20,  0x00,  0xf8,
  0x00,  0x00,  0x00,  0x00,  0x17,  0x00,  0x00,  0x00,  0x00,  0x00,  0x15,  0x00,
  0x1f,  0x00,  0x00,  0x00,  0x00,  0x00,  0x21,  0x00,  0x00,  0xf6,  0x00,  0x00,
  0x26,  0x00,  0x00,  0x00,  0x15,  0x00,  0x00,  0x00,  0x00,  0xeb,  0x1c,  0x00,
  0x00,  0x00,  0x08,  0xf0,  0x00,  0x00,  0x1c,  0x00,  0x0d,  0x00,  0x00,  0x23,
  0x00,  0x00,  0x00,  0x00,  0x00,  0x00,  0x00,  0x00,  0xe2,  0x00,  0x18,  0x00,
  0x00,  0x00,  0xeb,  0x00,  0x1f,  0x00,  0x00,  0x00,  0x00,  0x00,  0x00,  0x00,
  0x00,  0x00,  0x00,  0x00,  0x00,  0x2a,  0x23,  0x00,  0x00,  0x00,  0x00,  0x1f,
  0x00,  0x00,  0x00,  0x00,  0x00,  0x00,  0xf3,  0x00,  0x00,  0x00,  0x00,  0x22,
  0x00,  0x00,  0x00,  0x00,  0x00,  0x00,  0x00,  0x00,  0x00,  0x00,  0x00,  0x00,
  0x00,  0x00,  0x00,  0x29,  0x00,  0x28,  0x00,  0x00,  0xe7,  0x30,  0x00,  0x00,
  0x00,  0x00,  0xe2,  0x25,  0x00,  0x27,  0x00,  0x00,  0x00,  0x23,  0xe9,  0x25,
  0x1f,  0x00,  0x00,  0x00,  0xe6,  0x1b,  0x00,  0x00,  0x00,  0x1a,  0x00,  0x35,
  0x00,  0x00,  0x00,  0x20,  0x00,  0x1f,  0x00,  0xf0,  0x00,  0x22,  0x00,  0x1c,
  0x00,  0x00,  0x04,  0x00,  0x00,  0x21,  0x00,  0x00,  0x00,  0x00,  0x00,  0x00,
  0x1c,  0xeb,  0x00,  0x00,  0x00,  0x2c,  0x00,  0x00,  0x05,  0x1e,  0x00,  0x00,
  0x00,  0x00,  0x10,  0x00,  0x00,  0x23,  0x00,  0x00,  0x0b,  0xf2,  0x00,  0x00,
  0x00,  0x00,  0x0b,  0x00,  0x1b,  0x00,  0x00,  0x00,  0x02,  0x00,  0x23,  0x00,
  0x00,  0x14,  0x00,  0x00,  0x00,  0x00,  0x00,  0x00,  0x00,  0xe7,  0x00,  0x00,
  0x00,  0x00,  0x00,  0x00,  0x00,  0xe2,  0x26,  0x00,  0x00,  0xe4,  0x20,  0xe6,
  0x00,  0x00,  0x17,  0x40,  0x00,  0x00,  0x00,  0x00,  0x14,  0x44,  0x00,  0x00,
  0x00,  0x00,  0x00,  0x32,  0x00,  0x00,  0x00,  0x00,  0x00,  0x27,  0x0a,  0xfb,
  0x00,  0x06,  0x00,  0x00,  0x00,  0x00,  0x00,  0x00,  0x00,  0x29,  0x00,  0x00,
  0x00,  0x00,  0x00,  0x23,  0x1d,  0x00,  0x00,  0x00,  0x00,  0xfe,  0x00,  0xed,
  0x00,  0x00,  0x00,  0x00,  0x00,  0x00,  0x00,  0x00,  0x00,  0x01,  0x15,  0x00,
  0x00,  0x00,  0x00,  0x00,  0x00,  0x00,  0x00,  0x00,  0x00,  0x00,  0x16,  0x00,
  0x00,  0x00,  0xf0,  0x00,  0x00,  0x00,  0x00,  0xee,  0xeb,  0x00,  0x00,  0x00,
  0x00,  0x00,  0x00,  0x00,  0x11,  0x00,  0x00,  0x00,  0x00,  0x00,  0x00,  0x00,
  0x00,  0x0d,  0x00,  0x00,  0x00,  0x00,  0x00,  0x00,  0x00,  0x00,  0x00,  0x00,
  0x13,  0x00,  0x00,  0x00,  0x00,  0x1d,  0x00,  0x00,  0xe0,  0x38,  0x00,  0x1d,
  0x00,  0x00,  0x00,  0x2d,  0x00,  0x2f,  0x13,  0x00,  0xe2,  0x00,  0x00,  0x1e,
  0xf4,  0x00,  0x00,  0x00,  0x0f,  0x2c,  0x00,  0x00,  0x00,  0x00,  0x00,  0x33,
  0x10,  0x00,  0xe3,  0x00,  0x00,  0x00,  0x00,  0x00,  0x00,  0x00,  0x00,  0x28,
  0x00,  0x00,  0x00,  0x00,  0x00,  0x00,  0x00,  0x00,  0xea,  0x00,  0x00,  0x2b,
  0xe6,  0x0d,  0x00,  0x37,  0x00,  0x00,  0x00,  0x00,  0x00,  0x00,  0x0c,  0x2d,
  0x00,  0x00,  0x0b,  0x00,  0x00,  0x00,  0xe9,  0x12,  0x00,  0x00,  0x00,  0x00,
  0xf2,  0x11,  0x00,  0x00,  0x00,  0x00,  0x09,  0x0e,  0x00,  0x2f,  0x00,  0x00,
  0x00,  0x00,  0x00,  0x00,  0x00,  0x00,  0x00,  0x12,  0x00,  0x3a,  0x00,  0x00,
  0x00,  0x00,  0x00,  0x00,  0x00,  0x00,  0xf5,  0x00,  0x00,  0x31,  0x00,  0x00,
  0xea,  0x00,  0x24,  0x00,  0x00,  0x00,  0x00,  0x0a,  0x00,  0x32,  0x00,  0x00,
  0x00,  0x00,  0x00,  0x00,  0x13,  0x00,  0x00,  0x00,  0x00,  0x00,  0x00,  0x00,
  0x00,  0x0a,  0x00,  0x00,  0x00,  0x00,  0x00,  0x00,  0x00,  0x00,  0x00,  0x00,
  0x00,  0x0e,  0x00,  0x00,  0x00,  0x00,  0x00,  0x1b,  0xf4,  0x00,  0x00,  0x00,
  0x00,  0x00,  0x00,  0x00,  0x1a,  0x18,  0x00,  0x00,  0x00,  0x00,  0x1a,  0x1a,
  0x00,  0x00,  0x00,  0x00,  0x1d,  0x14,  0x00,  0xee,  0x00,  0x00,  0x00,  0x18,
  0x00,  0xf0,  0x00,  0x06,  0x00,  0x0c,  0x00,  0x00,  0x00,  0xf9,  0x00,  0x14,
  0x00,  0x00,  0xe2,  0x09,  0x00,  0x19,  0x00,  0x00,  0x00,  0xea,  0x00,  0x12,
  0x00,  0x00,  0xc8,  0x00,  0x0e,  0x17,  0x00,  0x00,  0xbe,  0x00,  0x15,  0x13,
  0x2b,  0x08,  0x00,  0x00,  0x10,  0x00,  0x27,  0x00,  0x00,  0x00,  0x0c,  0x00,
  0xed,  0x00,  0x00,  0x00,  0x00,  0x36,  0x00,  0x00,  0xec,  0x2c,  0x10,  0x27,
  0x00,  0x00,  0xc4,  0x00,  0x11,  0x32,  0xf7,  0x00,  0x00,  0x29,  0x00,  0x25,
  0x0b,  0x1c,  0xd4,  0x00,  0x00,  0x28,  0x00,  0x00,  0xd2,  0x00,  0x00,  0x29,
  0x00,  0x00,  0x00,  0x2a,  0x00,  0x3e,  0x0f,  0x00,  0x00,  0x00,  0x0f,  0x3c,
  0xf2,  0x00,  0x05,  0x00,  0x00,  0x36,  0x00,  0x0f,  0x00,  0x00,  0x00,  0x41,
  0x00,  0x00,  0x00,  0x00,  0x00,  0x29,  0x00,  0x00,  0x00,  0x00,  0x00,  0x29,
  0x00,  0x00,  0x03,  0x00,  0x00,  0x32,  0x00,  0x1c,  0x00,  0x00,  0x00,  0x1b,
  0x00,  0x00,  0x00,  0x2b,  0x00,  0x27,  0x00,  0x00,  0x00,  0x33,  0x00,  0x20,
  0x00,  0xee,  0x32,  0x2e,  0x00,  0x00,  0x00,  0x00,  0x1e,  0x00,  0x00,  0x00,
  0x00,  0x00,  0x00,  0x00,  0x00,  0x00,  0x00,  0x00,  0x2f,  0x28,  0x10,  0x00,
  0x00,  0x00,  0x3c,  0x00,  0x00,  0x00,  0x00,  0x00,  0x1e,  0x00,  0x17,  0x00,
  0x00,  0x00,  0x00,  0x00,  0x00,  0x00,  0x00,  0x04,  0x28,  0x00,  0x00,  0xec,
  0xee,  0x00,  0x1e,  0x00,  0x00,  0xee,  0x00,  0x00,  0x00,  0x00,  0x00,  0xf0,
  0x00,  0x00,  0x00,  0x00,  0x00,  0x00,  0x00,  0x00,  0x00,  0x00,  0x00,  0x00,
  0x00,  0x11,  0x00,  0x00,  0x00,  0x00,  0x00,  0x19,  0x00,  0x00,  0x00,  0x00,
  0x00,  0x00,  0x00,  0xf9,  0x00,  0x00,  0x00,  0x00,  0x00,  0x00,  0x00,  0x00,
  0x00,  0x00,  0xd7,  0xff,  0x00,  0x00,  0xf6,  0x00,  0xe5,  0xf4,  0x0b,  0x0f,
  0x00,  0x1a,  0xd1,  0xfb,  0x00,  0x0e,  0x00,  0x00,  0xd6,  0x00,  0x00,  0x00,
  0x00,  0x00,  0xd8,  0x00,  0x00,  0xf4,  0x13,  0x00,  0xe3,  0x3a,  0x00,  0x00,
  0x00,  0xe7,  0x00,  0x25,  0x03,  0xf4,  0x00,  0xed,  0xde,  0x39,  0x00,  0x00,
  0x00,  0x00,  0xd3,  0x4a,  0x00,  0x00,  0x00,  0x00,  0xcf,  0x46,  0x00,  0x00,
  0x00,  0x00,  0x00,  0x00,  0x00,  0x00,  0x00,  0x00,  0x00,  0x00,  0x00,  0xdf,
  0x00,  0x00,  0x00,  0x00,  0x00,  0x00,  0x00,  0x00,  0x19,  0x00,  0xd6,  0x00,
  0x00,  0x00,  0x00,  0x00,  0xd2,  0x00,  0x00,  0xd9,  0x00,  0x00,  0x00,  0xd6,
  0x00,  0xd8,  0x00,  0x00,  0x00,  0x00,  0x00,  0xdd,  0x00,  0x00,  0x00,  0xd2,
  0x00,  0x00,  0x00,  0x00,  0x00,  0x00,  0x00,  0x00,  0x02,  0x00,  0xde,  0x00,
  0xdc,  0x00,  0x00,  0x00,  0x00,  0x00,  0x00,  0x00,  0x00,  0x00,  0xd7,  0x00,
  0x00,  0x00,  0x00,  0x27,  0xde,  0xd7,  0xe9,  0x00,  0x00,  0x1a,  0x00,  0x00,
  0x00,  0x00,  0x00,  0x00,  0x00,  0x00,  0xe4,  0x00,  0x00,  0x00,  0xdd,  0x00,
  0xe0,  0x00,  0x00,  0x00,  0x00,  0x00,  0x00,  0x00,  0x00,  0x00,  0xde,  0x00,
  0x00,  0x00,  0x00,  0x1d,  0x00,  0x00,  0x00,  0x00,  0x00,  0x23,  0x00,  0x00,
  0x00,  0xdb,  0x00,  0x00,  0x00,  0xe0,  0x00,  0x00,  0xc8,  0x1c,  0x00,  0x00,
  0x00,  0x00,  0xda,  0x00,  0x00,  0xde,  0x00,  0x00,  0xd2,  0x00,  0x00,  0x00,
  0x00,  0x00,  0x00,  0x00,  0x00,  0x00,  0x00,  0x00,  0x00,  0x00,  0x00,  0x00,
  0x00,  0x00,  0x00,  0x00,  0x00,  0x00,  0x00,  0x00,  0x00,  0x00,  0x00,  0x00,
  0x00,  0x00,  0x00,  0x00,  0x00,  0x00,  0x00,  0x00,  0x00,  0x00,  0x00,  0x00,
  0x00,  0x00,  0x00,  0x00,  0x00,  0x00,  0x00,  0x00,  0x00,  0x00,  0x00,  0x00,
  0x00,  0x00,  0x00,  0x00,  0x00,  0x00,  0x00,  0x00,  0x0e,  0x37,  0x00,  0x00,
  0x00,  0x00,  0x00,  0x00,  0x00,  0x00,  0x00,  0x00,  0x00,  0x00,  0x00,  0x00,
  0x00,  0x00,  0xf4,  0x00,  0x00,  0x00,  0x00,  0x00,  0x00,  0x00,  0x00,  0x00,
  0x00,  0x00,  0x00,  0x00,  0x00,  0x05,  0x00,  0x00,  0x00,  0x00,  0x00,  0x00,
  0x00,  0x00,  0x05,  0xf2,  0x00,  0x00,  0x00,  0x00,  0x00,  0x00,  0x00,  0x00,
  0x00,  0x00,  0x00,  0x00,  0x00,  0x00,  0x00,  0x00,  0x00,  0x00,  0x00,  0x00,
  0x00,  0x00,  0x00,  0x00,  0x00,  0x00,  0xe7,  0x00,  0x00,  0x00,  0xdb,  0xd7,
  0x00,  0x00,  0x00,  0x00,  0x00,  0x00,  0x00,  0x00,  0x00,  0x00,  0x00,  0x00,
  0x00,  0x00,  0x00,  0x31,  0x00,  0x00,  0x00,  0x00,  0x00,  0x35,  0x00,  0xcb,
  0x00,  0x00,  0x00,  0x00,  0x00,  0x00,  0xeb,  0x00,  0x00,  0x31,  0x00,  0x00,
  0xe8,  0x00,  0x00,  0x00,  0x00,  0xd0,  0x00,  0x00,  0xe5,  0x00,  0x00,  0x00,
  0xec,  0x00,  0xd6,  0x2e,  0x00,  0x00,  0x00,  0x00,  0xd6,  0x00,  0x00,  0x00,
  0x00,  0x00,  0xd0,  0x00,  0x00,  0x00,  0xe6,  0xf8,  0xe3,  0x00,  0x00,  0x00,
  0x00,  0x00,  0xe3,  0x00,  0x00,  0x00,  0x00,  0x00,  0x00,  0x00,  0x00,  0x00,
  0x00,  0x00,  0x00,  0x00,  0x00,  0x00,  0x00,  0x00,  0x00,  0x00,  0xd9,  0x00,
  0x00,  0x00,  0xe5,  0x00,  0x00,  0x00,  0x00,  0x00,  0xf0,  0x00,  0x00,  0x00,
  0x00,  0x00,  0xe8,  0x00,  0x00,  0x00,  0x00,  0x00,  0x00,  0x00,  0x00,  0xd9,
  0x00,  0xda,  0x00,  0x00,  0x00,  0x00,  0x00,  0xd5,  0x00,  0x32,  0x00,  0x00,
  0xdd,  0x00,  0x00,  0x00,  0x00,  0x00,  0xd2,  0x00,  0x00,  0x00,  0x00,  0x00,
  0x00,  0x00,  0xe5,  0x00,  0x00,  0x00,  0x00,  0x00,  0xda,  0x36,  0x00,  0xff,
  0x00,  0x00,  0xf2,  0x29,  0xdf,  0x00,  0x00,  0x00,  0x00,  0x00,  0xda,  0x00,
  0x00,  0x00,  0x00,  0x00,  0x00,  0x00,  0x00,  0x00,  0x00,  0x00,  0x00,  0x0d,
  0x00,  0x00,  0x00,  0x00,  0x00,  0x02,  0x00,  0x00,  0x00,  0x00,  0x00,  0xfe,
  0x00,  0x00,  0x00,  0x00,  0x00,  0x03,  0x00,  0x00,  0xf4,  0x00,  0x00,  0xfe,
  0x00,  0x00,  0xf5,  0x00,  0x00,  0xfe,  0x00,  0x00,  0x00,  0x00,  0x00,  0x00,
  0x00,  0x00,  0x00,  0x00,  0x00,  0x00,  0x00,  0x00,  0x00,  0x00,  0x00,  0x00,
  0x00,  0x00,  0x00,  0x00,  0x00,  0x00,  0x00,  0x00,  0x00,  0x00,  0x00,  0x00,
  0xf2,  0x00,  0x00,  0x00,  0x00,  0x00,  0xe8,  0x00,  0x00,  0x00,  0xd7,  0x00,
  0x00,  0x00,  0x00,  0x00,  0xdc,  0xc5,  0x00,  0xde,  0x00,  0x00,  0x00,  0x00,
  0x00,  0xd1,  0x00,  0x00,  0x00,  0x00,  0x00,  0x00,  0x00,  0x00,  0xd6,  0xc6,
  0x00,  0x00,  0x00,  0x00,  0x00,  0x00,  0x00,  0x00,  0x00,  0x00,  0x00,  0x00,
  0x00,  0x00,  0x00,  0x00,  0x00,  0x00,  0x00,  0x00,  0x00,  0x00,  0x00,  0x00,
  0x00,  0x00,  0x00,  0x00,  0x00,  0x00,  0x00,  0x00,  0xfb,  0x00,  0x00,  0x00,
  0x00,  0x00,  0x00,  0x00,  0x00,  0x00,  0xeb,  0x00,  0x00,  0x28,  0x00,  0x00,
  0x00,  0x00,  0x00,  0x00,  0x00,  0x00,  0x00,  0x00,  0x00,  0x00,  0x00,  0x00,
  0xe1,  0x00,  0x00,  0x00,  0x00,  0x00,  0xed,  0x00,  0x00,  0x00,  0x00,  0x00,
  0x00,  0x00,  0x00,  0x00,  0x00,  0x00,  0x00,  0x00,  0xdd,  0x00,  0x18,  0x00,
  0x00,  0x00,  0x00,  0xeb,  0x00,  0x00,  0x00,  0x1d,  0x00,  0xec,  0x00,  0x00,
  0x00,  0x00,  0x00,  0xe5,  0x00,  0x00,  0x00,  0x00,  0x00,  0xe0,  0x17,  0x00,
  0x00,  0x00,  0x00,  0x00,  0x00,  0x12,  0xe8,  0x00,  0xea,  0xdb,  0x00,  0x00,
  0xed,  0x00,  0x00,  0x00,  0x22,  0x1b,  0x00,  0x00,  0xe8,  0x00,  0x00,  0x00,
  0x00,  0x16,  0x00,  0x00,  0x00,  0x00,  0x00,  0x00,  0x00,  0x00,  0x00,  0x00,
  0x00,  0x00,  0x14,  0x00,  0x00,  0x00,  0x00,  0x00,  0x00,  0x00,  0x1b,  0x00,
  0x00,  0x00,  0x15,  0x00,  0x00,  0x15,  0x00,  0x00,  0x00,  0xe8,  0x00,  0x00,
  0x00,  0x00,  0x00,  0x00,  0x18,  0x15,  0xe6,  0x00,  0x00,  0xe1,  0x00,  0x00,
  0x00,  0x17,  0x00,  0x00,  0x00,  0x19,  0x00,  0x1b,  0x00,  0xed,  0x22,  0x00,
  0x00,  0x00,  0x00,  0x00,  0x00,  0x00,  0x00,  0x00,  0x00,  0x00,  0x00,  0x00,
  0x00,  0x00,  0x1a,  0xeb,  0x20,  0x00,  0xe4,  0x12,  0x11,  0x00,  0x00,  0x00,
  0xeb,  0x00,  0x00,  0xd4,  0x16,  0x00,  0xdd,  0x00,  0x00,  0xee,  0x00,  0x1a,
  0xee,  0x00,  0x00,  0xe6,  0x1e,  0x00,  0xee,  0x15,  0x00,  0xd2,  0x00,  0x15,
  0x00,  0x00,  0x00,  0xe7,  0x00,  0x00,  0x00,  0x1c,  0x00,  0xdb,  0x00,  0x17,
  0x00,  0x00,  0x00,  0x00,  0x00,  0x00,  0xea,  0x00,  0x00,  0x00,  0x00,  0x16,
  0xdc,  0x00,  0x00,  0x00,  0x00,  0x00,  0xe9,  0x1d,  0x00,  0x00,  0x00,  0x00,
  0x00,  0x00,  0x16,  0x00,  0x00,  0x00,  0x00,  0x00,  0x00,  0x00,  0x1a,  0x00,
  0x00,  0x00,  0x00,  0x00,  0x00,  0x00,  0x00,  0x00,  0x00,  0x18,  0x00,  0x00,
  0xe7,  0x00,  0xea,  0x00,  0x00,  0x17,  0x00,  0x14,  0x00,  0x00,  0x00,  0x00,
  0x00,  0x16,  0x00,  0x00,  0x00,  0x00,  0xe8,  0x00,  0x00,  0xe5,  0x00,  0x15,
  0x00,  0x00,  0x00,  0x00,  0x00,  0x00,  0xee,  0x00,  0x00,  0x00,  0x00,  0x15,
  0x00,  0x13,  0x00,  0x00,  0x15,  0x00,  0x00,  0x00,  0x00,  0x00,  0x00,  0x00,
  0x00,  0x13,  0x00,  0xe6,  0x00,  0x00,  0x00,  0x14,  0x00,  0x00,  0x14,  0x00,
  0x00,  0x00,  0x19,  0x00,  0x00,  0x00,  0x00,  0x00,  0x12,  0x00,  0x00,  0x00,
  0x00,  0x12,  0x00,  0x00,  0x21,  0x00,  0x00,  0x16,  0x00,  0xee,  0x00,  0x00,
  0x00,  0x00,  0x00,  0x00,  0x19,  0x14,  0xea,  0x00,  0x00,  0x00,  0x00,  0x00,
  0x00,  0x00,  0x00,  0x00,  0x00,  0x00,  0x00,  0x16,  0x16,  0xee,  0x00,  0x00,
  0x00,  0x00,  0x12,  0x00,  0x00,  0x00,  0x00,  0x00,  0x00,  0x00,  0x20,  0x00,
  0x00,  0x1e,  0x00,  0xea,  0x00,  0x1b,  0x00,  0x00,  0x00,  0xe6,  0x00,  0x15,
  0x00,  0x15,  0x00,  0xeb,  0x00,  0x18,  0x00,  0x00,  0x00,  0xe3,  0x00,  0x19,
  0xed,  0x00,  0xee,  0xee,  0x14,  0x20,  0xee,  0x00,  0x00,  0xe7,  0x18,  0x1d,
  0x00,  0x00,  0x00,  0x00,  0x16,  0x00,  0x00,  0x00,  0x00,  0x00,  0x00,  0x00,
  0x00,  0x14,  0x00,  0xdb,  0x00,  0x00,  0x00,  0x00,  0x00,  0xde,  0x19,  0x00,
  0xe9,  0x00,  0x00,  0xe7,  0x1b,  0x00,  0x00,  0x18,  0x00,  0x00,  0x00,  0x00,
  0x00,  0x00,  0x00,  0x00,  0x00,  0x00,  0x00,  0x00,  0x00,  0x00,  0x00,  0x00,
  0xeb,  0x00,  0x00,  0x00,  0x15,  0x00,  0xeb,  0x12,  0x00,  0x00,  0x16,  0x00,
  0xe4,  0x12,  0x00,  0x00,  0x00,  0x00,  0x00,  0x18,  0x00,  0x00,  0x00,  0x14,
  0x00,  0x00,  0xeb,  0x00,  0x00,  0x00,  0x00,  0x14,  0x22,  0x00,  0x18,  0x00,
  0x00,  0x00,  0x00,  0x00,  0x00,  0x00,  0x00,  0x1a,  0x00,  0xe5,  0x00,  0x00,
  0x00,  0x00,  0xe6,  0x00,  0x00,  0x00,  0x00,  0x00,  0x00,  0x00,  0x1b,  0x00,
  0x00,  0x1c,  0x18,  0xe2,  0x00,  0x00,  0x00,  0x00,  0x00,  0x00,  0x00,  0x00,
  0x00,  0x00,  0x00,  0xee,  0x14,  0xed,  0x00,  0x00,  0x00,  0x00,  0x00,  0x00,
  0x00,  0x00,  0x00,  0xe6,  0x00,  0x00,  0x00,  0x00,  0x00,  0xee,  0x1a,  0x00,
  0x00,  0x00,  0x00,  0xda,  0x00,  0x00,  0x00,  0x00,  0xe6,  0x00,  0x00,  0x00,
  0x00,  0x00,  0x00,  0x00,  0x1b,  0x00,  0x00,  0x00,  0x15,  0xce,  0x00,  0x00,
  0xea,  0x00,  0x00,  0xcd,  0x00,  0x00,  0x00,  0x00,  0x16,  0xeb,  0x00,  0x00,
  0x00,  0x00,  0x18,  0xe6,  0x1e,  0x00,  0xe7,  0x21,  0x00,  0xe1,  0x00,  0x00,
  0x00,  0xeb,  0x00,  0x24,  0x00,  0x00,  0x23,  0x00,  0x00,  0x22,  0xe8,  0xc3,
  0x1c,  0x00,  0xeb,  0x00,  0xe5,  0x00,  0x00,  0x00,  0xe1,  0x28,  0x00,  0xca,
  0x22,  0x00,  0xdf,  0x1c,  0x00,  0x00,  0x00,  0x00,  0x00,  0x00,  0x00,  0x00,
  0x23,  0x00,  0x00,  0x00,  0x00,  0x00,  0x00,  0x00,  0x00,  0x00,  0x00,  0x00,
  0x00,  0x00,  0x00,  0x00,  0x00,  0xd1,  0x00,  0x00,  0x00,  0x00,  0x00,  0xc2,
  0x00,  0x00,  0x00,  0x00,  0x00,  0xd2,  0x1f,  0x00,  0x00,  0x00,  0x00,  0x00,
  0x00,  0x00,  0xe4,  0x00,  0x00,  0xbe,  0x00,  0x00,  0x00,  0xf0,  0x00,  0x00,
  0x18,  0x00,  0x00,  0x00,  0x00,  0x00,  0x00,  0x00,  0x00,  0x00,  0x08,  0xcb,
  0x00,  0x00,  0x0a,  0x00,  0x00,  0x00,  0x00,  0x00,  0x00,  0x00,  0x00,  0xc6,
  0x00,  0x00,  0x00,  0xec,  0x09,  0xcc,  0x00,  0x00,  0x00,  0x00,  0x00,  0xca,
  0x00,  0x00,  0xef,  0x22,  0x00,  0xbc,  0x1b,  0x00,  0xeb,  0x00,  0x00,  0xc4,
  0x00,  0x00,  0xe9,  0x00,  0x00,  0x00,  0x00,  0x00,  0xe9,  0x0c,  0x0d,  0x00,
  0x00,  0x00,  0x00,  0x00,  0x00,  0x00,  0x19,  0x00,  0xe7,  0x0a,  0x0e,  0xc4,
  0x14,  0x00,  0xee,  0x0c,  0x00,  0x00,  0x21,  0x00,  0xf0,  0x0a,  0x00,  0x00,
  0x00,  0x00,  0xe6,  0x00,  0x00,  0x00,  0x00,  0x00,  0x00,  0x00,  0x00,  0xce,
  0x1f,  0x00,  0xea,  0x00,  0xde,  0x00,  0x1d,  0x00,  0x00,  0x19,  0x00,  0x00,
  0x2b,  0x00,  0x00,  0x00,  0xd3,  0x00,  0x00,  0x00,  0x00,  0x00,  0xd8,  0x00,
  0x00,  0x00,  0x00,  0x00,  0x00,  0xd1,  0x00,  0xf3,  0x00,  0x06,  0xe3,  0x00,
  0x00,  0x00,  0xe2,  0x00,  0xe0,  0x00,  0x1e,  0x00,  0xe6,  0x00,  0x00,  0x00,
  0x00,  0xec,  0x00,  0x00,  0x00,  0x00,  0x15,  0x00,  0x00,  0x00,  0x00,  0x00,
  0x00,  0xf6,  0x00,  0xdf,  0x00,  0x00,  0x00,  0x00,  0x00,  0x00,  0x00,  0x00,
  0x1b,  0xf1,  0x00,  0x00,  0x00,  0x00,  0x00,  0x00,  0x00,  0x00,  0x00,  0x00,
  0x00,  0x00,  0x00,  0x00,  0x00,  0x00,  0x00,  0x00,  0x00,  0x00,  0x0a,  0x00,
  0x00,  0x00,  0x00,  0x00,  0x00,  0x00,  0x11,  0x00,  0x00,  0x00,  0x00,  0x00,
  0x00,  0x00,  0x00,  0x00,  0x0a,  0xd2,  0x25,  0x00,  0xfc,  0xdf,  0x00,  0x00,
  0x17,  0x00,  0x08,  0x00,  0x00,  0x00,  0x00,  0x00,  0x00,  0x00,  0x00,  0x00,
  0x00,  0x00,  0x00,  0xd2,  0x00,  0xd5,  0x00,  0x00,  0x00,  0xd0,  0x00,  0x00,
  0x00,  0x00,  0xf2,  0x00,  0x0b,  0x00,  0x00,  0x00,  0x00,  0xd5,  0x1d,  0x00,
  0x00,  0x00,  0x00,  0xdf,  0x0f,  0x00,  0x22,  0x00,  0x00,  0x00,  0x18,  0xd2,
  0x00,  0xe7,  0x00,  0x08,  0x00,  0x00,  0x00,  0x00,  0x00,  0x00,  0x10,  0x00,
  0x00,  0x00,  0x00,  0x00,  0x00,  0x00,  0x2b,  0xdf,  0xe0,  0xe0,  0x00,  0x00,
  0x28,  0x00,  0xe0,  0x00,  0x00,  0x00,  0x2c,  0x00,  0xe1,  0x00,  0xdf,  0x00,
  0x00,  0x00,  0xe5,  0x00,  0x00,  0xfb,  0x26,  0x00,  0x00,  0x00,  0x00,  0x00,
  0x2e,  0xe3,  0x00,  0x0e,  0x00,  0x00,  0x00,  0x00,  0x19,  0x00,  0xe4,  0x00,
  0x27,  0x00,  0x00,  0x00,  0x00,  0x00,  0x00,  0x00,  0x00,  0x07,  0x00,  0x00,
  0x00,  0x00,  0x00,  0x00,  0x00,  0x00,  0x00,  0x00,  0x00,  0x00,  0xe7,  0x00,
  0x00,  0x00,  0x00,  0x00,  0x00,  0x00,  0x2f,  0xe5,  0x00,  0x00,  0x00,  0x00,
  0x00,  0x00,  0x00,  0x12,  0x00,  0x00,  0x2a,  0x00,  0x00,  0x00,  0x00,  0x00,
  0x00,  0xe9,  0x00,  0x1d,  0x00,  0x00,  0x35,  0xe4,  0x00,  0x12,  0x00,  0xbb,
  0x1d,  0xda,  0x00,  0x00,  0x00,  0xca,  0x00,  0x00,  0x00,  0x00,  0x0c,  0xba,
  0x1f,  0x00,  0x00,  0xde,  0x00,  0x00,  0x00,  0x00,  0x00,  0xd5,  0x00,  0xc4,
  0x29,  0x00,  0x00,  0x00,  0x0e,  0x00,  0x26,  0x00,  0x00,  0xe0,  0x00,  0xcc,
  0x00,  0x17,  0x00,  0xdf,  0x0e,  0x00,  0x20,  0x12,  0x00,  0xe5,  0x00,  0x00,
  0x00,  0x00,  0x00,  0xc0,  0x00,  0x00,  0x00,  0x00,  0x00,  0xc9,  0x00,  0x00,
  0x00,  0x00,  0x00,  0xc9,  0x11,  0xd2,  0x00,  0x00,  0x00,  0x00,  0x11,  0xd3,
  0x00,  0x00,  0x00,  0x00,  0x00,  0x00,  0x00,  0x00,  0x00,  0x00,  0x00,  0x00,
  0x2d,  0x00,  0xd7,  0x00,  0x00,  0x00,  0x00,  0xf1,  0xd4,  0x00,  0x00,  0x00,
  0x00,  0x00,  0x00,  0x00,  0x00,  0x00,  0x00,  0x17,  0x00,  0x0f,  0x00,  0xc6,
  0x00,  0x00,  0x00,  0x12,  0x00,  0xcb,  0x00,  0x00,  0x00,  0x0c,  0xe2,  0x00,
  0x00,  0x00,  0x00,  0x1c,  0xde,  0x00,  0x00,  0x00,  0x00,  0x0e,  0x00,  0x00,
  0x00,  0x00,  0xd9,  0xe4,  0x00,  0x00,  0x00,  0x00,  0xda,  0x00,  0x00,  0x00,
  0x00,  0x00,  0x00,  0xea,  0x00,  0x00,  0x00,  0x00,  0xfa,  0xf4,  0x00,  0xe1,
  0x00,  0x00,  0x00,  0x00,  0x00,  0x00,  0x00,  0x00,  0xf9,  0x00,  0x00,  0xe3,
  0x00,  0x00,  0xf8,  0x00,  0x00,  0xd9,  0x00,  0x00,  0x00,  0x1e,  0x00,  0x00,
  0x00,  0x00,  0x00,  0x00,  0x00,  0x00,  0x00,  0xf8,  0x00,  0x00,  0x00,  0x00,
  0x00,  0x00,  0x00,  0x00,  0x00,  0x00,  0x00,  0x00,  0x00,  0xdb,  0x00,  0x00,
  0x00,  0x00,  0x00,  0x00,  0x00,  0x00,  0x00,  0x00,  0x00,  0xe1,  0x00,  0xe0,
  0x00,  0x00,  0xf0,  0xde,  0x00,  0x00,  0x00,  0x00,  0xd3,  0xe1,  0x00,  0x00,
  0x00,  0x00,  0xeb,  0x00,  0x00,  0x00,  0x00,  0x00,  0x00,  0x18,  0x00,  0x00,
  0x00,  0x00,  0x00,  0x0c,  0x00,  0x00,  0x00,  0x00,  0x00,  0x0e,  0xf7,  0x00,
  0x00,  0x00,  0x00,  0x00,  0x00,  0x00,  0x00,  0x00,  0x00,  0x00,  0x00,  0x00,
  0x35,  0x00,  0x00,  0x00,  0x00,  0x00,  0x39,  0xc8,  0x00,  0x00,  0x00,  0x00,
  0x0e,  0x00,  0x00,  0x00,  0xd1,  0xec,  0x00,  0x00,  0x00,  0x00,  0x00,  0x00,
  0x00,  0x00,  0x00,  0x00,  0x00,  0xe8,  0x00,  0x00,  0xea,  0x00,  0x00,  0x00,
  0x00,  0x00,  0xea,  0xdf,  0x00,  0x00,  0x00,  0x00,  0xf6,  0x00,  0x00,  0xf0,
  0x00,  0x00,  0x00,  0xd8,  0x00,  0x00,  0x00,  0x00,  0x00,  0x00,  0xf6,  0x00,
  0x00,  0x00,  0x00,  0xd1,  0xf9,  0x00,  0x00,  0xf7,  0x00,  0x00,  0x00,  0x15,
  0x00,  0x00,  0xfc,  0xd8,  0x00,  0x00,  0x00,  0x00,  0x00,  0x00,  0x00,  0x00,
  0x00,  0x00,  0x01,  0xce,  0xfa,  0x00,  0x00,  0x00,  0x00,  0x00,  0x00,  0xe6,
  0x00,  0x00,  0x00,  0xe1,  0x00,  0xe2,  0x00,  0x00,  0x00,  0x00,  0x00,  0x00,
  0x00,  0x00,  0x00,  0x00,  0x00,  0xdb,  0x00,  0xca,  0x00,  0x0b,  0x00,  0x00,
  0x00,  0x00,  0x00,  0x00,  0x00,  0x00,  0x00,  0xc6,  0x00,  0x00,  0x00,  0x00,
  0x00,  0x00,  0xfb,  0x00,  0x00,  0xda,  0x00,  0x00,  0x00,  0x00,  0x00,  0xda,
  0x35,  0x00,  0x00,  0x00,  0x00,  0x00,  0x00,  0x00,  0x00,  0xda,  0x00,  0x00,
  0x00,  0x00,  0x00,  0xcc,  0x00,  0x00,  0x00,  0x00,  0x00,  0xdd,  0x00,  0x00,
  0x00,  0x00,  0x00,  0x00,  0x00,  0x00,  0x00,  0x00,  0xf0,  0x00,  0x00,  0x00,
  0x00,  0x00,  0x00,  0x00,  0x00,  0x00,  0x00,  0x00,  0x00,  0x00,  0x00,  0x00,
  0x03,  0x00,  0x00,  0x00,  0x00,  0x00,  0x00,  0x00,  0x00,  0x00,  0x00,  0x00,
  0x00,  0x00,  0x00,  0x00,  0xcd,  0x00,  0x00,  0x00,  0x00,  0x00,  0xcd,  0x00,
  0x3e,  0x00,  0x00,  0x00,  0x00,  0x00,  0x00,  0xca,  0x05,  0xdb,  0x00,  0x00,
  0x0f,  0x00,  0x0f,  0xd4,  0xca,  0x00,  0x00,  0xca,  0x1a,  0xd6,  0x00,  0x00,
  0x00,  0x00,  0x13,  0xdf,  0x00,  0xd4,  0x00,  0xd0,  0x00,  0x00,  0x00,  0x00,
  0x00,  0xca,  0x00,  0x00,  0x00,  0x00,  0x00,  0xd3,  0x00,  0x00,  0x00,  0x00,
  0x00,  0xca,  0x00,  0x00,  0x00,  0x00,  0x00,  0x00,  0x00,  0xe6,  0x00,  0x00,
  0x00,  0x00,  0x1d,  0x00,  0x00,  0x00,  0x00,  0x00,  0x1f,  0xcd,  0x00,  0x00,
  0x00,  0xd0,  0x00,  0xd2,  0x00,  0x00,  0x00,  0x00,  0x23,  0xc3,  0xf5,  0xde,
  0x00,  0x00,  0x00,  0xd3,  0x00,  0x00,  0x0d,  0x00,  0x00,  0xdd,  0x00,  0x00,
  0x00,  0x00,  0x00,  0x00,  0xf0,  0x00,  0x00,  0x00,  0x1f,  0x00,  0x00,  0xdd,
  0x00,  0x02,  0x00,  0x00,  0x00,  0xe4,  0x00,  0x00,  0x00,  0x00,  0xee,  0xd8,
  0x00,  0x00,  0x00,  0x17,  0x00,  0xd9,  0x00,  0x00,  0x00,  0x00,  0x00,  0x00,
  0x03,  0x00,  0x00,  0x00,  0x00,  0x00,  0x00,  0x00,  0x00,  0xe6,  0x00,  0x00,
  0x00,  0x00,  0x00,  0x00,  0x00,  0x15,  0x00,  0x00,  0x00,  0xde,  0x00,  0x16,
  0x00,  0x00,  0x00,  0xc9,  0x00,  0x00,  0x00,  0xf0,  0xeb,  0xd3,  0x00,  0x00,
  0x00,  0x00,  0xf2,  0x00,  0x00,  0x00,  0x00,  0xcd,  0x00,  0x00,  0x00,  0x00,
  0x00,  0x00,  0x00,  0x00,  0x00,  0x00,  0x00,  0xc5,  0x00,  0x00,  0x00,  0x00,
  0x00,  0x00,  0x00,  0x00,  0x00,  0x17,  0x00,  0x00,  0x00,  0x00,  0x00,  0x18,
  0x00,  0x00,  0x00,  0xdc,  0x00,  0x00,  0x00,  0x00,  0x00,  0x00,  0x00,  0x1c,
  0x00,  0x00,  0x00,  0x00,  0x00,  0x17,  0x00,  0x00,  0x00,  0xe3,  0x00,  0x00,
  0x00,  0x00,  0x3b,  0x00,  0x00,  0x00,  0x00,  0x00,  0x38,  0xdc,  0x00,  0x00,
  0x00,  0x00,  0x00,  0x00,  0xf1,  0x00,  0x00,  0x00,  0x00,  0x00,  0x00,  0x00,
  0x00,  0x00,  0x2a,  0x00,  0x00,  0x00,  0x00,  0xf6,  0x24,  0x00,  0x00,  0x00,
  0x00,  0xf6,  0x00,  0x00,  0x00,  0xdf,  0x00,  0x00,  0x00,  0x00,  0x00,  0x00,
  0x00,  0x00,  0x00,  0x00,  0x00,  0xe4,  0x00,  0x00,  0x00,  0x00,  0x00,  0xee,
  0x00,  0x00,  0x00,  0x00,  0x00,  0x00,  0x00,  0xf0,  0x00,  0x16,  0x16,  0xe9,
  0x00,  0xee,  0x00,  0x15,  0x00,  0x00,  0x00,  0x00,  0x00,  0x00,  0x00,  0x00,
  0x00,  0x00,  0x00,  0x00,  0x00,  0x00,  0x00,  0x00,  0x00,  0x00,  0x00,  0x00,
  0x00,  0x00,  0x00,  0xe6,  0x00,  0x14,  0x04,  0x00,  0x00,  0x00,  0x00,  0x00,
  0x00,  0x00,  0x00,  0x00,  0x00,  0x00,  0x00,  0x00,  0x00,  0x00,  0x00,  0x00,
  0x00,  0x00,  0x16,  0x00,  0x00,  0x00,  0x00,  0x00,  0x00,  0x00,  0x00,  0x00,
  0x00,  0x00,  0x00,  0x00,  0x14,  0x00,  0x00,  0x1a,  0xca,  0x00,  0x00,  0x00,
  0x00,  0x1b,  0x00,  0xd5,  0x00,  0x22,  0x00,  0x00,  0x00,  0x00,  0x00,  0x00,
  0x03,  0x00,  0x00,  0xe5,  0x11,  0x00,  0x00,  0x00,  0x00,  0x00,  0x13,  0x24,
  0x00,  0x00,  0xcc,  0xea,  0x00,  0x00,  0x00,  0x00,  0x00,  0x00,  0x13,  0x2d,
  0x00,  0x00,  0xcf,  0xe7,  0x00,  0x00,  0x00,  0x00,  0xd2,  0x00,  0x00,  0x00,
  0x04,  0x00,  0xd4,  0x00,  0x00,  0x00,  0x07,  0xf0,  0x00,  0x00,  0x10,  0x00,
  0xe2,  0xf2,  0x00,  0x00,  0x00,  0x00,  0x01,  0xf6,  0x00,  0x00,  0x00,  0x23,
  0x00,  0xf1,  0x00,  0x00,  0x00,  0x00,  0x00,  0x00,  0x00,  0xe0,  0x00,  0x32,
  0x0c,  0x00,  0x00,  0xdd,  0x00,  0x31,  0x00,  0x00,  0x00,  0x00,  0x00,  0x33,
  0x00,  0x00,  0x00,  0x00,  0x00,  0x00,  0x00,  0x00,  0x00,  0x00,  0x00,  0x00,
  0x00,  0x00,  0x00,  0x17,  0x00,  0x00,  0x00,  0x00,  0x00,  0x00,  0x00,  0x00,
  0x00,  0x00,  0x00,  0x00,  0x00,  0x00,  0x00,  0x00,  0x00,  0x17,  0x00,  0xee,
  0x00,  0x00,  0x00,  0x00,  0x00,  0x00,  0x09,  0x00,  0x22,  0x18,  0x00,  0x00,
  0x00,  0x00,  0x00,  0x16,  0x00,  0x00,  0x00,  0x00,  0x00,  0x1f,  0x00,  0x00,
  0x00,  0x00,  0x00,  0x00,  0x00,  0x00,  0x00,  0x00,  0x00,  0x00,  0x00,  0x00,
  0x03,  0x00,  0x00,  0x00,  0x00,  0x12,  0x00,  0x00,  0x00,  0x00,  0x00,  0x00,
  0x00,  0x00,  0x00,  0x00,  0x00,  0x00,  0x00,  0x00,  0x00,  0x00,  0x00,  0x00,
  0x00,  0x00,  0x00,  0xed,  0x00,  0x16,  0x00,  0x00,  0x00,  0xef,  0x00,  0x00,
  0x00,  0x00,  0x00,  0xf0,  0x16,  0x00,  0x00,  0x00,  0x00,  0xef,  0x00,  0x00,
  0x00,  0x00,  0x00,  0x00,  0x19,  0x18,  0x00,  0x1a,  0x00,  0x00,  0x00,  0x00,
  0x19,  0x00,  0x00,  0x00,  0x00,  0x00,  0x00,  0x00,  0x00,  0x00,  0x15,  0x00,
  0x0e,  0x00,  0xd5,  0xdb,  0x22,  0x00,  0x00,  0x00,  0x00,  0x00,  0x00,  0x00,
  0x00,  0x00,  0x00,  0x00,  0x1c,  0x00,  0x00,  0x00,  0x00,  0xe9,  0x18,  0xee,
  0x17,  0x00,  0x00,  0x00,  0x00,  0x00,  0x00,  0x00,  0x00,  0x00,  0x00,  0x00,
  0xde,  0x00,  0x00,  0x14,  0x00,  0x00,  0x17,  0x00,  0xe3,  0x00,  0x00,  0x00,
  0x00,  0xf6,  0x00,  0x00,  0x00,  0x00,  0x00,  0x00,  0x00,  0x00,  0x00,  0x00,
  0x00,  0x00,  0x00,  0xe4,  0x00,  0x00,  0xd2,  0x00,  0x00,  0xe2,  0x00,  0x00,
  0x00,  0x00,  0xe2,  0x00,  0x00,  0x25,  0x00,  0x00,  0xe1,  0x00,  0x17,  0x00,
  0x0a,  0x00,  0x00,  0xe0,  0x00,  0x00,  0x00,  0x00,  0xe5,  0xde,  0x00,  0x19,
  0x00,  0x00,  0x00,  0x00,  0x00,  0x00,  0x00,  0x00,  0x00,  0x00,  0x00,  0x00,
  0x00,  0xee,  0x00,  0x00,  0x00,  0x00,  0x00,  0x00,  0x00,  0x00,  0x00,  0x00,
  0x00,  0x00,  0xe3,  0x1a,  0x00,  0x00,  0x00,  0x00,  0x00,  0x1c,  0x00,  0x00,
  0x00,  0xf6,  0x00,  0x00,  0x00,  0x00,  0x00,  0xf3,  0x1c,  0x00,  0x13,  0x00,
  0x00,  0xf4,  0x00,  0x00,  0x13,  0x00,  0x00,  0x00,  0x00,  0x00,  0x00,  0x00,
  0x00,  0x00,  0xf3,  0x00,  0x00,  0xe7,  0x00,  0x00,  0x00,  0x00,  0x00,  0x00,
  0x00,  0x00,  0xdf,  0x00,  0x00,  0x00,  0x00,  0x00,  0x00,  0xef,  0x00,  0x00,
  0x00,  0x00,  0xda,  0x00,  0x19,  0x00,  0x00,  0x00,  0x00,  0xec,  0x00,  0x15,
  0x00,  0x00,  0x00,  0x00,  0x00,  0x00,  0x00,  0x00,  0x00,  0x00,  0x00,  0x00,
  0x00,  0x00,  0xe7,  0x00,  0x00,  0x00,  0x00,  0x00,  0xe7,  0x00,  0x00,  0x20,
  0x00,  0x20,  0xe5,  0x00,  0x00,  0x00,  0x00,  0x2a,  0x00,  0x00,  0x00,  0x00,
  0x00,  0x00,  0x00,  0x00,  0x00,  0x00,  0x00,  0x00,  0x00,  0x00,  0x00,  0x00,
  0x00,  0x00,  0x00,  0x00,  0x00,  0x1f,  0x00,  0x00,  0x00,  0x2b,  0x00,  0x24,
  0x00,  0x00,  0x00,  0x00,  0x00,  0x00,  0x00,  0x00,  0x00,  0x00,  0x00,  0x00,
  0xfc,  0x00,  0x00,  0x27,  0x00,  0x00,  0x00,  0x00,  0x00,  0x30,  0x00,  0x00,
  0x00,  0x00,  0xd1,  0x3b,  0x00,  0x00,  0x00,  0x00,  0xd5,  0x29,  0x00,  0x22,
  0x00,  0x00,  0x00,  0x32,  0x00,  0x00,  0x00,  0x00,  0x00,  0x00,  0x00,  0x00,
  0x00,  0x00,  0x00,  0x00,  0x00,  0x00,  0x00,  0xe8,  0x00,  0x00,  0x00,  0x00,
  0x00,  0x00,  0x00,  0x00,  0x00,  0x00,  0x00,  0x00,  0x00,  0x00,  0x00,  0x00,
  0x00,  0x00,  0x00,  0x00,  0x00,  0x00,  0x20,  0xe5,  0xe6,  0x28,  0x00,  0x00,
  0x00,  0x00,  0x00,  0x00,  0x00,  0xf2,  0x00,  0x00,  0x00,  0x30,  0x00,  0x00,
  0x00,  0x00,  0x00,  0x00,  0x00,  0xf4,  0x00,  0x00,  0x00,  0x00,  0x00,  0x00,
  0x00,  0x00,  0x00,  0x30,  0x00,  0xef,  0x00,  0x00,  0x00,  0x00,  0x00,  0x00,
  0x00,  0x00,  0x00,  0x25,  0x00,  0x00,  0x00,  0x00,  0x00,  0x2d,  0x00,  0xe0,
  0x28,  0x00,  0xf4,  0x00,  0x00,  0x00,  0x00,  0x00,  0x00,  0x00,  0x00,  0x00,
  0x2c,  0x00,  0x00,  0x00,  0x1f,  0xd9,  0x00,  0x00,  0x00,  0x1f,  0x00,  0x00,
  0x00,  0x00,  0x00,  0x00,  0x00,  0xd3,  0x00,  0x00,  0x00,  0x00,  0x25,  0x00,
  0x00,  0x00,  0x00,  0x00,  0x00,  0x00,  0x2d,  0x00,  0x2f,  0x00,  0x00,  0x00,
  0x02,  0xec,  0x00,  0x00,  0x00,  0xd5,  0x00,  0x00,  0x00,  0x00,  0x00,  0x00,
  0x00,  0xe4,  0x00,  0x00,  0x22,  0x00,  0x00,  0xe3,  0x00,  0x20,  0x00,  0x00,
  0x20,  0x00,  0x00,  0x00,  0x00,  0x00,  0x00,  0x00,  0x00,  0x00,  0x23,  0x00,
  0x00,  0x00,  0x00,  0x00,  0x00,  0x00,  0x00,  0x00,  0x00,  0x00,  0x00,  0x00,
  0x05,  0x00,  0x0c,  0x1d,  0x00,  0x00,  0x00,  0x00,  0x00,  0x00,  0x00,  0xdf,
  0x00,  0xee,  0x00,  0x00,  0x00,  0xd9,  0x00,  0x00,  0x06,  0x1e,  0x00,  0x00,
  0x00,  0xe6,  0x00,  0x00,  0x00,  0x00,  0x00,  0x00,  0x00,  0x00,  0x00,  0x00,
  0x2e,  0x00,  0x00,  0x00,  0x00,  0xde,  0x2e,  0x00,  0x00,  0x00,  0x00,  0x00,
  0x00,  0x00,  0x00,  0x00,  0x00,  0x00,  0x00,  0x00,  0x00,  0x00,  0x00,  0xe0,
  0x00,  0x00,  0x00,  0x00,  0x00,  0x00,  0x00,  0xe3,  0x00,  0x2a,  0x00,  0x00,
  0x00,  0x00,  0x00,  0x26,  0x00,  0x00,  0x00,  0x00,  0x00,  0x00,  0x20,  0x00,
  0xf4,  0x00,  0x00,  0x00,  0x00,  0x00,  0x00,  0x00,  0x00,  0x28,  0x00,  0x00,
  0x00,  0x00,  0x00,  0x00,  0x00,  0xeb,  0x00,  0x00,  0x00,  0x3d,  0xf8,  0x00,
  0x00,  0x00,  0x00,  0x34,  0x00,  0x00,  0x00,  0x00,  0x00,  0x00,  0x00,  0x00,
  0x00,  0x00,  0xda,  0x2b,  0x00,  0x00,  0x00,  0x00,  0x00,  0x3d,  0x00,  0x00,
  0x00,  0x00,  0x00,  0x00,  0x00,  0x00,  0x00,  0x00,  0x00,  0x00,  0xf2,  0x00,
  0x00,  0x1c,  0x00,  0x45,  0x00,  0x00,  0x00,  0x00,  0xce,  0x2d,  0x00,  0x00,
  0x00,  0x00,  0x00,  0x34,  0x00,  0x00,  0x33,  0x00,  0xd2,  0x3d,  0x00,  0x00,
  0xf9,  0x00,  0x00,  0x40,  0xf1,  0x00,  0x00,  0x15,  0x00,  0x49,  0xf3,  0x1c,
  0x00,  0xec,  0x00,  0x3b,  0x00,  0x22,  0x00,  0x00,  0x1e,  0x48,  0x00,  0x00,
  0x32,  0x00,  0x00,  0x35,  0xee,  0x00,  0x00,  0x00,  0x00,  0x41,  0x00,  0x00,
  0x00,  0x00,  0x00,  0x31,  0x00,  0x00,  0xf8,  0x00,  0x2a,  0x2f,  0x00,  0x00,
  0x00,  0x00,  0x21,  0x36,  0x00,  0x00,  0x00,  0x00,  0x00,  0x3c,  0x00,  0x00,
  0x00,  0x00,  0x00,  0x35,  0x00,  0x00,  0x00,  0x00,  0x00,  0x36,  0x00,  0x00,
  0x00,  0x00,  0x00,  0x00,  0x00,  0x00,  0x00,  0x00,  0x00,  0x00,  0x00,  0x00,
  0x00,  0x00,  0x00,  0x00,  0x00,  0x00,  0x00,  0x00,  0x00,  0x00,  0x00,  0x00,
  0xff,  0x19,  0x00,  0x00,  0x00,  0x00,  0x00,  0x00,  0x00,  0x00,  0x23,  0x00,
  0x33,  0xf7,  0x00,  0x00,  0x00,  0x00,  0x00,  0xf6,  0x00,  0x29,  0x00,  0x00,
  0x00,  0x00,  0x00,  0x00,  0x00,  0x00,  0x00,  0x00,  0x00,  0x29,  0x00,  0x00,
  0x00,  0x00,  0x22,  0x00,  0x00,  0xda,  0x00,  0xee,  0x26,  0x37,  0x00,  0x00,
  0x00,  0x00,  0x11,  0x2b,  0x00,  0x00,  0x00,  0x00,  0x00,  0x00,  0x00,  0x00,
  0x00,  0x00,  0x00,  0x00,  0x00,  0x00,  0x00,  0x00,  0xc9,  0x00,  0x00,  0x00,
  0x00,  0x00,  0x00,  0x29,  0x00,  0x00,  0x00,  0x00,  0xce,  0x00,  0x00,  0x00,
  0x00,  0x00,  0xe0,  0x00,  0x00,  0x00,  0xf6,  0x00,  0x00,  0x00,  0x00,  0x00,
  0x00,  0x11,  0x13,  0x00,  0x00,  0x00,  0xf2,  0x00,  0x00,  0x00,  0x00,  0x00,
  0xfd,  0x00,  0x00,  0x00,  0x00,  0x00,  0x00,  0x00,  0x00,  0x35,  0xde,  0x00,
  0x00,  0x00,  0x00,  0x00,  0xe1,  0x00,  0x00,  0x00,  0x00,  0x00,  0x00,  0x00,
  0x00,  0x00,  0x00,  0x00,  0x00,  0x00,  0x00,  0x00,  0x00,  0x00,  0x00,  0x00,
  0x00,  0x15,  0x00,  0x00,  0x00,  0x00,  0xe9,  0x16,  0x14,  0x00,  0x00,  0x00,
  0x00,  0x00,  0x00,  0x00,  0x00,  0x00,  0x00,  0x14,  0x00,  0x00,  0x00,  0x00,
  0x0a,  0x00,  0x00,  0x00,  0x00,  0xcb,  0x00,  0x00,  0xe5,  0x00,  0x00,  0x00,
  0x00,  0x00,  0x00,  0x00,  0x00,  0x00,  0xef,  0x00,  0x00,  0x00,  0xea,  0x00,
  0xe6,  0x00,  0x00,  0x26,  0x00,  0x00,  0xf8,  0x00,  0xe4,  0x20,  0x00,  0x00,
  0x00,  0x00,  0xee,  0x00,  0x00,  0x00,  0x00,  0x00,  0x00,  0xf5,  0xee,  0x00,
  0x00,  0x00,  0x00,  0xf6,  0x00,  0xf2,  0x00,  0x00,  0xee,  0x00,  0x00,  0x00,
  0x00,  0x00,  0xf0,  0x00,  0x00,  0x00,  0x00,  0x05,  0x00,  0xf1,  0x00,  0x00,
  0x00,  0x0b,  0x00,  0x00,  0x00,  0x00,  0x00,  0x00,  0xf1,  0x00,  0x00,  0xfc,
  0x00,  0x00,  0x00,  0x00,  0xf8,  0xf4,  0x00,  0x00,  0x00,  0x00,  0x00,  0xff,
  0x00,  0x00,  0xe8,  0x00,  0x00,  0x00,  0xdc,  0x00,  0x00,  0x00,  0x00,  0x03,
  0x00,  0x00,  0x00,  0x1b,  0x00,  0x00,  0x00,  0x00,  0x00,  0x00,  0x00,  0x00,
  0x00,  0x00,  0xc5,  0x00,  0x00,  0x00,  0x00,  0x00,  0xc3,  0x00,  0x00,  0x00,
  0xec,  0x00,  0xc6,  0x00,  0xde,  0x13,  0x00,  0x13,  0x00,  0x00,  0x00,  0x00,
  0x00,  0x00,  0x00,  0x21,  0x00,  0x17,  0xf5,  0x00,  0x00,  0x00,  0x00,  0x21,
  0x00,  0x00,  0x0f,  0x00,  0xda,  0x21,  0x00,  0x00,  0x07,  0x00,  0x00,  0x15,
  0xed,  0x00,  0x14,  0x2b,  0x00,  0x14,  0x00,  0xd8,  0x00,  0x33,  0xd4,  0x23,
  0xf1,  0x00,  0xc3,  0x31,  0x00,  0x2f,  0x00,  0x00,  0x00,  0x00,  0xde,  0x17,
  0x00,  0x00,  0x00,  0x00,  0x00,  0x1f,  0x00,  0x00,  0x00,  0x00,  0x00,  0x13,
  0x00,  0x00,  0x00,  0x00,  0x00,  0x14,  0x00,  0xdd,  0x00,  0x00,  0x00,  0x12,
  0x00,  0x00,  0x00,  0x2b,  0x00,  0x00,  0x0e,  0x00,  0x00,  0x2d,  0x00,  0x00,
  0x00,  0x00,  0x00,  0x00,  0x00,  0x00,  0x00,  0x0f,  0x00,  0x00,  0x00,  0x00,
  0x00,  0x00,  0x00,  0x00,  0x00,  0x00,  0x07,  0x00,  0x00,  0x36,  0x00,  0x0b,
  0x10,  0x00,  0x00,  0x00,  0xdc,  0x0d,  0x00,  0x00,  0x00,  0x2d,  0x00,  0x04,
  0xeb,  0x00,  0x00,  0x28,  0x00,  0x00,  0xf1,  0x00,  0x00,  0x00,  0x00,  0x13,
  0x00,  0x00,  0x00,  0x30,  0x00,  0x00,  0x00,  0x11,  0x38,  0x38,  0x00,  0xf8,
  0x00,  0x00,  0x00,  0x3f,  0x00,  0xfd,  0x00,  0x00,  0x00,  0x00,  0x00,  0x00,
  0x00,  0x00,  0x00,  0x2d,  0x0f,  0x02,  0x00,  0x00,  0x00,  0x2e,  0x00,  0x00,
  0x00,  0x06,  0x00,  0x00,  0x00,  0x00,  0xe4,  0x00,  0xfe,  0x27,  0x00,  0x00,
  0x00,  0x00,  0x00,  0x00,  0x00,  0x00,  0x00,  0x00,  0x00,  0x28,  0x00,  0x00,
  0x00,  0x00,  0x25,  0x36,  0x00,  0x00,  0x00,  0xd7,  0x00,  0x2e,  0x00,  0xc7,
  0x00,  0xd6,  0x00,  0x00,  0x11,  0x00,  0x00,  0x00,  0x00,  0x00,  0x00,  0x00,
  0x00,  0x00,  0x00,  0x00,  0x00,  0x00,  0x00,  0x00,  0x00,  0x00,  0x00,  0x00,
  0x00,  0x00,  0x00,  0x00,  0x24,  0xc5,  0x00,  0x00,  0x00,  0x00,  0x00,  0x00,
  0x00,  0x00,  0x00,  0x00,  0x00,  0x00,  0x00,  0x00,  0x00,  0x00,  0x2c,  0x00,
  0xee,  0x00,  0x13,  0x00,  0x00,  0xc8,  0x00,  0x00,  0x00,  0x00,  0x00,  0xc8,
  0xe5,  0x00,  0x00,  0x00,  0x00,  0x00,  0xef,  0x00,  0x00,  0x0b,  0x00,  0x00,
  0x18,  0x07,  0x00,  0x00,  0x00,  0xcb,  0x13,  0xe4,  0xdc,  0x00,  0x00,  0x00,
  0x00,  0x00,  0xd5,  0x00,  0x19,  0x00,  0x00,  0x00,  0x00,  0x00,  0x00,  0x00,
  0xf8,  0x00,  0x00,  0x0d,  0x00,  0x00,  0x00,  0x00,  0x00,  0x00,  0x00,  0xbb,
  0x00,  0x00,  0x00,  0x00,  0xe4,  0x00,  0x00,  0x00,  0xde,  0x00,  0x00,  0xbd,
  0x00,  0x09,  0x00,  0x00,  0x00,  0x00,  0x00,  0x00,  0xd6,  0x00,  0x00,  0x00,
  0xe5,  0x00,  0xcf,  0x15,  0xd0,  0x00,  0x00,  0x00,  0x00,  0x17,  0x00,  0x00,
  0xec,  0x00,  0x00,  0x14,  0x00,  0x00,  0x00,  0x00,  0x00,  0x13,  0xd3,  0x0f,
  0x00,  0x00,  0xeb,  0x0f,  0x00,  0x13,  0x00,  0x00,  0x00,  0x00,  0x00,  0x26,
  0xf1,  0xcf,  0x00,  0x1a,  0x00,  0x1c,  0x00,  0x00,  0x00,  0x00,  0xc3,  0x1d,
  0x00,  0x00,  0x00,  0x00,  0x00,  0x00,  0x2c,  0x00,  0x00,  0x00,  0x00,  0x00,
  0x00,  0x00,  0x00,  0x00,  0x00,  0x00,  0x00,  0x00,  0x00,  0xea,  0x00,  0x00,
  0x00,  0x00,  0x19,  0x00,  0x00,  0x00,  0x00,  0x00,  0x19,  0x00,  0x00,  0x00,
  0x00,  0x00,  0x11,  0x00,  0x1b,  0x00,  0x00,  0x00,  0x14,  0x00,  0x1f,  0x00,
  0x00,  0x00,  0x00,  0x00,  0x00,  0x00,  0x00,  0x00,  0x00,  0x1a,  0x00,  0x00,
  0x00,  0x00,  0x00,  0x1b,  0x00,  0x00,  0x00,  0x00,  0x00,  0x00,  0x11,  0x1b,
  0x00,  0x00,  0xea,  0x00,  0x00,  0x00,  0x00,  0x00,  0x00,  0x1f,  0x13,  0x00,
  0x00,  0xde,  0xe6,  0x00,  0x00,  0x00,  0x18,  0xe2,  0xea,  0x23,  0x00,  0x1e,
  0x00,  0xe0,  0xe4,  0x00,  0x00,  0x00,  0x00,  0x00,  0xf8,  0x00,  0x00,  0x26,
  0x1a,  0x00,  0x00,  0x00,  0x00,  0x20,  0x00,  0x00,  0x00,  0x00,  0x00,  0x22,
  0x16,  0x00,  0xf2,  0x00,  0x00,  0x22,  0x2b,  0x00,  0x00,  0x00,  0x00,  0x1a,
  0x00,  0x00,  0x00,  0x0e,  0x00,  0x20,  0x00,  0x00,  0x00,  0xe5,  0x00,  0x18,
  0x00,  0x00,  0x00,  0x00,  0x00,  0x1c,  0x00,  0x00,  0x00,  0x0e,  0x00,  0x00,
  0x00,  0x00,  0x00,  0x00,  0x00,  0x1a,  0x00,  0x00,  0x00,  0x00,  0x00,  0x1d,
  0x00,  0x00,  0x00,  0x00,  0x0e,  0x19,  0x20,  0x00,  0x00,  0x13,  0x0e,  0x00,
  0x12,  0xe8,  0x00,  0x00,  0x0e,  0x00,  0x00,  0x00,  0x31,  0x00,  0x00,  0x00,
  0x00,  0x00,  0x3c,  0x00,  0x00,  0x00,  0x00,  0x00,  0x30,  0x00,  0x00,  0x00,
  0x00,  0x00,  0x00,  0x00,  0x00,  0x00,  0x00,  0x00,  0x00,  0x1d,  0x00,  0x00,
  0x25,  0x00,  0x00,  0x00,  0x00,  0x00,  0x00,  0x00,  0x00,  0x00,  0x00,  0x00,
  0x00,  0x00,  0x00,  0xe5,  0x00,  0x1b,  0x00,  0x00,  0x31,  0x00,  0x00,  0x00,
  0x00,  0x00,  0x36,  0x00,  0xdc,  0x00,  0x00,  0x00,  0x2e,  0x00,  0x00,  0x00,
  0x00,  0x00,  0x00,  0x00,  0x00,  0x00,  0x00,  0x04,  0x00,  0x00,  0x00,  0x00,
  0x19,  0x00,  0x00,  0x00,  0x00,  0x00,  0x00,  0x00,  0x18,  0x0f,  0x00,  0x00,
  0x00,  0x00,  0x00,  0x00,  0x12,  0x1a,  0x00,  0x00,  0x00,  0x00,  0x00,  0x00,
  0x00,  0x00,  0x00,  0x00,  0x00,  0x00,  0x00,  0x00,  0x00,  0x25,  0x00,  0x00,
  0x00,  0xe4,  0x00,  0x12,  0x00,  0x00,  0x22,  0x00,  0x13,  0x00,  0x00,  0x13,
  0x00,  0xe5,  0x00,  0x00,  0x00,  0x16,  0x00,  0x00,  0x00,  0x10,  0x00,  0x12,
  0x00,  0x00,  0x00,  0x00,  0x00,  0x00,  0x00,  0x00,  0x00,  0x00,  0xea,  0x00,
  0x26,  0x00,  0x0e,  0x13,  0x00,  0x00,  0x20,  0x00,  0x00,  0x00,  0x00,  0x00,
  0x00,  0x00,  0x00,  0xe0,  0x00,  0x00,  0x00,  0x00,  0x00,  0xde,  0x00,  0x12,
  0x00,  0x00,  0x00,  0xe6,  0x00,  0x10,  0x00,  0x00,  0x00,  0x00,  0x00,  0x00,
  0x00,  0x00,  0x00,  0x00,  0x00,  0x00,  0x00,  0x00,  0x00,  0x00,  0x00,  0x00,
  0x00,  0x00,  0x00,  0x00,  0x14,  0x00,  0x21,  0x00,  0x00,  0x00,  0x14,  0x00,
  0x00,  0x00,  0x24,  0x00,  0x00,  0x00,  0x00,  0x00,  0x21,  0x00,  0x00,  0x00,
  0x00,  0x00,  0x2d,  0x00,  0x00,  0x00,  0x00,  0x00,  0x31,  0x00,  0x00,  0x00,
  0x00,  0x00,  0x00,  0x00,  0x00,  0x00,  0x00,  0x00,  0x00,  0x00,  0x00,  0x17,
  0x2d,  0x00,  0x00,  0x00,  0x00,  0x00,  0x00,  0x00,  0x00,  0x00,  0x00,  0x00,
  0x00,  0x00,  0x00,  0x00,  0x00,  0x1f,  0x00,  0xe7,  0x20,  0x00,  0x00,  0x1c,
  0x00,  0xe5,  0x29,  0x00,  0x00,  0x00,  0x00,  0xe8,  0x00,  0x00,  0x00,  0x00,
  0x00,  0x00,  0x00,  0x00,  0x00,  0x00,  0x00,  0x00,  0x00,  0x00,  0x00,  0x00,
  0x00,  0x00,  0x00,  0x00,  0x00,  0x00,  0x00,  0x00,  0x00,  0x00,  0x00,  0x00,
  0x00,  0x00,  0x00,  0x00,  0x00,  0x00,  0x00,  0x00,  0x37,  0x00,  0x14,  0x00,
  0x00,  0x00,  0x33,  0x25,  0x00,  0x00,  0x00,  0x00,  0x35,  0x00,  0x16,  0x00,
  0x00,  0xed,  0x00,  0x2a,  0x00,  0x00,  0x00,  0x00,  0x00,  0x2c,  0x00,  0x00,
  0x00,  0x00,  0x00,  0x00,  0xe9,  0x00,  0x00,  0x00,  0x2c,  0x00,  0x00,  0x00,
  0x00,  0x00,  0x26,  0x00,  0xea,  0x00,  0x00,  0x00,  0x00,  0x00,  0x00,  0x00,
  0x13,  0x00,  0x00,  0x00,  0x00,  0x20,  0x00,  0x00,  0x00,  0x28,  0x00,  0x00,
  0x00,  0x00,  0x2c,  0x00,  0x00,  0x1d,  0x00,  0x00,  0x00,  0xf2,  0x00,  0x2c,
  0x00,  0x00,  0x00,  0x00,  0x00,  0x28,  0x00,  0x00,  0x00,  0x1a,  0x00,  0x2d,
  0x00,  0x00,  0x00,  0x00,  0x00,  0x00,  0x00,  0x00,  0x00,  0x00,  0x00,  0x00,
  0x00,  0x00,  0x00,  0x1d,  0x00,  0x00,  0x00,  0x00,  0x00,  0x1e,  0x00,  0x00,
  0x00,  0xea,  0x00,  0x21,  0x00,  0x00,  0x00,  0x00,  0x00,  0x08,  0x00,  0x00,
  0x00,  0x00,  0xfd,  0x05,  0x00,  0x00,  0x00,  0x00,  0x00,  0x00,  0xe6,  0x00,
  0x00,  0x00,  0x00,  0x05,  0x00,  0xc4,  0x00,  0x00,  0xf9,  0x00,  0x13,  0x00,
  0x00,  0x00,  0xf0,  0x00,  0x13,  0x00,  0x07,  0x00,  0xd8,  0x00,  0x00,  0x00,
  0x00,  0x00,  0x00,  0x00,  0x14,  0x00,  0x00,  0x00,  0xe8,  0x00,  0x00,  0x00,
  0x00,  0x00,  0xe5,  0xff,  0x00,  0x00,  0x00,  0x00,  0xec,  0x00,  0x0e,  0x00,
  0x00,  0x00,  0xe3,  0x02,  0x00,  0x00,  0x1d,  0x00,  0xde,  0x05,  0x00,  0x00,
  0x00,  0x00,  0xc5,  0x09,  0x00,  0x00,  0x00,  0x00,  0x00,  0x1c,  0x00,  0x00,
  0x1f,  0x00,  0xb2,  0x06,  0x00,  0x00,  0x00,  0x00,  0x00,  0xfe,  0x00,  0x00,
  0x17,  0x00,  0x00,  0x0c,  0x00,  0x00,  0x00,  0x00,  0x00,  0x18,  0x00,  0x00,
  0xe0,  0x00,  0x00,  0x20,  0x00,  0x00,  0x00,  0x00,  0x00,  0x05,  0xca,  0x00,
  0x00,  0x00,  0x00,  0x00,  0x00,  0x00,  0x00,  0x00,  0x00,  0x11,  0x00,  0xd7,
  0x00,  0x00,  0xac,  0x13,  0x00,  0x00,  0x00,  0x00,  0xa6,  0x0e,  0x00,  0x00,
  0x00,  0x00,  0x00,  0x00,  0x00,  0x00,  0x14,  0x00,  0xca,  0x06,  0x00,  0x00,
  0x00,  0x00,  0x00,  0x0a,  0x00,  0x00,  0x00,  0x00,  0x00,  0x00,  0x00,  0x00,
  0x00,  0x00,  0x00,  0x00,  0x00,  0x00,  0x00,  0x00,  0x00,  0x13,  0x00,  0x00,
  0x00,  0xec,  0x00,  0x00,  0x00,  0x00,  0x00,  0x00,  0x00,  0x00,  0x00,  0x00,
  0x00,  0x00,  0x00,  0x00,  0x00,  0x00,  0x00,  0x00,  0x00,  0x00,  0x00,  0x00,
  0x00,  0x00,  0x00,  0x00,  0x00,  0x00,  0x09,  0x00,  0x00,  0x00,  0x00,  0x00,
  0x00,  0x00,  0x00,  0x1b,  0x00,  0x00,  0x00,  0x00,  0x00,  0x00,  0x00,  0x00,
  0x00,  0x00,  0x00,  0x00,  0x00,  0x00,  0xde,  0x00,  0xd4,  0x10,  0x00,  0x00,
  0x00,  0x00,  0xdf,  0x0e,  0x00,  0x00,  0x00,  0x00,  0xd7,  0x00,  0x00,  0x00,
  0x00,  0x00,  0xf5,  0x00,  0x0b,  0x00,  0x00,  0x00,  0xe3,  0x00,  0x0e,  0xfb,
  0x00,  0x00,  0xd5,  0x0f,  0x06,  0x00,  0x00,  0x1b,  0xd5,  0x00,  0x00,  0x00,
  0x16,  0x00,  0xe1,  0x00,  0x00,  0x00,  0x00,  0x00,  0x00,  0x0a,  0x00,  0xf5,
  0x00,  0x00,  0x00,  0x00,  0x00,  0xef,  0x00,  0x00,  0x00,  0x00,  0x00,  0x00,
  0x00,  0x00,  0x00,  0x00,  0x00,  0x00,  0x00,  0x00,  0xf0,  0x08,  0x00,  0xf4,
  0x00,  0x00,  0xee,  0x0b,  0x00,  0x00,  0x00,  0x00,  0xf0,  0x07,  0x00,  0x00,
  0x00,  0x00,  0xf5,  0x1b,  0x00,  0x00,  0x19,  0x00,  0x00,  0x10,  0x00,  0x00,
  0x00,  0xed,  0x00,  0x19,  0x00,  0x00,  0x00,  0x00,  0x00,  0x0b,  0x00,  0x00,
  0x00,  0x00,  0x00,  0x1c,  0x00,  0x00,  0x00,  0x00,  0x00,  0x06,  0x00,  0x00,
  0x00,  0x00,  0x00,  0x00,  0x00,  0x00,  0x00,  0x00,  0xd6,  0x10,  0x00,  0x00,
  0x00,  0x00,  0x00,  0xf6,  0x00,  0x00,  0x00,  0x00,  0x00,  0x07,  0x00,  0x00,
  0x00,  0x00,  0x00,  0xf4,  0x0a,  0x00,  0x00,  0x00,  0x02,  0xf9,  0x00,  0x00,
  0x00,  0x00,  0x00,  0x00,  0x00,  0x00,  0x00,  0x00,  0x00,  0x00,  0x00,  0xc1,
  0x00,  0x00,  0x00,  0x00,  0x00,  0xc9,  0x00,  0x00,  0x00,  0x00,  0x00,  0x00,
  0x00,  0x00,  0x00,  0x00,  0x00,  0x00,  0x00,  0x00,  0x00,  0x00,  0x00,  0x00,
  0xc4,  0x00,  0x00,  0xf0,  0x00,  0x00,  0x00,  0x10,  0x01,  0xff,  0x00,  0x00,
  0x00,  0x00,  0x00,  0x00,  0x00,  0x00,  0x00,  0x00,  0x00,  0xf4,  0x00,  0x00,
  0x0e,  0xed,  0x00,  0xfc,  0x00,  0xd4,  0xdb,  0xe8,  0x00,  0x00,  0x00,  0xd3,
  0x00,  0x00,  0x00,  0x00,  0x00,  0x00,  0x00,  0x00,  0xd7,  0x00,  0x00,  0x00,
  0x00,  0x00,  0xdd,  0x00,  0x00,  0x00,  0x00,  0x00,  0xec,  0x00,  0x00,  0x00,
  0x00,  0x00,  0xea,  0x00,  0x00,  0x00,  0x00,  0x10,  0xdb,  0x00,  0x00,  0x00,
  0x00,  0x0f,  0x00,  0x00,  0x00,  0x00,  0x1e,  0x00,  0x00,  0x00,  0x00,  0x16,
  0x00,  0x00,  0x00,  0x00,  0x00,  0x00,  0x00,  0x00,  0x00,  0x00,  0x00,  0x00,
  0x00,  0x00,  0xfc,  0x00,  0xc1,  0x11,  0x00,  0x00,  0x00,  0x00,  0x00,  0x00,
  0x00,  0x00,  0x00,  0x00,  0x00,  0x09,  0x00,  0x00,  0x00,  0x00,  0x00,  0x0c,
  0x00,  0x00,  0x00,  0x00,  0x00,  0x00,  0x00,  0x00,  0x00,  0x00,  0x00,  0x00,
  0x09,  0x00,  0x00,  0x1a,  0x00,  0x00,  0x00,  0x00,  0x00,  0x30,  0x00,  0x00,
  0x00,  0x00,  0x00,  0x13,  0x00,  0xb6,  0x00,  0x00,  0x00,  0x00,  0x00,  0xbe,
  0xf3,  0x0c,  0x00,  0x00,  0x00,  0xcd,  0x00,  0x00,  0x00,  0x00,  0x00,  0xd1,
  0x00,  0x00,  0x00,  0x00,  0xfb,  0xd7,  0x00,  0xe4,  0x00,  0x0c,  0x00,  0xc4,
  0x00,  0x00,  0x00,  0x00,  0x00,  0x00,  0x00,  0xee,  0x00,  0x00,  0x00,  0x00,
  0x00,  0x00,  0x00,  0x00,  0x00,  0x00,  0x00,  0x00,  0x00,  0x00,  0x00,  0x00,
  0x00,  0x00,  0xce,  0x00,  0x00,  0x00,  0x00,  0x00,  0xd7,  0x00,  0x00,  0x00,
  0x00,  0xec,  0xd3,  0x00,  0x00,  0x00,  0x00,  0x00,  0xde,  0x00,  0x00,  0xe1,
  0x00,  0x00,  0xd0,  0x00,  0x00,  0x00,  0x00,  0x00,  0x00,  0x17,  0x00,  0x00,
  0x00,  0x00,  0xc4,  0x00,  0xf6,  0x00,  0x00,  0x00,  0x00,  0x23,  0x00,  0x00,
  0x00,  0x00,  0x00,  0x00,  0x00,  0xdf,  0x00,  0x00,  0x00,  0x1e,  0xe7,  0xe1,
  0x00,  0x00,  0x00,  0x00,  0xe7,  0x00,  0x00,  0x00,  0x00,  0x23,  0x00,  0x00,
  0x00,  0xee,  0x01,  0x20,  0x00,  0x00,  0xe4,  0x00,  0x07,  0x34,  0xf4,  0x00,
  0xe8,  0x00,  0x00,  0x36,  0x00,  0x00,  0x00,  0x00,  0xf4,  0x29,  0x00,  0x00,
  0x00,  0x00,  0x00,  0x2a,  0x00,  0xed,  0x00,  0x00,  0x00,  0x28,  0x00,  0xe9,
  0x00,  0x00,  0x00,  0x00,  0xf0,  0x00,  0x00,  0x00,  0x0b,  0x30,  0x00,  0x00,
  0x00,  0xee,  0x1a,  0x00,  0x00,  0xd9,  0x00,  0xed,  0x1f,  0x2c,  0x00,  0x00,
  0x00,  0x00,  0x00,  0x2a,  0x00,  0x00,  0x00,  0x00,  0x00,  0x3f,  0x00,  0x00,
  0x00,  0xe1,  0x00,  0x27,  0x00,  0xd9,  0x00,  0xe6,  0x00,  0x2e,  0xf5,  0x00,
  0x00,  0xec,  0x15,  0x2d,  0xf5,  0x00,  0x00,  0xee,  0x00,  0x00,  0x00,  0x00,
  0x00,  0x00,  0x00,  0x00,  0x00,  0xcd,  0x00,  0x00,  0x00,  0x00,  0x00,  0x00,
  0x00,  0x00,  0x00,  0x00,  0x00,  0xce,  0x00,  0x00,  0x00,  0x00,  0x00,  0xd4,
  0x00,  0x00,  0x00,  0xf8,  0x00,  0xd4,  0x00,  0xed,  0x00,  0x00,  0x00,  0x00,
  0xeb,  0xe7,  0x00,  0x00,  0x00,  0x00,  0x00,  0x00,  0x00,  0x00,  0x00,  0x00,
  0x00,  0x00,  0x00,  0x00,  0x00,  0xde,  0x00,  0x00,  0x00,  0x00,  0x27,  0x00,
  0x00,  0x00,  0x00,  0x00,  0x00,  0x00,  0x00,  0x00,  0x00,  0xf1,  0x00,  0x00,
  0x00,  0x00,  0x00,  0x00,  0x00,  0x00,  0x0b,  0xe6,  0x00,  0x00,  0x00,  0x00,
  0x00,  0x00,  0x00,  0x34,  0x00,  0x00,  0x00,  0x00,  0x00,  0x2f,  0x00,  0x00,
  0x00,  0x00,  0xdc,  0x22,  0x00,  0xdf,  0x00,  0x00,  0xcb,  0x00,  0x00,  0xda,
  0x17,  0x00,  0xcb,  0x2d,  0xfb,  0x00,  0x00,  0x00,  0x00,  0x2e,  0x00,  0xda,
  0x00,  0x00,  0x00,  0x00,  0x00,  0x00,  0x00,  0x00,  0x00,  0x00,  0x00,  0x00,
  0xe0,  0x00,  0x00,  0x22,  0xf6,  0x00,  0x00,  0x00,  0x00,  0x27,  0x00,  0x00,
  0x00,  0x00,  0x00,  0x20,  0xfc,  0x00,  0x00,  0x00,  0xe7,  0x39,  0x00,  0x00,
  0x00,  0x00,  0x00,  0x2b,  0x00,  0x00,  0x00,  0x00,  0x00,  0x00,  0x00,  0xda,
  0x00,  0xe9,  0x00,  0x2b,  0x00,  0x00,  0x00,  0xf1,  0x00,  0x1e,  0x00,  0xd5,
  0x00,  0xf0,  0x00,  0x29,  0x00,  0x00,  0x00,  0xea,  0x00,  0x1f,  0xf4,  0x00,
  0x00,  0x00,  0x00,  0x00,  0x00,  0xd8,  0x00,  0x00,  0x00,  0x00,  0x00,  0x00,
  0x00,  0x00,  0x00,  0x00,  0x00,  0x00,  0x00,  0x00,  0x00,  0x00,  0x00,  0x00,
  0x00,  0x00,  0x00,  0x00,  0x00,  0x00,  0x00,  0x00,  0x00,  0x00,  0x00,  0xe0,
  0x00,  0x00,  0x00,  0x25,  0x00,  0xcf,  0x00,  0x00,  0x00,  0x24,  0x00,  0x00,
  0x00,  0x00,  0x02,  0x00,  0x00,  0xd5,  0xe0,  0x00,  0x00,  0xfa,  0x00,  0x00,
  0x00,  0x00,  0x00,  0x00,  0x1c,  0xe4,  0x09,  0x00,  0x00,  0x00,  0x00,  0x00,
  0x00,  0xe2,  0x00,  0x00,  0x00,  0x00,  0x00,  0x00,  0x00,  0x28,  0x00,  0x00,
  0x00,  0x00,  0xcf,  0x00,  0x1c,  0x00,  0x00,  0x00,  0x00,  0x00,  0x00,  0x00,
  0x00,  0x00,  0x00,  0x00,  0x00,  0x00,  0x05,  0x00,  0x00,  0x00,  0x00,  0x00,
  0x00,  0x00,  0x00,  0x00,  0x00,  0x00,  0x00,  0x00,  0xca,  0x00,  0x00,  0x00,
  0x00,  0x00,  0xd3,  0x31,  0x00,  0x00,  0x00,  0x00,  0xd2,  0x39,  0x00,  0x00,
  0x11,  0x00,  0xda,  0x3a,  0x00,  0x00,  0x00,  0xee,  0x00,  0x31,  0xeb,  0x00,
  0x00,  0x00,  0x00,  0x33,  0x00,  0x00,  0x00,  0x00,  0x00,  0x39,  0x00,  0x15,
  0x00,  0x00,  0x00,  0x31,  0xf2,  0x00,  0x00,  0x00,  0xf7,  0x37,  0xee,  0x00,
  0x00,  0x00,  0x00,  0x54,  0xed,  0x00,  0x00,  0x00,  0x00,  0x43,  0x00,  0x00,
  0x00,  0x00,  0x25,  0x00,  0x00,  0x00,  0x00,  0x00,  0x36,  0xc2,  0x00,  0x00,
  0xf2,  0x00,  0x00,  0x00,  0x12,  0x00,  0x00,  0x00,  0x00,  0xbf,  0x15,  0x00,
  0x00,  0x00,  0x00,  0x00,  0x00,  0x00,  0x00,  0x00,  0x00,  0xbf,  0x00,  0x00,
  0x00,  0xea,  0x00,  0xbc,  0x10,  0xb7,  0x00,  0x00,  0x27,  0xb8,  0x1e,  0x00,
  0x00,  0x00,  0x00,  0x00,  0x23,  0x00,  0x00,  0xe1,  0x2b,  0xc6,  0x21,  0x00,
  0x00,  0xdf,  0x00,  0x00,  0x16,  0x00,  0x00,  0x00,  0x00,  0x00,  0x1b,  0x00,
  0x00,  0x00,  0xf7,  0xc8,  0x00,  0x00,  0x00,  0x00,  0x00,  0x00,  0x00,  0x00,
  0x00,  0x00,  0x00,  0xbe,  0x00,  0x00,  0x00,  0x00,  0xeb,  0x00,  0x00,  0x00,
  0x00,  0x00,  0x00,  0xcc,  0x00,  0x00,  0x00,  0x00,  0x00,  0x00,  0x00,  0xe7,
  0xff,  0xe2,  0x00,  0x04,  0x00,  0xf2,  0xf2,  0x00,  0xcc,  0x00,  0x00,  0xf7,
  0x00,  0x0e,  0xc3,  0x00,  0x00,  0x00,  0x00,  0x00,  0xc2,  0x00,  0x00,  0x00,
  0x00,  0x0b,  0x00,  0x04,  0x00,  0xff,  0x00,  0x00,  0xce,  0x00,  0x00,  0x00,
  0x00,  0x0c,  0xd9,  0x21,  0x00,  0x00,  0x00,  0x00,  0xd2,  0x15,  0x00,  0x00,
  0x00,  0x00,  0x00,  0x00,  0x00,  0x00,  0x00,  0x00,  0x00,  0x24,  0x00,  0x00,
  0x00,  0x00,  0x00,  0x16,  0x00,  0xf8,  0x00,  0x00,  0x00,  0x00,  0x00,  0x00,
  0x00,  0x00,  0x00,  0x11,  0x00,  0x00,  0xed,  0x00,  0x00,  0x14,  0x00,  0x00,
  0x00,  0x00,  0x00,  0x00,  0x00,  0x00,  0x00,  0x00,  0x00,  0x00,  0x00,  0x00,
  0x00,  0x00,  0x1a,  0x00,  0x00,  0x00,  0x00,  0x00,  0x0d,  0xd7,  0x00,  0x00,
  0x00,  0x19,  0x27,  0xe2,  0x00,  0x00,  0x00,  0x00,  0x00,  0xdb,  0x00,  0x00,
  0x00,  0x00,  0x00,  0xef,  0xfe,  0x00,  0x00,  0x00,  0x00,  0xd6,  0x03,  0x00,
  0x00,  0x00,  0x33,  0xeb,  0x00,  0xe7,  0x00,  0x00,  0x2f,  0xf1,  0x0b,  0x00,
  0x00,  0x00,  0x00,  0xeb,  0x00,  0x00,  0xf2,  0x00,  0x27,  0x00,  0x00,  0xdf,
  0x06,  0x00,  0x00,  0xef,  0x04,  0x00,  0x00,  0x00,  0x2c,  0xcd,  0xfc,  0x00,
  0x00,  0xf3,  0x26,  0xe9,  0x00,  0x00,  0x00,  0x00,  0x00,  0x00,  0x00,  0x00,
  0x00,  0x00,  0x00,  0x00,  0x00,  0x00,  0xeb,  0x00,  0x00,  0xd3,  0x00,  0x00,
  0x0b,  0x00,  0x00,  0xf0,  0x00,  0xb6,  0x00,  0x00,  0x00,  0x00,  0x00,  0x00,
  0x00,  0x00,  0x00,  0x00,  0x00,  0xb6,  0x17,  0x00,  0x00,  0xeb,  0x00,  0x00,
  0xf0,  0x00,  0x00,  0x00,  0xd9,  0x00,  0x00,  0x1f,  0x00,  0x00,  0x00,  0x00,
  0x00,  0x00,  0x00,  0x00,  0x00,  0x00,  0xe8,  0x00,  0x00,  0x00,  0x00,  0x00,
  0x00,  0x0e,  0x00,  0x1c,  0x00,  0x00,  0x00,  0x0b,  0x00,  0x27,  0x00,  0xba,
  0x00,  0x00,  0x00,  0x0c,  0x00,  0x00,  0x00,  0x00,  0x00,  0x22,  0x00,  0x00,
  0x00,  0x00,  0x00,  0x2a,  0x00,  0x00,  0x00,  0x00,  0x00,  0x00,  0x00,  0x00,
  0x00,  0x00,  0x00,  0x20,  0xe0,  0x00,  0x00,  0x00,  0x00,  0x0b,  0x00,  0x00,
  0xf7,  0x00,  0x00,  0x07,  0x00,  0x00,  0x00,  0x00,  0x00,  0x07,  0x00,  0xe7,
  0x0c,  0x00,  0x02,  0x00,  0x00,  0x00,  0x00,  0x00,  0x00,  0x00,  0x00,  0xf3,
  0x00,  0x00,  0x00,  0xd6,  0x00,  0xfb,  0x00,  0x00,  0xf1,  0xd6,  0x00,  0x00,
  0x00,  0x00,  0x00,  0xc8,  0x00,  0xfd,  0x00,  0x00,  0x00,  0xdc,  0x00,  0xea,
  0x00,  0x00,  0x00,  0xcd,  0x00,  0xea,  0x00,  0x00,  0x00,  0xd4,  0x00,  0xf3,
  0x00,  0xdf,  0x00,  0xc7,  0x14,  0xf0,  0x00,  0xe1,  0x00,  0xe3,  0x00,  0xe2,
  0x00,  0x00,  0x00,  0xe0,  0x00,  0x00,  0x00,  0x00,  0x00,  0xdf,  0x00,  0x00,
  0x14,  0x00,  0x00,  0xd3,  0x10,  0x00,  0x00,  0x00,  0x00,  0xdf,  0x14,  0x00,
  0x00,  0x00,  0x00,  0x00,  0x12,  0x00,  0x00,  0x00,  0x00,  0xe5,  0x00,  0xfa,
  0x00,  0x00,  0xd4,  0xe4,  0x00,  0x00,  0x00,  0x00,  0x00,  0x00,  0x00,  0xf4,
  0x1e,  0x00,  0xe5,  0x00,  0x00,  0xf6,  0x00,  0x00,  0xe1,  0x00,  0x00,  0x00,
  0x00,  0x00,  0x00,  0x00,  0x00,  0xea,  0x00,  0x00,  0x00,  0x00,  0xe8,  0xeb,
  0x05,  0x00,  0x00,  0x00,  0xec,  0xf1,  0x00,  0x0a,  0x00,  0x00,  0x00,  0xe7,
  0x00,  0x00,  0xe3,  0x16,  0xe7,  0x00,  0xfc,  0x00,  0x00,  0x00,  0x00,  0xf0,
  0x00,  0x00,  0x00,  0x20,  0x00,  0xe8,  0x00,  0x00,  0xec,  0x2a,  0x00,  0x00,
  0xed,  0x00,  0xe7,  0x2b,  0x00,  0xe9,  0x00,  0x00,  0xe0,  0x00,  0x00,  0x00,
  0x00,  0x00,  0x00,  0x28,  0x00,  0x00,  0x00,  0x00,  0x00,  0x19,  0x00,  0xbd,
  0x00,  0x14,  0x00,  0xd3,  0x1c,  0x00,  0x00,  0x00,  0x00,  0xc7,  0x00,  0x12,
  0x00,  0x00,  0x00,  0xb6,  0x00,  0x00,  0x00,  0x00,  0x00,  0xc3,  0x19,  0x00,
  0x00,  0x00,  0x00,  0xda,  0x16,  0x00,  0x00,  0x00,  0x00,  0x00,  0x00,  0xe4,
  0x00,  0x00,  0x00,  0x00,  0x14,  0xd8,  0x00,  0x00,  0x00,  0xde,  0x00,  0x00,
  0x00,  0xec,  0x00,  0x00,  0x00,  0x00,  0x00,  0x00,  0x00,  0x00,  0x00,  0x00,
  0x00,  0x00,  0x00,  0x00,  0xee,  0xe9,  0x00,  0x00,  0x00,  0x09,  0x00,  0xdf,
  0x00,  0xed,  0xe5,  0x09,  0x00,  0xe4,  0x00,  0x00,  0x00,  0x00,  0x00,  0x00,
  0x00,  0x00,  0x00,  0x00,  0x00,  0x00,  0x00,  0x00,  0x00,  0xe6,  0x00,  0xe4,
  0x00,  0x00,  0x00,  0x00,  0x00,  0x00,  0x00,  0x00,  0x00,  0x12,  0x00,  0xe8,
  0x00,  0x00,  0x00,  0x00,  0x00,  0x00,  0x00,  0x00,  0x18,  0x00,  0x00,  0x00,
  0x00,  0xeb,  0x00,  0x00,  0x12,  0x00,  0x00,  0x00,  0x00,  0x00,  0x00,  0x00,
  0x00,  0x00,  0x00,  0x00,  0x00,  0x00,  0x00,  0x00,  0x10,  0x00,  0x00,  0x00,
  0x00,  0x1e,  0x00,  0x00,  0x00,  0xec,  0x00,  0x00,  0x00,  0xe2,  0x00,  0x00,
  0x00,  0x00,  0x00,  0x00,  0x15,  0x00,  0x00,  0x00,  0x13,  0xe7,  0x00,  0xe0,
  0x00,  0x00,  0x00,  0x00,  0x00,  0xdf,  0xf1,  0x00,  0x1c,  0x00,  0x00,  0xe4,
  0x00,  0x00,  0x00,  0x00,  0x00,  0xdb,  0x00,  0x00,  0x00,  0x00,  0x00,  0xe3,
  0x00,  0x00,  0x00,  0x00,  0x00,  0x00,  0x1d,  0x00,  0xf8,  0x00,  0x00,  0x00,
  0x00,  0x00,  0x00,  0x00,  0x00,  0x00,  0x00,  0x00,  0x00,  0xde,  0x00,  0x1b,
  0x00,  0x00,  0x00,  0xdf,  0x1b,  0x00,  0x00,  0x00,  0x1a,  0xcc,  0x14,  0x0e,
  0x00,  0x00,  0x00,  0xd7,  0x00,  0x09,  0x00,  0x00,  0x00,  0xd3,  0x00,  0x00,
  0x00,  0x00,  0x00,  0xe0,  0x25,  0x00,  0x00,  0x00,  0x00,  0xe2,  0x1d,  0x00,
  0x00,  0x00,  0x08,  0x00,  0x16,  0xdd,  0x00,  0x00,  0x00,  0x00,  0x20,  0xe2,
  0x00,  0x00,  0x00,  0xe3,  0x16,  0x00,  0x00,  0x00,  0x02,  0x00,  0x00,  0x00,
  0x00,  0x00,  0x00,  0x00,  0x00,  0xe0,  0x00,  0x00,  0xd6,  0x00,  0x00,  0x00,
  0x00,  0x00,  0xd4,  0xe4,  0x00,  0xe7,  0x00,  0x00,  0xea,  0x00,  0x00,  0xdf,
  0x00,  0x00,  0x00,  0x00,  0x00,  0xe9,  0x00,  0x00,  0x00,  0x00,  0x00,  0xe3,
  0x00,  0x00,  0x00,  0x00,  0x00,  0xe0,  0x00,  0x00,  0x00,  0x00,  0x00,  0xe1,
  0x00,  0x00,  0x00,  0x00,  0x00,  0xe2,  0x00,  0x00,  0x00,  0x12,  0x25,  0xe0,
  0x00,  0x00,  0x00,  0x00,  0x00,  0x00,  0x00,  0x0e,  0x00,  0x00,  0x00,  0x00,
  0x00,  0x00,  0x00,  0x00,  0x00,  0xe8,  0x00,  0x10,  0x00,  0x00,  0x00,  0x00,
  0x20,  0x1d,  0x00,  0x00,  0x1d,  0x00,  0x00,  0x00,  0x00,  0x00,  0x22,  0x00,
  0x00,  0x00,  0x00,  0x00,  0x00,  0x00,  0x00,  0x00,  0x00,  0x00,  0x00,  0xe8,
  0x00,  0x00,  0x00,  0x1b,  0x00,  0xe0,  0xee,  0x00,  0x00,  0x00,  0x00,  0xe5,
  0x00,  0x00,  0x00,  0x14,  0x00,  0xda,  0x00,  0x00,  0x00,  0x13,  0x00,  0xe6,
  0x00,  0x00,  0x00,  0x00,  0x00,  0x00,  0x00,  0x00,  0x00,  0x00,  0x00,  0x00,
  0x00,  0x00,  0x00,  0xea,  0x00,  0x00,  0x00,  0x00,  0x00,  0x00,  0x00,  0x00,
  0x00,  0x00,  0x00,  0xe8,  0x00,  0x16,  0x00,  0x00,  0x00,  0xe1,  0x00,  0x00,
  0x00,  0x12,  0x00,  0xef,  0x00,  0x0d,  0x00,  0x00,  0x00,  0x00,  0x1c,  0x00,
  0x00,  0x00,  0x00,  0x00,  0x00,  0x00,  0x00,  0x00,  0x00,  0x00,  0x21,  0x00,
  0x00,  0x00,  0x00,  0x00,  0x00,  0x00,  0x00,  0x00,  0x0c,  0x00,  0x14,  0x00,
  0xf7,  0x00,  0x00,  0x00,  0x16,  0x00,  0x00,  0x00,  0x00,  0x00,  0x00,  0xe2,
  0x00,  0x00,  0x00,  0x00,  0x00,  0x00,  0x00,  0x00,  0xe6,  0xec,  0x00,  0x00,
  0x00,  0x13,  0xdd,  0xec,  0x14,  0x00,  0x00,  0x00,  0xe4,  0x00,  0x00,  0x00,
  0x00,  0x00,  0x00,  0x00,  0x00,  0x00,  0x00,  0x00,  0x00,  0x14,  0x00,  0x00,
  0x00,  0x00,  0x00,  0x00,  0x00,  0xdf,  0x00,  0xeb,  0x00,  0x00,  0xf0,  0xd9,
  0x00,  0x00,  0x00,  0x17,  0x00,  0x00,  0x00,  0x00,  0x00,  0x00,  0x00,  0xe8,
  0x00,  0x00,  0x00,  0x0b,  0x00,  0x00,  0x00,  0x00,  0xf7,  0x13,  0x00,  0x00,
  0x00,  0x16,  0x00,  0x00,  0x00,  0x00,  0x00,  0x00,  0x00,  0x12,  0x00,  0x00,
  0x00,  0x00,  0x00,  0x00,  0x00,  0x00,  0xf4,  0x00,  0x00,  0x00,  0x00,  0x00,
  0x00,  0x00,  0x00,  0x0d,  0x00,  0x00,  0x00,  0x00,  0x00,  0x00,  0x18,  0x00,
  0x00,  0x00,  0xe5,  0xfd,  0x00,  0x09,  0x00,  0x00,  0xf0,  0x00,  0x00,  0x13,
  0x00,  0x00,  0xdd,  0x00,  0x00,  0x1f,  0x00,  0xe8,  0xe9,  0x00,  0x00,  0x0e,
  0x00,  0x00,  0x00,  0x00,  0x00,  0xfc,  0x00,  0x00,  0xea,  0x00,  0x00,  0x01,
  0x00,  0x00,  0xe9,  0x00,  0x00,  0x00,  0x00,  0x00,  0xe3,  0x32,  0x00,  0x00,
  0x00,  0x00,  0xde,  0x00,  0x00,  0x00,  0x00,  0x00,  0x00,  0x00,  0x00,  0xfd,
  0x00,  0x00,  0x00,  0x39,  0x00,  0x00,  0x00,  0x00,  0x00,  0x00,  0x1b,  0x00,
  0x00,  0x00,  0x00,  0x00,  0x00,  0x00,  0x00,  0x00,  0x00,  0x08,  0x00,  0x00,
  0x00,  0x00,  0x00,  0x00,  0x00,  0x00,  0x00,  0x00,  0x00,  0x00,  0x00,  0x00,
  0x00,  0x00,  0x00,  0x00,  0x00,  0x00,  0x00,  0x00,  0x00,  0x00,  0x00,  0x00,
  0x00,  0x00,  0x00,  0x00,  0x00,  0x00,  0x00,  0x00,  0x00,  0x00,  0x00,  0x00,
  0x00,  0x00,  0x00,  0x26,  0x19,  0x00,  0x00,  0x00,  0x00,  0x00,  0x17,  0x00,
  0x00,  0x00,  0x00,  0x00,  0x00,  0x00,  0x00,  0x00,  0x00,  0x00,  0x00,  0x00,
  0x00,  0x00,  0x00,  0x00,  0x00,  0x00,  0x00,  0x00,  0x00,  0x00,  0x00,  0x00,
  0x00,  0x00,  0x00,  0x00,  0x00,  0x00,  0x00,  0x00,  0x00,  0x00,  0x00,  0x00,
  0x00,  0x00,  0x00,  0x00,  0xf8,  0xf9,  0x00,  0x00,  0x00,  0x00,  0x00,  0xff,
  0x00,  0x00,  0x00,  0x00,  0x00,  0xfa,  0x00,  0x00,  0x00,  0x00,  0x00,  0xff,
  0x00,  0x00,  0x00,  0x00,  0x00,  0x00,  0x00,  0xe5,  0x00,  0x00,  0x00,  0x00,
  0x00,  0x00,  0x00,  0x00,  0x00,  0xff,  0x00,  0x00,  0x00,  0x00,  0x00,  0x02,
  0x00,  0x00,  0x00,  0x00,  0x00,  0x00,  0x00,  0x00,  0x00,  0x00,  0x00,  0x00,
  0x00,  0x00,  0x07,  0x00,  0x00,  0x14,  0x00,  0x00,  0x03,  0x00,  0x00,  0x10,
  0x00,  0x00,  0x00,  0x25,  0x02,  0x15,  0x00,  0x00,  0x00,  0x24,  0x00,  0x00,
  0x00,  0x00,  0x00,  0x00,  0x00,  0x00,  0x00,  0x00,  0x00,  0x38,  0x00,  0x00,
  0x00,  0x00,  0x00,  0x00,  0x00,  0x00,  0x00,  0x00,  0x00,  0x00,  0x00,  0x00,
  0x00,  0x00,  0x00,  0x33,  0x00,  0x00,  0x00,  0x00,  0x00,  0x3e,  0x00,  0x00,
  0x00,  0x00,  0x00,  0x37,  0x00,  0x15,  0x00,  0xdd,  0x00,  0x00,  0x00,  0x00,
  0x00,  0xe1,  0x00,  0x00,  0x00,  0x18,  0x00,  0x00,  0x00,  0x00,  0x00,  0x00,
  0x00,  0x00,  0x00,  0x00,  0x00,  0x00,  0x00,  0x00,  0x00,  0x00,  0x00,  0x00,
  0x00,  0x00,  0x00,  0x00,  0x00,  0x00,  0x00,  0x00,  0x00,  0x00,  0x00,  0x00,
  0x00,  0x00,  0x00,  0x34,  0x00,  0x10,  0x00,  0x00,  0x00,  0x00,  0x00,  0x00,
  0x00,  0xe0,  0x2e,  0x00,  0x00,  0x00,  0x00,  0xe7,  0x00,  0x00,  0x00,  0x00,
  0x00,  0xe7,  0x00,  0x00,  0x00,  0x05,  0x00,  0xe1,  0x00,  0x00,  0x00,  0x00,
  0x00,  0xe9,  0x00,  0x00,  0x00,  0x00,  0x00,  0xe0,  0xff,  0x04,  0x00,  0x00,
  0x00,  0x00,  0xfc,  0xfb,  0x00,  0x09,  0x00,  0x00,  0x02,  0x00,  0x0f,  0x02,
  0x00,  0x00,  0x00,  0x00,  0x00,  0x04,  0x00,  0x00,  0x00,  0x00,  0x13,  0x0f,
  0x00,  0x00,  0x00,  0x00,  0x00,  0x00,  0x00,  0xe4,  0x00,  0x00,  0x0e,  0x02,
  0x00,  0x00,  0x00,  0x00,  0x00,  0x00,  0x00,  0x00,  0x00,  0x00,  0x00,  0x0b,
  0x00,  0x00,  0xf5,  0x00,  0x00,  0x00,  0x00,  0x00,  0xf1,  0x00,  0x00,  0x00,
  0x00,  0x00,  0x00,  0x00,  0x0f,  0x00,  0x00,  0x00,  0x00,  0x00,  0x00,  0x00,
  0x00,  0x00,  0x00,  0x00,  0x00,  0xfd,  0xfc,  0x00,  0x01,  0x00,  0x00,  0x00,
  0x00,  0x00,  0x00,  0x00,  0x00,  0x00,  0x00,  0x00,  0x00,  0x00,  0x00,  0x00,
  0x00,  0x00,  0x00,  0x24,  0x00,  0xfc,  0x00,  0x00,  0x01,  0x22,  0x00,  0x08,
  0x00,  0x00,  0x00,  0x00,  0xf5,  0xff,  0x00,  0x00,  0x00,  0x00,  0x00,  0x05,
  0x00,  0x00,  0x00,  0x00,  0xf2,  0x04,  0x00,  0x00,  0x00,  0x00,  0x00,  0x00,
  0x00,  0xe4,  0x00,  0xf5,  0x00,  0x00,  0x00,  0xdf,  0x00,  0x00,  0x00,  0x00,
  0x00,  0xdd,  0x00,  0x00,  0x00,  0x00,  0x00,  0xe2,  0x00,  0x00,  0x00,  0xf5,
  0x00,  0x00,  0x00,  0x00,  0x00,  0x00,  0x00,  0x00,  0x00,  0x00,  0x00,  0x00,
  0x00,  0x00,  0x00,  0x00,  0x00,  0x00,  0x00,  0x00,  0x00,  0x28,  0x00,  0x00,
  0x00,  0xe5,  0x04,  0xfc,  0x00,  0x00,  0x00,  0xe5,  0x07,  0x00,  0x00,  0xf0,
  0x00,  0xe5,  0x00,  0x00,  0x00,  0x00,  0x00,  0xe2,  0x00,  0xfb,  0x00,  0x00,
  0x00,  0x00,  0x00,  0x00,  0x1d,  0x00,  0x00,  0x00,  0xdd,  0xff,  0x00,  0xf4,
  0x16,  0x00,  0x00,  0x00,  0x00,  0x00,  0x1e,  0x00,  0x16,  0x00,  0x00,  0x00,
  0x00,  0x00,  0x00,  0xf5,  0x00,  0x00,  0x00,  0x00,  0x20,  0xf1,  0x00,  0x00,
  0x00,  0x00,  0x2f,  0x00,  0x00,  0xe3,  0x00,  0x00,  0x17,  0xe9,  0x17,  0x00,
  0x00,  0x00,  0x00,  0x00,  0x00,  0xdf,  0x1b,  0x00,  0x00,  0xc0,  0x00,  0x00,
  0x00,  0xf0,  0x00,  0x00,  0x00,  0x00,  0x00,  0xe2,  0x00,  0x00,  0xf2,  0x00,
  0x00,  0xe6,  0x00,  0x00,  0x00,  0x00,  0x00,  0xea,  0x00,  0x00,  0x00,  0xd4,
  0x00,  0xe6,  0x00,  0x00,  0x00,  0xda,  0x00,  0xed,  0x00,  0x00,  0x00,  0xd3,
  0x00,  0xef,  0xec,  0x00,  0x00,  0xda,  0x00,  0xe3,  0xec,  0xf3,  0x00,  0x00,
  0x00,  0xe8,  0xef,  0x00,  0x00,  0xca,  0xee,  0x00,  0x00,  0xf8,  0x00,  0xc9,
  0x00,  0x00,  0xe9,  0x00,  0x00,  0x00,  0x23,  0x00,  0xde,  0x00,  0x00,  0x00,
  0x00,  0x00,  0xee,  0x00,  0x00,  0x00,  0x00,  0x00,  0xe6,  0x00,  0x00,  0xc9,
  0x00,  0x00,  0xe8,  0x00,  0x00,  0x00,  0x00,  0x27,  0xd7,  0x00,  0x00,  0x00,
  0x00,  0x00,  0x00,  0x00,  0x00,  0x00,  0x00,  0x00,  0x00,  0x0c,  0xdb,  0x00,
  0x00,  0x00,  0x00,  0x02,  0x00,  0x00,  0x00,  0x00,  0x00,  0x00,  0x00,  0x00,
  0x00,  0x00,  0x00,  0x00,  0xe1,  0x00,  0xee,  0x1d,  0x00,  0x00,  0x00,  0x00,
  0x00,  0x00,  0x00,  0x00,  0x00,  0x00,  0x00,  0x00,  0x00,  0xf8,  0x00,  0x00,
  0x00,  0x00,  0x00,  0x00,  0x00,  0x00,  0x00,  0xea,  0x00,  0xf6,  0x00,  0x00,
  0x02,  0x00,  0x00,  0x00,  0xe5,  0x00,  0x00,  0x00,  0x00,  0x00,  0x00,  0x00,
  0x1c,  0xde,  0x00,  0x00,  0x00,  0x00,  0x00,  0xe2,  0x00,  0x00,  0x00,  0x00,
  0x00,  0xe1,  0x00,  0xf1,  0x00,  0x00,  0x15,  0xd9,  0x00,  0x00,  0x00,  0x00,
  0x00,  0xed,  0x00,  0x00,  0x00,  0x00,  0x00,  0xe7,  0x00,  0x00,  0xeb,  0x00,
  0x00,  0x00,  0x00,  0x00,  0x00,  0x00,  0x00,  0x00,  0x00,  0x00,  0x00,  0x00,
  0x00,  0x00,  0x16,  0xc0,  0x00,  0x00,  0x00,  0x00,  0x21,  0xb1,  0x00,  0x00,
  0x00,  0x00,  0x00,  0x00,  0x00,  0x00,  0x00,  0x00,  0x00,  0xb4,  0x00,  0x00,
  0x00,  0x00,  0x00,  0x00,  0x00,  0x00,  0x00,  0x00,  0x00,  0xc6,  0x00,  0x00,
  0x00,  0x00,  0x00,  0x00,  0x14,  0x00,  0x00,  0x00,  0x00,  0x00,  0x00,  0x00,
  0x13,  0x00,  0x00,  0x00,  0x00,  0x00,  0x00,  0x00,  0x00,  0x00,  0x0d,  0x00,
  0x2f,  0x00,  0x00,  0xf8,  0x00,  0x00,  0x00,  0xee,  0x00,  0xf4,  0x00,  0x06,
  0x00,  0xec,  0x00,  0x00,  0x00,  0x00,  0x2a,  0x00,  0x00,  0x00,  0x00,  0x00,
  0x00,  0x00,  0x00,  0xca,  0x00,  0x00,  0x00,  0x00,  0xea,  0xcb,  0x00,  0x00,
  0x26,  0xcf,  0x00,  0x00,  0x00,  0x00,  0x00,  0x00,  0x00,  0x00,  0x00,  0x00,
  0x00,  0x00,  0x00,  0x00,  0xe1,  0x00,  0x2f,  0xd9,  0x00,  0x00,  0x00,  0x00,
  0x00,  0xe6,  0x00,  0x00,  0x00,  0x00,  0x00,  0x00,  0x00,  0x00,  0x00,  0x0a,
  0x27,  0x00,  0x00,  0x00,  0x00,  0x06,  0x00,  0x00,  0x1b,  0x00,  0x00,  0x00,
  0x00,  0x00,  0x00,  0x00,  0x00,  0x10,  0x00,  0x0c,  0x00,  0x00,  0x00,  0x0a,
  0x00,  0x00,  0x00,  0x00,  0x00,  0x19,  0x00,  0x00,  0x00,  0x00,  0x00,  0x00,
  0x00,  0x00,  0x00,  0x00,  0x00,  0x14,  0x00,  0x18,  0x00,  0x00,  0x00,  0x00,
  0x00,  0x00,  0x00,  0x00,  0x00,  0x00,  0x00,  0x00,  0x00,  0x00,  0x00,  0x00,
  0x00,  0x00,  0x00,  0x00,  0x00,  0x00,  0x00,  0xfa,  0x00,  0x00,  0x00,  0x00,
  0x18,  0x00,  0x00,  0x00,  0xf0,  0x00,  0x00,  0xf2,  0x00,  0x00,  0x00,  0x00,
  0x00,  0x00,  0x00,  0x00,  0xed,  0x00,  0x00,  0x00,  0x00,  0xbf,  0x00,  0x00,
  0x00,  0x00,  0x00,  0x00,  0x00,  0x00,  0x33,  0xdf,  0xe7,  0x00,  0x00,  0x00,
  0x00,  0xe9,  0x00,  0xb2,  0x00,  0x00,  0x00,  0x00,  0xfa,  0xb5,  0x00,  0x00,
  0x00,  0x00,  0x00,  0xb8,  0x00,  0x00,  0x0f,  0xef,  0x00,  0x00,  0x00,  0x00,
  0x00,  0xec,  0x00,  0x00,  0x00,  0xf1,  0x00,  0x00,  0x00,  0x00,  0x14,  0xf0,
  0x15,  0x00,  0x00,  0x00,  0x00,  0xef,  0x00,  0xe1,  0xd5,  0x00,  0x00,  0x00,
  0x00,  0xec,  0xf1,  0x00,  0x00,  0x00,  0x15,  0x00,  0x00,  0xf9,  0x00,  0xe1,
  0x00,  0x00,  0xfe,  0x00,  0x00,  0x00,  0x00,  0x00,  0x00,  0x00,  0xe4,  0x00,
  0x20,  0x00,  0x00,  0x00,  0x00,  0x00,  0x00,  0x00,  0xff,  0x03,  0x00,  0x00,
  0x1d,  0x18,  0x00,  0x01,  0x00,  0x00,  0x00,  0x00,  0x05,  0x00,  0x00,  0x00,
  0x00,  0x00,  0x00,  0x00,  0x00,  0x00,  0x00,  0x00,  0x00,  0x00,  0x00,  0x00,
  0x00,  0x00,  0x00,  0x00,  0x00,  0x03,  0x24,  0x00,  0x00,  0x00,  0xf6,  0x06,
  0x00,  0x00,  0x00,  0x00,  0x00,  0x06,  0x00,  0x00,  0x00,  0x00,  0x00,  0x00,
  0x00,  0x00,  0x00,  0x00,  0x00,  0x0b,  0x00,  0x00,  0x00,  0x00,  0x00,  0x00,
  0x00,  0x00,  0x00,  0x00,  0x00,  0x04,  0x00,  0x00,  0x00,  0x00,  0x00,  0x06,
  0x00,  0x00,  0x00,  0x00,  0x00,  0x06,  0x00,  0x00,  0xdc,  0x00,  0x00,  0x00,
  0x00,  0x00,  0x00,  0x00,  0x00,  0x00,  0x00,  0x15,  0x00,  0x00,  0x00,  0xfd,
  0x00,  0x00,  0xe0,  0x25,  0x00,  0x00,  0x00,  0x00,  0xe4,  0x00,  0xf6,  0xfc,
  0x00,  0x00,  0x00,  0x00,  0x00,  0x00,  0x00,  0x00,  0x00,  0x00,  0x00,  0x00,
  0x00,  0x00,  0x00,  0x00,  0x00,  0x00,  0x00,  0x17,  0x00,  0x00,  0x00,  0x00,
  0x00,  0x00,  0x00,  0x22,  0x00,  0x00,  0x00,  0x00,  0x00,  0x00,  0x00,  0x00,
  0x00,  0x00,  0x00,  0x00,  0x00,  0x00,  0x00,  0x00,  0x00,  0x00,  0x1c,  0x00,
  0x00,  0x00,  0xea,  0x00,  0x00,  0x00,  0x00,  0x00,  0x00,  0x00,  0x00,  0x00,
  0x1a,  0x00,  0x00,  0x00,  0x00,  0x00,  0x00,  0xf4,  0x00,  0x00,  0x00,  0x00,
  0x00,  0x00,  0x00,  0x22,  0x00,  0x00,  0x00,  0xf2,  0x00,  0x00,  0x00,  0x00,
  0x00,  0x00,  0x00,  0x00,  0x00,  0x00,  0x19,  0x00,  0x00,  0x00,  0x00,  0xfa,
  0x00,  0xf3,  0x00,  0x26,  0xf8,  0x00,  0x00,  0x00,  0x00,  0x00,  0x00,  0x00,
  0x00,  0x00,  0x00,  0x00,  0x00,  0x00,  0xe8,  0x13,  0x00,  0x00,  0x00,  0x00,
  0x00,  0x00,  0x00,  0x00,  0x00,  0x00,  0x0a,  0x00,  0x00,  0x00,  0x00,  0x00,
  0x00,  0x00,  0x00,  0x00,  0xf3,  0x00,  0x00,  0x00,  0x00,  0x00,  0x00,  0xfe,
  0x00,  0x00,  0x00,  0x00,  0xf3,  0x04,  0x00,  0x00,  0x00,  0x26,  0x00,  0x00,
  0x00,  0x00,  0x00,  0x00,  0x00,  0x00,  0x00,  0x00,  0x00,  0x00,  0x00,  0x08,
  0x06,  0x00,  0x00,  0x00,  0x00,  0x00,  0x00,  0x00,  0x00,  0x00,  0x00,  0x00,
  0x00,  0x00,  0x00,  0x00,  0x00,  0x00,  0x00,  0x00,  0x00,  0x00,  0x00,  0x00,
  0x00,  0xf3,  0x00,  0x00,  0x00,  0x00,  0x03,  0x00,  0x00,  0x00,  0x00,  0x00,
  0x00,  0xef,  0x00,  0x29,  0x00,  0x00,  0x00,  0x00,  0x00,  0x2b,  0x00,  0x04,
  0x00,  0xf1,  0x00,  0x00,  0x00,  0x00,  0x00,  0x00,  0x00,  0x00,  0x00,  0x00,
  0x00,  0xef,  0xe1,  0x00,  0x00,  0x00,  0x00,  0x00,  0xda,  0x00,  0x00,  0x00,
  0x00,  0x00,  0x00,  0x00,  0x00,  0x00,  0x00,  0x00,  0x00,  0xfe,  0x00,  0x0f,
  0x00,  0x00,  0xe5,  0x00,  0x00,  0x0a,  0x00,  0x00,  0x00,  0x00,  0x00,  0x10,
  0x00,  0xee,  0x00,  0x00,  0x00,  0x00,  0x00,  0x00,  0x00,  0x00,  0x00,  0x00,
  0x00,  0x00,  0x00,  0x00,  0x00,  0x00,  0x00,  0x18,  0x00,  0x00,  0x00,  0x05,
  0x00,  0x00,  0x00,  0x00,  0x00,  0x00,  0x00,  0x00,  0x00,  0x00,  0x00,  0x04,
  0x00,  0x00,  0x00,  0x00,  0x00,  0x07,  0x1e,  0x00,  0x29,  0x00,  0x00,  0x00,
  0x00,  0x00,  0x39,  0x00,  0x00,  0x00,  0x00,  0x00,  0x00,  0x00,  0x00,  0x00,
  0x00,  0x00,  0x00,  0x29,  0x00,  0x00,  0x0f,  0x00,  0x00,  0x00,  0x00,  0x00,
  0x00,  0xe8,  0xe5,  0x00,  0x00,  0x00,  0x17,  0xe6,  0x00,  0x00,  0x00,  0x00,
  0x00,  0x00,  0x00,  0x00,  0x00,  0x00,  0x00,  0x00,  0x00,  0x00,  0x00,  0x00,
  0x00,  0x00,  0x00,  0x00,  0x00,  0x00,  0x00,  0x00,  0x00,  0x00,  0x00,  0x00,
  0x00,  0x00,  0x09,  0x00,  0xf6,  0x00,  0x00,  0x00,  0x00,  0x00,  0xfa,  0x00,
  0x00,  0xe4,  0x00,  0x00,  0x00,  0x00,  0x00,  0x00,  0x00,  0x00,  0x00,  0x00,
  0x00,  0x00,  0xfe,  0x00,  0x00,  0x00,  0x23,  0x00,  0x0c,  0x00,  0x00,  0xfc,
  0x00,  0x00,  0x00,  0x00,  0x00,  0x00,  0x00,  0x00,  0x00,  0x00,  0x23,  0xfe,
  0x16,  0x00,  0x00,  0x00,  0x00,  0x00,  0x00,  0x00,  0x00,  0x28,  0x00,  0x00,
  0x00,  0x00,  0x00,  0x00,  0x00,  0xff,  0x00,  0x00,  0x00,  0x00,  0x00,  0x00,
  0x00,  0x00,  0x00,  0x00,  0xff,  0x00,  0x00,  0x00,  0x00,  0x00,  0x00,  0x00,
  0x00,  0xef,  0xc2,  0x00,  0x00,  0x00,  0x00,  0x00,  0x00,  0x00,  0x00,  0xfc,
  0x00,  0x00,  0xd5,  0x00,  0x00,  0xfb,  0x00,  0x00,  0x00,  0x00,  0x00,  0x00,
  0x00,  0x00,  0x00,  0x00,  0x00,  0x00,  0x00,  0xf0,  0x00,  0x00,  0x00,  0x00,
  0x00,  0x00,  0x00,  0x00,  0x00,  0x00,  0x00,  0x00,  0x00,  0x00,  0x00,  0xfd,
  0x00,  0x00,  0x00,  0x00,  0x00,  0x00,  0x00,  0x00,  0x00,  0x00,  0x00,  0x00,
  0x00,  0x00,  0x00,  0x00,  0x00,  0x00,  0x00,  0x00,  0x00,  0x00,  0x00,  0x00,
  0x00,  0x00,  0x00,  0x00,  0x00,  0x00,  0x00,  0x15,  0x00,  0x00,  0x00,  0x00,
  0x00,  0x23,  0x00,  0x00,  0x00,  0x00,  0x00,  0x19,  0x00,  0x00,  0x00,  0xeb,
  0x00,  0x12,  0x00,  0x00,  0x00,  0x00,  0x00,  0x00,  0xfe,  0x00,  0x00,  0xeb,
  0x00,  0x00,  0x00,  0x00,  0x00,  0xe5,  0x00,  0x00,  0x0b,  0x00,  0x00,  0x00,
  0x00,  0x00,  0x00,  0x50,  0xf7,  0xdf,  0x00,  0x00,  0x00,  0x50,  0x00,  0x00,
  0x23,  0x00,  0x00,  0x00,  0x00,  0x00,  0x00,  0xe0,  0x00,  0x00,  0x00,  0xd6,
  0x00,  0x00,  0x00,  0x00,  0x20,  0x00,  0x00,  0x00,  0x00,  0x00,  0x23,  0x00,
  0x00,  0x00,  0x00,  0x00,  0x00,  0x00,  0x00,  0x00,  0x00,  0x00,  0x00,  0x00,
  0x00,  0x00,  0xc9,  0x00,  0x00,  0x00,  0x00,  0x00,  0xbc,  0x00,  0x00,  0x00,
  0x00,  0x00,  0xbf,  0x3e,  0x00,  0x00,  0x00,  0x00,  0xba,  0x00,  0x20,  0x00,
  0x00,  0x00,  0x00,  0x00,  0x00,  0x00,  0x00,  0x00,  0x00,  0x00,  0x00,  0x00,
  0x00,  0xf0,  0x00,  0x00,  0x22,  0x00,  0x00,  0xe8,  0xf9,  0x00,  0x00,  0x00,
  0x00,  0x00,  0xf1,  0x00,  0x00,  0x00,  0x00,  0xe6,  0xf6,  0x07,  0x21,  0x00,
  0x00,  0x00,  0x00,  0x00,  0x00,  0xe9,  0x00,  0x00,  0x00,  0x00,  0x25,  0x00,
  0x00,  0x0b,  0x00,  0x00,  0x00,  0x00,  0x00,  0x00,  0x00,  0x0a,  0x00,  0x00,
  0x00,  0x00,  0x00,  0x00,  0x1f,  0xf1,  0x00,  0x00,  0x00,  0x00,  0x00,  0x00,
  0x02,  0x00,  0x00,  0x00,  0x19,  0x00,  0x00,  0x00,  0x00,  0x00,  0x00,  0x00,
  0xfe,  0x00,  0x00,  0x00,  0x00,  0xf0,  0x00,  0x00,  0x00,  0x00,  0x00,  0x00,
  0x00,  0x00,  0x00,  0x2b,  0x00,  0x00,  0x00,  0x00,  0x00,  0x00,  0x00,  0xfa,
  0x00,  0x00,  0x00,  0x23,  0x0e,  0x00,  0x00,  0x00,  0x00,  0x00,  0x00,  0x00,
  0x00,  0x00,  0x00,  0x00,  0x00,  0x00,  0x00,  0x00,  0x00,  0xf2,  0x0e,  0x00,
  0x00,  0x00,  0x00,  0x00,  0x0e,  0x00,  0x00,  0x00,  0x00,  0x00,  0x00,  0x00,
  0x00,  0x00,  0xeb,  0x00,  0x00,  0x00,  0x21,  0x00,  0xf5,  0x00,  0x00,  0xf5,
  0x00,  0xdd,  0x00,  0x00,  0x00,  0x00,  0x00,  0xde,  0x00,  0x00,  0x00,  0x00,
  0x00,  0x00,  0x00,  0x00,  0x00,  0x00,  0x00,  0x00,  0x00,  0x00,  0x00,  0x00,
  0x00,  0x00,  0x00,  0x2e,  0xdb,  0xf6,  0x00,  0x00,  0x00,  0x00,  0x00,  0xf6,
  0x00,  0x00,  0x00,  0x2f,  0x00,  0x00,  0x00,  0x00,  0x00,  0x00,  0x00,  0x00,
  0x00,  0x00,  0xef,  0x00,  0x00,  0xf5,  0x00,  0x00,  0x00,  0x00,  0x00,  0x00,
  0x00,  0x00,  0x00,  0x00,  0x00,  0x01,  0x00,  0x00,  0xd6,  0x00,  0x00,  0x00,
  0x00,  0x00,  0xe1,  0x00,  0x00,  0x00,  0x00,  0x00,  0xe6,  0x00,  0x00,  0x00,
  0x00,  0x00,  0xe7,  0x00,  0x00,  0xf3,  0x00,  0x00,  0xe9,  0x00,  0x00,  0x00,
  0x00,  0x00,  0x00,  0x00,  0x00,  0xfa,  0x00,  0x00,  0x00,  0x00,  0x00,  0xfd,
  0x00,  0x00,  0x00,  0x00,  0x00,  0xe8,  0x00,  0x00,  0x00,  0x00,  0x00,  0xf4,
  0x00,  0x00,  0x00,  0x00,  0x00,  0xed,  0x00,  0x00,  0x00,  0x00,  0x0b,  0xf4,
  0x00,  0x00,  0x00,  0x00,  0x00,  0x00,  0x00,  0x00,  0x00,  0x00,  0x00,  0xee,
  0x00,  0x00,  0x00,  0x00,  0x00,  0xf4,  0x00,  0x00,  0xee,  0x00,  0x00,  0x00,
  0x00,  0x00,  0xe8,  0x00,  0x00,  0xf2,  0x00,  0x00,  0xed,  0x00,  0x00,  0x00,
  0x00,  0x00,  0xda,  0x19,  0x00,  0x00,  0x00,  0x00,  0xc8,  0x00,  0x00,  0x00,
  0x00,  0x16,  0xd5,  0x00,  0x00,  0x1f,  0x00,  0x00,  0xe6,  0x00,  0x00,  0x00,
  0x00,  0x00,  0x00,  0x00,  0x15,  0x24,  0x00,  0x00,  0xf2,  0x00,  0x19,  0x24,
  0x00,  0x10,  0x00,  0x00,  0x14,  0x22,  0x00,  0x00,  0x00,  0x00,  0x00,  0x00,
  0x00,  0x00,  0x00,  0x00,  0x1b,  0x00,  0x00,  0x00,  0x00,  0x00,  0x00,  0x00,
  0x00,  0x00,  0x00,  0x00,  0x00,  0x00,  0x00,  0x00,  0x00,  0x00,  0x00,  0x00,
  0x00,  0x00,  0x00,  0x00,  0x11,  0xe8,  0x00,  0x00,  0x00,  0x00,  0x00,  0xf1,
  0x00,  0x00,  0x00,  0x00,  0x00,  0xe3,  0x00,  0x00,  0x00,  0x25,  0x00,  0x00,
  0x00,  0x00,  0x00,  0x00,  0x0e,  0x00,  0x00,  0x00,  0x00,  0x00,  0x00,  0x00,
  0x00,  0x00,  0x00,  0x00,  0x0d,  0x00,  0x00,  0x00,  0x00,  0x00,  0x00,  0x00,
  0x00,  0x00,  0x00,  0x00,  0x00,  0x00,  0x00,  0x00,  0x00,  0x00,  0x00,  0x00,
  0x00,  0x00,  0x14,  0x00,  0x00,  0x00,  0x00,  0x00,  0x08,  0x00,  0x00,  0x00,
  0x00,  0x00,  0x00,  0x00,  0x00,  0x00,  0x00,  0x00,  0x00,  0x00,  0x00,  0x00,
  0x00,  0x00,  0x00,  0x3a,  0x00,  0x00,  0x00,  0x00,  0x00,  0x00,  0x00,  0x00,
  0x00,  0x00,  0x00,  0x00,  0x00,  0x00,  0x00,  0x00,  0x00,  0x46,  0x00,  0x00,
  0x00,  0x00,  0x00,  0x35,  0x00,  0x00,  0x00,  0x00,  0x00,  0x37,  0x00,  0xe1,
  0x00,  0xcd,  0x00,  0x00,  0xd5,  0xe1,  0x00,  0xc0,  0x00,  0x00,  0xd4,  0x00,
  0x00,  0xcb,  0x00,  0x00,  0x00,  0x00,  0x00,  0xd6,  0xe2,  0x00,  0xd9,  0x00,
  0x00,  0x00,  0xda,  0xf4,  0xe1,  0x00,  0x00,  0x00,  0xc7,  0x00,  0x00,  0x00,
  0x00,  0x00,  0xd4,  0x00,  0x00,  0x00,  0x00,  0x00,  0xd9,  0x00,  0x00,  0x00,
  0x00,  0x00,  0xea,  0x00,  0x00,  0x00,  0x00,  0x00,  0x00,  0x00,  0x00,  0x00,
  0x00,  0x00,  0x00,  0x00,  0x00,  0x06,  0x00,  0x00,  0x00,  0x00,  0x00,  0x00,
  0x00,  0x00,  0x00,  0x00,  0x00,  0x00,  0x00,  0x00,  0x01,  0x00,  0x00,  0x00,
  0x00,  0x00,  0x00,  0x00,  0x00,  0x00,  0x00,  0x02,  0x00,  0x00,  0x00,  0x00,
  0x00,  0x00,  0x00,  0x18,  0x1b,  0x00,  0x00,  0x00,  0x00,  0x1e,  0x00,  0x00,
  0x00,  0x00,  0x00,  0x2a,  0x00,  0xbe,  0x00,  0x00,  0x25,  0x27,  0x00,  0x00,
  0x00,  0x00,  0x25,  0x00,  0x00,  0x00,  0x00,  0x00,  0x00,  0x25,  0x00,  0x00,
  0x00,  0x00,  0x00,  0x39,  0x00,  0x00,  0x00,  0x01,  0x02,  0x33,  0xe5,  0x00,
  0x00,  0x00,  0x00,  0x2a,  0x00,  0x00,  0x00,  0x00,  0x00,  0x00,  0xe8,  0x00,
  0x00,  0x12,  0x00,  0x00,  0xea,  0x00,  0x00,  0x00,  0x00,  0x00,  0xe6,  0x00,
  0x00,  0x00,  0x00,  0x00,  0x00,  0xf7,  0x00,  0x00,  0x00,  0x00,  0x00,  0x00,
  0x00,  0x00,  0x00,  0x00,  0x00,  0x00,  0x00,  0x00,  0x00,  0x33,  0x00,  0x00,
  0x19,  0xdc,  0x00,  0x00,  0x00,  0x00,  0x00,  0xd8,  0x00,  0x00,  0x00,  0x00,
  0xf5,  0x00,  0x00,  0x00,  0x00,  0x00,  0x00,  0x00,  0x00,  0x00,  0x00,  0x00,
  0x00,  0x00,  0x00,  0x00,  0xe4,  0xd5,  0x23,  0xdd,  0x00,  0x00,  0x00,  0x00,
  0x00,  0x00,  0x00,  0x00,  0x00,  0x00,  0x00,  0xd2,  0x18,  0x00,  0x00,  0xc9,
  0x00,  0xd2,  0x15,  0x00,  0x00,  0xcd,  0x00,  0x00,  0x00,  0x00,  0x00,  0x00,
  0x00,  0x00,  0x00,  0x00,  0x00,  0x00,  0x00,  0x00,  0x00,  0x00,  0x00,  0x00,
  0x00,  0x00,  0xdb,  0x00,  0x23,  0x00,  0x00,  0x00,  0xd7,  0x00,  0x12,  0x00,
  0x22,  0x00,  0x00,  0x00,  0x00,  0x00,  0x00,  0x00,  0x00,  0x00,  0x18,  0x00,
  0x00,  0x00,  0x00,  0x00,  0x00,  0x00,  0x00,  0x00,  0x00,  0x00,  0x00,  0x00,
  0xea,  0x00,  0x00,  0x00,  0x00,  0x00,  0x00,  0x00,  0x00,  0x00,  0x00,  0x00,
  0x00,  0x00,  0xca,  0x00,  0x00,  0x00,  0x00,  0x03,  0xbe,  0x00,  0x00,  0x00,
  0x00,  0x00,  0xcb,  0x27,  0x00,  0x00,  0x00,  0x00,  0x00,  0x00,  0x00,  0x00,
  0x00,  0x00,  0x00,  0x3a,  0xe5,  0x00,  0x00,  0xd9,  0x00,  0x37,  0x00,  0x0c,
  0x00,  0x00,  0x00,  0x4a,  0xda,  0x00,  0x00,  0x00,  0x00,  0x35,  0x00,  0x04,
  0x00,  0xdd,  0x00,  0x00,  0x00,  0x16,  0x00,  0xd9,  0x00,  0x35,  0x00,  0x18,
  0x00,  0xdb,  0x00,  0x00,  0xd6,  0x00,  0x00,  0x00,  0xdb,  0x00,  0x00,  0x0f,
  0x00,  0x00,  0x00,  0x44,  0x00,  0x11,  0x00,  0x00,  0xd9,  0x3c,  0x00,  0x00,
  0x00,  0x00,  0x00,  0x49,  0x00,  0x00,  0x00,  0x00,  0x00,  0x49,  0x0c,  0x00,
  0x00,  0xde,  0x22,  0x00,  0x00,  0xfb,  0x00,  0xdf,  0x20,  0x00,  0x00,  0x00,
  0x00,  0x00,  0x32,  0x00,  0x00,  0x00,  0x00,  0xe2,  0x00,  0x00,  0x00,  0x00,
  0x00,  0xe2,  0x00,  0x00,  0x00,  0xc7,  0x00,  0x00,  0x00,  0x00,  0x00,  0xbc,
  0x00,  0x00,  0x00,  0x00,  0x00,  0x00,  0x00,  0x00,  0x13,  0xfc,  0x00,  0xbb,
  0x00,  0x00,  0x07,  0x00,  0x14,  0x00,  0x00,  0xe3,  0x1a,  0x00,  0x00,  0xbe,
  0x00,  0xd7,  0x18,  0x00,  0x00,  0xbb,  0x00,  0x00,  0x0a,  0x00,  0x00,  0xb9,
  0xf9,  0x00,  0x00,  0x00,  0x00,  0xb6,  0x00,  0x00,  0x00,  0x00,  0x00,  0xbf,
  0x00,  0x00,  0xcd,  0x00,  0x00,  0x00,  0x00,  0x07,  0xc8,  0x00,  0x00,  0xc4,
  0x00,  0x00,  0xd2,  0x00,  0x00,  0x00,  0x00,  0x00,  0x00,  0x22,  0x00,  0xce,
  0x00,  0x00,  0x00,  0x00,  0x00,  0x00,  0x00,  0xe2,  0x00,  0x00,  0x00,  0x00,
  0x00,  0xdc,  0x00,  0x00,  0x00,  0x00,  0x00,  0x00,  0x00,  0x00,  0xef,  0x00,
  0x1f,  0x00,  0x00,  0x00,  0x00,  0xd4,  0x00,  0x00,  0x00,  0x00,  0x11,  0x00,
  0x23,  0x00,  0x00,  0xf4,  0x00,  0x00,  0x00,  0x00,  0x20,  0x00,  0x00,  0x00,
  0x00,  0x00,  0x00,  0x00,  0x00,  0x00,  0x00,  0x00,  0x18,  0x00,  0x11,  0x00,
  0x00,  0x00,  0x00,  0x00,  0x00,  0x00,  0x00,  0x00,  0x00,  0x00,  0x00,  0xdb,
  0x00,  0x00,  0x00,  0x00,  0x12,  0x00,  0x00,  0x00,  0x00,  0x00,  0x00,  0x00,
  0x00,  0x00,  0x00,  0x00,  0x16,  0x00,  0x00,  0x00,  0x19,  0x00,  0x00,  0xdb,
  0x00,  0x00,  0x2a,  0x00,  0x0f,  0x00,  0x00,  0x00,  0x28,  0x00,  0x00,  0xdb,
  0x00,  0x00,  0x1c,  0x00,  0x00,  0xdd,  0x00,  0x00,  0x00,  0x00,  0x00,  0x00,
  0x00,  0x00,  0x00,  0x00,  0x00,  0x00,  0x00,  0x00,  0x00,  0x00,  0xe9,  0x00,
  0x15,  0x00,  0x00,  0x00,  0xe8,  0x00,  0x00,  0x00,  0x00,  0x00,  0x00,  0xe1,
  0x1d,  0x00,  0x00,  0x00,  0x00,  0x00,  0x00,  0xdf,  0x00,  0x19,  0x00,  0xda,
  0x00,  0xe2,  0x00,  0x00,  0x00,  0x00,  0x1e,  0xdc,  0x00,  0x00,  0x00,  0xde,
  0x00,  0x00,  0x30,  0x00,  0x00,  0xdf,  0x11,  0x00,  0x00,  0x00,  0x00,  0x00,
  0x00,  0x00,  0x00,  0x16,  0x00,  0x00,  0x00,  0x00,  0x00,  0x00,  0x00,  0x00,
  0x00,  0xe6,  0x00,  0x00,  0x00,  0x00,  0x00,  0x00,  0x00,  0xf0,  0x00,  0x00,
  0x00,  0x00,  0x00,  0x00,  0x00,  0x00,  0x00,  0xea,  0x00,  0x00,  0x00,  0x00,
  0x00,  0x00,  0x00,  0xea,  0x00,  0x00,  0x00,  0x00,  0x00,  0x00,  0x00,  0x00,
  0x00,  0x00,  0x00,  0xf1,  0x00,  0x00,  0x17,  0x00,  0x00,  0x00,  0x00,  0x00,
  0x00,  0x00,  0x00,  0x00,  0x00,  0x00,  0x00,  0x00,  0x00,  0xf4,  0x00,  0x00,
  0x21,  0x00,  0x00,  0x00,  0x00,  0x00,  0x00,  0x00,  0x00,  0xf2,  0x00,  0x00,
  0x00,  0x00,  0x00,  0xe3,  0x00,  0x00,  0x00,  0x00,  0x00,  0xe4,  0x0e,  0xd4,
  0x00,  0x00,  0x00,  0x00,  0x00,  0x00,  0x00,  0x00,  0x00,  0x00,  0x00,  0x00,
  0x00,  0xeb,  0x00,  0x1a,  0x11,  0xce,  0x00,  0x00,  0x00,  0x00,  0x00,  0xcc,
  0x00,  0xed,  0x00,  0x00,  0x00,  0xd7,  0x00,  0x00,  0x00,  0x00,  0x00,  0xd2,
  0x00,  0x00,  0x00,  0x00,  0x00,  0xd5,  0x00,  0x00,  0x00,  0x00,  0x13,  0x00,
  0x00,  0x00,  0x00,  0x00,  0x00,  0x00,  0x00,  0x00,  0x00,  0xf3,  0x00,  0x00,
  0x00,  0x00,  0x00,  0x00,  0x00,  0x00,  0x22,  0x00,  0x00,  0xf2,  0x00,  0x00,
  0x00,  0x00,  0x00,  0x00,  0x00,  0x00,  0x00,  0x00,  0x00,  0x00,  0x16,  0x00,
  0x00,  0x00,  0x00,  0x00,  0x00,  0x00,  0x00,  0x00,  0x00,  0x00,  0x00,  0x00,
  0x00,  0x00,  0x00,  0x00,  0x12,  0x00,  0x00,  0x00,  0xfe,  0x00,  0x00,  0x00,
  0x00,  0x00,  0x00,  0xf2,  0x00,  0x00,  0x1d,  0x00,  0x00,  0x00,  0x00,  0x00,
  0x25,  0x00,  0x00,  0x00,  0x00,  0x00,  0x00,  0x00,  0x00,  0x00,  0x00,  0x00,
  0x00,  0x00,  0x00,  0x00,  0x00,  0x00,  0x00,  0x00,  0x00,  0x00,  0x00,  0xdb,
  0x00,  0x00,  0x00,  0x00,  0x00,  0x00,  0x00,  0xe6,  0x00,  0x00,  0x00,  0x00,
  0x00,  0x00,  0x00,  0x00,  0x00,  0x00,  0x00,  0x00,  0x00,  0x00,  0x00,  0x00,
  0x18,  0x00,  0x00,  0x00,  0x00,  0x00,  0x1c,  0x00,  0x00,  0x00,  0x00,  0x00,
  0x00,  0x00,  0x00,  0xf2,  0x00,  0x00,  0x28,  0x00,  0x35,  0x00,  0x00,  0x00,
  0x00,  0x00,  0x00,  0xe9,  0x14,  0x00,  0x00,  0x00,  0x00,  0xf5,  0x00,  0x00,
  0x00,  0x00,  0x00,  0x00,  0x00,  0x00,  0x00,  0x00,  0x00,  0x00,  0x00,  0x00,
  0x00,  0x00,  0x00,  0x00,  0x12,  0xda,  0x19,  0x00,  0x00,  0x00,  0x0b,  0x00,
  0x00,  0x00,  0x00,  0x00,  0x0e,  0x00,  0x00,  0x00,  0x00,  0x00,  0x00,  0x00,
  0x00,  0x00,  0x00,  0x00,  0x00,  0xdc,  0x00,  0x00,  0x00,  0x00,  0x11,  0xd1,
  0x00,  0x00,  0x00,  0x00,  0x00,  0xdb,  0x00,  0x00,  0x00,  0x00,  0x00,  0x00,
  0x12,  0x00,  0x00,  0x00,  0x0f,  0x00,  0x00,  0x00,  0x05,  0x00,  0x00,  0x00,
  0x00,  0x12,  0x00,  0xef,  0x00,  0xdf,  0x1e,  0x12,  0x00,  0x00,  0x00,  0x00,
  0x00,  0x00,  0x00,  0xf9,  0x00,  0x00,  0x00,  0x00,  0x00,  0xe4,  0x0b,  0x00,
  0x00,  0x00,  0x00,  0xf3,  0x00,  0xde,  0x00,  0x00,  0x00,  0x00,  0x00,  0xe4,
  0x19,  0xe5,  0x00,  0xf2,  0x00,  0x00,  0x00,  0x00,  0x00,  0x00,  0x00,  0x00,
  0x00,  0x00,  0x00,  0x00,  0x00,  0x00,  0x15,  0x00,  0x00,  0x00,  0x00,  0x00,
  0x1a,  0x00,  0x00,  0x00,  0x00,  0x00,  0x00,  0xdf,  0x00,  0x00,  0x00,  0x00,
  0xf6,  0x00,  0xee,  0x00,  0x00,  0x15,  0x00,  0x00,  0x00,  0x09,  0x00,  0x00,
  0x00,  0x00,  0xef,  0x00,  0x00,  0x00,  0x00,  0x00,  0xfa,  0x00,  0x00,  0x00,
  0x00,  0x00,  0xff,  0x00,  0x00,  0x0a,  0x00,  0x00,  0x00,  0x00,  0x00,  0x0e,
  0x00,  0x18,  0x00,  0x00,  0x00,  0x00,  0x00,  0x00,  0x00,  0xdf,  0x00,  0x00,
  0x00,  0x00,  0x00,  0xe6,  0x00,  0x00,  0x00,  0x00,  0x00,  0x00,  0x00,  0x00,
  0x00,  0x00,  0x00,  0x00,  0x00,  0x00,  0x22,  0x00,  0x00,  0x00,  0x00,  0x00,
  0x00,  0xde,  0xda,  0x00,  0xee,  0x0a,  0x00,  0xe5,  0x00,  0x00,  0x00,  0x0a,
  0x00,  0xe1,  0xdf,  0x00,  0x00,  0x1b,  0x00,  0xe2,  0xdd,  0x00,  0x00,  0x1a,
  0x00,  0x00,  0x00,  0x00,  0x00,  0x00,  0x00,  0xe7,  0x00,  0x00,  0x00,  0x1c,
  0x00,  0x00,  0x00,  0xd6,  0x1b,  0x17,  0x00,  0x00,  0x00,  0x00,  0x00,  0x15,
  0x00,  0x00,  0x00,  0x00,  0x00,  0x00,  0x00,  0x00,  0x00,  0x00,  0x00,  0x15,
  0x00,  0x00,  0x00,  0x13,  0x00,  0x14,  0x00,  0x00,  0xe8,  0x0d,  0x00,  0x00,
  0x00,  0x00,  0xed,  0x00,  0xea,  0x10,  0x00,  0xef,  0x00,  0x00,  0xeb,  0x00,
  0x00,  0x00,  0xe3,  0x0d,  0x00,  0x00,  0x00,  0x00,  0x00,  0x00,  0x00,  0x00,
  0x00,  0x00,  0xeb,  0x00,  0x00,  0x0d,  0x00,  0x00,  0xf1,  0x0f,  0xe8,  0x11,
  0x00,  0x00,  0xdd,  0x00,  0x00,  0x00,  0x00,  0x10,  0xe8,  0x00,  0x00,  0x00,
  0x00,  0x10,  0x00,  0x00,  0x00,  0x00,  0x00,  0x00,  0x00,  0x00,  0x00,  0x00,
  0x00,  0x00,  0xf9,  0x07,  0x00,  0x00,  0x00,  0x00,  0x00,  0x08,  0x00,  0x00,
  0xf5,  0x00,  0x00,  0x00,  0x00,  0x00,  0x00,  0x00,  0x00,  0x00,  0xf1,  0x00,
  0x00,  0x00,  0x00,  0x00,  0x00,  0x00,  0x00,  0x00,  0x00,  0x00,  0x00,  0x00,
  0x00,  0x00,  0xd0,  0xe2,  0x00,  0x00,  0x00,  0xeb,  0xd8,  0xe5,  0x00,  0x00,
  0x00,  0x00,  0x00,  0x00,  0x00,  0x00,  0x00,  0xe6,  0x00,  0x00,  0x00,  0x00,
  0x00,  0x00,  0x00,  0xd7,  0x17,  0x00,  0x00,  0x00,  0x00,  0x00,  0x00,  0x00,
  0x0d,  0x00,  0x00,  0x00,  0x00,  0x00,  0x10,  0x00,  0x00,  0x00,  0x00,  0x1b,
  0x00,  0x00,  0x00,  0xe0,  0x00,  0x00,  0x00,  0x00,  0x00,  0x00,  0x00,  0x00,
  0x00,  0x00,  0x06,  0x00,  0xec,  0x1c,  0x00,  0x00,  0x00,  0xd9,  0x00,  0x1f,
  0x00,  0x00,  0x05,  0xdc,  0x00,  0x00,  0x00,  0x00,  0x00,  0xe3,  0x00,  0x18,
  0x00,  0x00,  0x00,  0xd0,  0x00,  0x00,  0x00,  0x00,  0x00,  0x00,  0x00,  0x00,
  0x00,  0x00,  0x00,  0x00,  0x00,  0x00,  0x00,  0x00,  0x00,  0x00,  0x00,  0x00,
  0x00,  0x00,  0x00,  0x00,  0x00,  0x00,  0x00,  0x00,  0x00,  0x0d,  0x00,  0x00,
  0x00,  0x00,  0x00,  0x00,  0x00,  0x00,  0x14,  0x00,  0x00,  0x1c,  0xea,  0xe8,
  0x00,  0xf1,  0xd8,  0x00,  0x00,  0xed,  0x00,  0xf0,  0x00,  0x11,  0xeb,  0x00,
  0x00,  0xdc,  0x00,  0x10,  0x00,  0x00,  0x00,  0xdd,  0x00,  0x14,  0xec,  0x00,
  0x00,  0xda,  0xfe,  0x0b,  0xee,  0xe2,  0x00,  0xe5,  0x00,  0x00,  0x00,  0xd8,
  0x00,  0xeb,  0x00,  0x09,  0x00,  0x00,  0x00,  0x00,  0x00,  0x00,  0x00,  0xde,
  0x00,  0x00,  0x00,  0x0b,  0x00,  0x00,  0x00,  0x00,  0x00,  0x00,  0x00,  0x00,
  0x00,  0x14,  0x00,  0x00,  0x00,  0x00,  0x00,  0x10,  0x00,  0x00,  0x00,  0x00,
  0xe4,  0x16,  0x00,  0xdd,  0x00,  0x1a,  0x00,  0x17,  0xe9,  0xdc,  0x18,  0x0d,
  0x00,  0x00,  0xdf,  0xd8,  0x00,  0x00,  0x00,  0x0c,  0xd1,  0x00,  0x00,  0x00,
  0x00,  0x00,  0xd6,  0x00,  0x00,  0x00,  0x00,  0x00,  0xcc,  0x00,  0x00,  0x0f,
  0x00,  0x00,  0xd7,  0x00,  0x14,  0x00,  0x00,  0xed,  0xd0,  0x00,  0x00,  0x00,
  0x00,  0x00,  0x00,  0xdc,  0x00,  0x0d,  0x00,  0x00,  0x00,  0x00,  0x19,  0x15,
  0x00,  0x00,  0x00,  0x00,  0x00,  0x08,  0x00,  0x00,  0x00,  0x00,  0x00,  0x00,
  0x00,  0x00,  0x00,  0xcb,  0x17,  0x00,  0x00,  0x00,  0x00,  0x00,  0x00,  0x00,
  0x00,  0x00,  0x00,  0x00,  0x00,  0x0d,  0x00,  0x00,  0x00,  0x00,  0x00,  0x00,
  0x00,  0x00,  0x00,  0x00,  0x00,  0x00,  0x00,  0x00,  0x00,  0x00,  0x00,  0x00,
  0x00,  0xe4,  0x00,  0x00,  0x00,  0x00,  0x00,  0xdc,  0x00,  0x00,  0x00,  0x08,
  0x00,  0xe6,  0x00,  0xdc,  0x00,  0x00,  0x00,  0x00,  0x00,  0x00,  0x00,  0x00,
  0x00,  0x00,  0x00,  0xdd,  0x00,  0x00,  0x00,  0x00,  0x00,  0xd7,  0x00,  0x00,
  0x00,  0x00,  0x00,  0x00,  0xf0,  0x00,  0x00,  0x11,  0x00,  0x00,  0x00,  0x00,
  0x00,  0xf6,  0x00,  0x00,  0x00,  0x00,  0xea,  0x00,  0x00,  0x13,  0xf5,  0x00,
  0x00,  0x00,  0x00,  0x0e,  0xf4,  0x17,  0x00,  0x00,  0x00,  0x00,  0xf0,  0x00,
  0x00,  0x00,  0x00,  0x09,  0x00,  0x00,  0x00,  0x00,  0x00,  0x09,  0x00,  0x00,
  0x00,  0x00,  0x00,  0x0a,  0x00,  0x00,  0x00,  0x24,  0x17,  0x00,  0x00,  0x00,
  0x00,  0x1a,  0x00,  0x00,  0x00,  0x14,  0x00,  0x00,  0x00,  0x00,  0xfa,  0x13,
  0x00,  0x00,  0x00,  0x00,  0x00,  0x00,  0x00,  0x00,  0x00,  0x00,  0xf9,  0x00,
  0x00,  0x1d,  0x00,  0x00,  0x00,  0xcf,  0x00,  0x00,  0x00,  0x00,  0x00,  0xda,
  0x00,  0x00,  0x00,  0x00,  0x00,  0xda,  0x00,  0xf3,  0x00,  0x00,  0x00,  0x00,
  0x00,  0x00,  0x00,  0x00,  0x25,  0xe4,  0x00,  0x00,  0x00,  0xd3,  0x00,  0x00,
  0x00,  0x00,  0x16,  0xdb,  0x2b,  0x00,  0x00,  0x22,  0x00,  0xd0,  0x00,  0xe3,
  0x00,  0x00,  0x00,  0xd4,  0x27,  0x00,  0x00,  0x00,  0xed,  0xd6,  0x00,  0x00,
  0x00,  0xf1,  0x00,  0xda,  0x00,  0x00,  0x23,  0x00,  0x00,  0x00,  0x00,  0xe5,
  0x00,  0x00,  0x00,  0x00,  0x00,  0x0f,  0x0f,  0xf4,  0xf4,  0xd0,  0x00,  0x00,
  0xdf,  0x00,  0x17,  0xdb,  0x00,  0x0b,  0x00,  0xf6,  0x00,  0x00,  0x00,  0x0d,
  0xeb,  0x00,  0x00,  0x00,  0x00,  0x09,  0x00,  0xf4,  0x00,  0x00,  0x00,  0x00,
  0x00,  0xf0,  0x00,  0x00,  0xf8,  0x00,  0xd4,  0x34,  0xdd,  0x00,  0xe5,  0x00,
  0x00,  0x32,  0x00,  0x00,  0x00,  0x0f,  0x00,  0x1e,  0xed,  0x00,  0xe8,  0x00,
  0x00,  0x1a,  0x13,  0x00,  0x00,  0x00,  0x00,  0x00,  0x0e,  0x08,  0x00,  0x08,
  0x00,  0xf9,  0x00,  0x06,  0xec,  0x00,  0xcc,  0x00,  0x1a,  0x00,  0xf3,  0x00,
  0x14,  0x00,  0x00,  0x0d,  0xdb,  0x00,  0x00,  0x00,  0x00,  0x11,  0x00,  0x00,
  0x00,  0x00,  0x00,  0x10,  0x00,  0x00,  0x10,  0x00,  0x00,  0x00,  0x00,  0x00,
  0x00,  0x00,  0x00,  0x00,  0x00,  0x14,  0x00,  0x1f,  0x00,  0x00,  0x00,  0x0f,
  0x00,  0x00,  0x00,  0x00,  0x00,  0x00,  0x0f,  0x00,  0x00,  0x00,  0x00,  0x00,
  0xe7,  0x00,  0x00,  0x00,  0x00,  0xde,  0xd4,  0x00,  0x00,  0xde,  0x00,  0x00,
  0x00,  0x1b,  0x00,  0x00,  0x00,  0xdc,  0x00,  0x00,  0x00,  0x00,  0x00,  0xe1,
  0x00,  0x00,  0x00,  0x00,  0x00,  0xdf,  0x00,  0x00,  0x00,  0xdf,  0x00,  0x00,
  0x00,  0x00,  0x00,  0x00,  0x00,  0xd9,  0x00,  0x00,  0x00,  0x00,  0x00,  0xe6,
  0xe7,  0x00,  0x00,  0xda,  0x27,  0x00,  0x00,  0x1d,  0xe8,  0x00,  0x00,  0x00,
  0x00,  0x00,  0xd6,  0xd3,  0x2a,  0x11,  0x00,  0x00,  0xf5,  0xcf,  0x00,  0x00,
  0x15,  0x00,  0x00,  0xd0,  0x00,  0x00,  0x00,  0x00,  0x00,  0xc8,  0x00,  0x00,
  0x00,  0xe9,  0x00,  0xd3,  0x00,  0x00,  0x00,  0xf3,  0x00,  0xd8,  0x00,  0x00,
  0x00,  0x00,  0x00,  0xd5,  0x00,  0x0a,  0x00,  0xf5,  0x00,  0x00,  0x00,  0x00,
  0x00,  0xea,  0x13,  0x00,  0x23,  0x00,  0x00,  0xf2,  0x00,  0xe1,  0x1e,  0x00,
  0xdb,  0x00,  0x12,  0x00,  0x00,  0x00,  0xe4,  0x2c,  0xea,  0x00,  0x00,  0xe8,
  0x00,  0x1c,  0x00,  0x00,  0x00,  0xdf,  0x16,  0x00,  0x3a,  0x09,  0x00,  0xe4,
  0xef,  0x20,  0x15,  0x00,  0x00,  0x00,  0x00,  0x00,  0x00,  0x00,  0x00,  0x00,
  0xe7,  0x1b,  0x00,  0x00,  0xf8,  0x00,  0x00,  0x18,  0x00,  0x00,  0x00,  0x00,
  0x00,  0x00,  0xee,  0x00,  0x00,  0x00,  0x00,  0x00,  0x00,  0x00,  0x00,  0xe2,
  0x00,  0x00,  0x00,  0x19,  0xe8,  0x00,  0x00,  0x00,  0x00,  0x08,  0xe8,  0x00,
  0xe8,  0x00,  0x00,  0x00,  0xe3,  0x00,  0x00,  0x00,  0x00,  0x00,  0x00,  0x00,
  0x00,  0x00,  0xea,  0x00,  0x00,  0x08,  0x00,  0x00,  0x00,  0x00,  0xef,  0x00,
  0xe4,  0x21,  0x00,  0x00,  0xeb,  0x00,  0xe7,  0x21,  0x00,  0x0e,  0x00,  0x00,
  0x00,  0x00,  0x00,  0x00,  0xf1,  0x00,  0x00,  0x00,  0x00,  0x00,  0xf7,  0xe2,
  0x00,  0x00,  0x00,  0x00,  0x00,  0xdd,  0x00,  0xf3,  0x00,  0x00,  0xf8,  0xe1,
  0x00,  0xf5,  0x00,  0xdd,  0x00,  0x00,  0xe9,  0x00,  0x00,  0x00,  0x00,  0x00,
  0x00,  0x00,  0x00,  0xdf,  0x00,  0x00,  0x00,  0x00,  0x00,  0xd9,  0x00,  0x00,
  0x00,  0x00,  0xf1,  0xdf,  0x00,  0x00,  0x00,  0x00,  0x00,  0xba,  0x00,  0x00,
  0x00,  0x00,  0x00,  0xcc,  0x1f,  0x00,  0x00,  0x00,  0x00,  0xc1,  0x00,  0x00,
  0x00,  0x00,  0x1a,  0xd6,  0x28,  0x00,  0x00,  0x00,  0x15,  0xe1,  0x27,  0x00,
  0x00,  0x00,  0x21,  0x00,  0x00,  0x00,  0x00,  0x00,  0x10,  0x00,  0x2d,  0x10,
  0x00,  0x00,  0x00,  0xcc,  0x00,  0x2a,  0x00,  0x00,  0x00,  0x00,  0x00,  0x00,
  0x15,  0xec,  0x00,  0x00,  0x00,  0x2d,  0x00,  0x00,  0x00,  0x00,  0x00,  0x00,
  0x00,  0x00,  0x00,  0x00,  0x00,  0x27,  0x00,  0x00,  0x00,  0x00,  0x00,  0x00,
  0x00,  0x00,  0x00,  0x00,  0x00,  0x00,  0x00,  0x00,  0x00,  0x00,  0x00,  0x00,
  0x00,  0x00,  0x00,  0x0d,  0x00,  0x00,  0x00,  0x00,  0x00,  0x00,  0x00,  0x00,
  0x00,  0x00,  0x00,  0x0e,  0x00,  0xf7,  0x00,  0x00,  0x00,  0x00,  0x00,  0x00,
  0x24,  0x00,  0x00,  0x00,  0x00,  0x00,  0x00,  0x00,  0x00,  0x00,  0x00,  0x00,
  0x00,  0x00,  0x00,  0x00,  0x00,  0x00,  0x00,  0x00,  0x00,  0xda,  0x00,  0x00,
  0x00,  0x00,  0x00,  0x00,  0x00,  0x00,  0x1e,  0x00,  0x00,  0xc8,  0x00,  0x00,
  0x00,  0x00,  0x00,  0x00,  0x00,  0x00,  0xf3,  0x00,  0x00,  0xd9,  0x1f,  0x00,
  0x00,  0x00,  0x00,  0xd7,  0x00,  0x00,  0x00,  0x00,  0x00,  0xc7,  0x00,  0x00,
  0x00,  0x00,  0x00,  0x00,  0x1d,  0x00,  0x17,  0x00,  0x00,  0xd2,  0x1a,  0x00,
  0xfa,  0x00,  0x00,  0xd8,  0x1d,  0x00,  0x00,  0x00,  0x00,  0x00,  0x00,  0x00,
  0x00,  0x00,  0x00,  0xcf,  0x00,  0x00,  0x00,  0x00,  0x00,  0x00,  0x00,  0x00,
  0x00,  0x00,  0x00,  0x00,  0x00,  0x00,  0x00,  0x23,  0x00,  0x00,  0x29,  0x00,
  0x00,  0x24,  0x00,  0x00,  0x00,  0x00,  0x00,  0x00,  0x00,  0x00,  0x20,  0x00,
  0x1c,  0x00,  0x00,  0x00,  0x00,  0x00,  0x00,  0x00,  0x00,  0x00,  0x19,  0x00,
  0x00,  0x00,  0x00,  0x00,  0x00,  0x00,  0x00,  0x00,  0x00,  0x00,  0x00,  0x00,
  0x00,  0x00,  0x00,  0x00,  0x00,  0x00,  0x1d,  0x00,  0x00,  0x00,  0x00,  0x00,
  0x2b,  0xf1,  0x00,  0x00,  0xec,  0x2a,  0x00,  0x00,  0x00,  0x00,  0x00,  0x00,
  0x00,  0x00,  0x00,  0x00,  0x00,  0x00,  0x00,  0x00,  0x00,  0x12,  0x00,  0x00,
  0x00,  0x00,  0x14,  0x00,  0x00,  0x00,  0x00,  0xea,  0x00,  0x00,  0x00,  0x00,
  0xf5,  0x00,  0x0b,  0x14,  0x00,  0x00,  0x00,  0x00,  0x00,  0x16,  0x00,  0xef,
  0x00,  0x00,  0x00,  0x16,  0x00,  0xf4,  0x24,  0x00,  0x00,  0x18,  0x00,  0xf2,
  0x00,  0x00,  0x00,  0x00,  0x00,  0xed,  0x00,  0x00,  0x00,  0x0c,  0x00,  0xeb,
  0x2b,  0x00,  0x00,  0x00,  0x00,  0x00,  0x00,  0x00,  0x1b,  0x00,  0x00,  0xf4,
  0x00,  0x00,  0x00,  0x00,  0x00,  0xf7,  0x34,  0x00,  0x00,  0x00,  0x00,  0xf5,
  0x00,  0x00,  0x00,  0x00,  0x00,  0xf0,  0x00,  0x00,  0x00,  0xcb,  0x00,  0x00,
  0x2e,  0xec,  0x0b,  0xd9,  0x00,  0x00,  0x00,  0x00,  0x00,  0x00,  0x00,  0xf0,
  0x00,  0x00,  0x06,  0x00,  0x00,  0xf5,  0x00,  0x00,  0x00,  0xd2,  0x00,  0x00,
  0xef,  0x00,  0x11,  0x00,  0x2a,  0x00,  0x17,  0x00,  0x00,  0x00,  0x28,  0x00,
  0x00,  0x00,  0x00,  0xd7,  0x00,  0x00,  0x00,  0x00,  0x00,  0xcd,  0x00,  0x00,
  0x00,  0x00,  0x00,  0xd4,  0x00,  0x00,  0x00,  0x00,  0x00,  0x00,  0x1f,  0x00,
  0x00,  0x00,  0x00,  0x00,  0x25,  0x00,  0x00,  0x00,  0x00,  0x00,  0x20,  0x00,
  0x27,  0x00,  0xeb,  0x00,  0x00,  0x00,  0x00,  0x00,  0xde,  0x00,  0x00,  0x00,
  0x00,  0x00,  0xd9,  0x00,  0x00,  0x34,  0x36,  0x00,  0x00,  0x00,  0x00,  0x00,
  0x00,  0x00,  0x00,  0x00,  0x00,  0x00,  0x33,  0x00,  0x00,  0x00,  0x00,  0x27,
  0x00,  0xf1,  0x00,  0x00,  0xf2,  0x30,  0x00,  0x00,  0x00,  0xe2,  0x00,  0x2e,
  0x29,  0x00,  0x00,  0x00,  0x00,  0x2b,  0x00,  0xee,  0x00,  0xd9,  0x00,  0x2c,
  0x26,  0x00,  0x1d,  0x00,  0x00,  0x00,  0x00,  0xea,  0x00,  0x00,  0x00,  0x00,
  0x00,  0x00,  0x08,  0x00,  0xf7,  0x00,  0x32,  0xe6,  0x00,  0x00,  0x00,  0x00,
  0x00,  0xe7,  0x14,  0x1d,  0x00,  0x00,  0x2b,  0x00,  0x00,  0x12,  0x00,  0x00,
  0x00,  0x00,  0x00,  0x00,  0x00,  0x00,  0x00,  0x00,  0x00,  0x00,  0x00,  0x00,
  0x27,  0x00,  0x00,  0x00,  0x00,  0x00,  0x00,  0x00,  0x00,  0x00,  0x24,  0x00,
  0x24,  0x00,  0x00,  0x0c,  0x00,  0x00,  0x3b,  0x00,  0xf7,  0x00,  0x00,  0x00,
  0x00,  0x00,  0x00,  0x00,  0x00,  0xf0,  0x00,  0x00,  0x00,  0xdf,  0x00,  0x00,
  0x00,  0x00,  0x00,  0xe1,  0x00,  0xf4,  0x00,  0x00,  0x00,  0x00,  0x23,  0xf1,
  0x25,  0x00,  0x00,  0x00,  0x23,  0x00,  0x00,  0x00,  0x00,  0xc9,  0x20,  0x00,
  0x00,  0x1b,  0x00,  0x00,  0x00,  0x00,  0x00,  0x17,  0x00,  0xc1,  0x21,  0x2c,
  0x00,  0x1d,  0x00,  0xd8,  0x21,  0x00,  0x00,  0x1f,  0xec,  0xcf,  0x2c,  0x35,
  0xc0,  0xfe,  0xff,  0xff,  0xc4,  0xfe,  0xff,  0xff,  0x0f,  0x00,  0x00,  0x00,
  0x4d,  0x4c,  0x49,  0x52,  0x20,  0x43,  0x6f,  0x6e,  0x76,  0x65,  0x72,  0x74,
  0x65,  0x64,  0x2e,  0x00,  0x01,  0x00,  0x00,  0x00,  0x14,  0x00,  0x00,  0x00,
  0x00,  0x00,  0x0e,  0x00,  0x18,  0x00,  0x14,  0x00,  0x10,  0x00,  0x0c,  0x00,
  0x08,  0x00,  0x04,  0x00,  0x0e,  0x00,  0x00,  0x00,  0x14,  0x00,  0x00,  0x00,
  0x1c,  0x00,  0x00,  0x00,  0x6c,  0x01,  0x00,  0x00,  0x70,  0x01,  0x00,  0x00,
  0x74,  0x01,  0x00,  0x00,  0x04,  0x00,  0x00,  0x00,  0x6d,  0x61,  0x69,  0x6e,
  0x00,  0x00,  0x00,  0x00,  0x05,  0x00,  0x00,  0x00,  0x14,  0x01,  0x00,  0x00,
  0xcc,  0x00,  0x00,  0x00,  0x84,  0x00,  0x00,  0x00,  0x50,  0x00,  0x00,  0x00,
  0x14,  0x00,  0x00,  0x00,  0x00,  0x00,  0x0e,  0x00,  0x1a,  0x00,  0x14,  0x00,
  0x10,  0x00,  0x0c,  0x00,  0x0b,  0x00,  0x04,  0x00,  0x0e,  0x00,  0x00,  0x00,
  0x1c,  0x00,  0x00,  0x00,  0x00,  0x00,  0x00,  0x09,  0x1c,  0x00,  0x00,  0x00,
  0x20,  0x00,  0x00,  0x00,  0x01,  0x00,  0x00,  0x00,  0x00,  0x00,  0x06,  0x00,
  0x08,  0x00,  0x04,  0x00,  0x06,  0x00,  0x00,  0x00,  0x00,  0x00,  0x80,  0x3f,
  0x01,  0x00,  0x00,  0x00,  0x0d,  0x00,  0x00,  0x00,  0x01,  0x00,  0x00,  0x00,
  0x0c,  0x00,  0x00,  0x00,  0x9a,  0xff,  0xff,  0xff,  0x10,  0x00,  0x00,  0x00,
  0x00,  0x00,  0x00,  0x08,  0x0c,  0x00,  0x00,  0x00,  0x10,  0x00,  0x00,  0x00,
  0x8c,  0xff,  0xff,  0xff,  0x01,  0x00,  0x00,  0x00,  0x0c,  0x00,  0x00,  0x00,
  0x03,  0x00,  0x00,  0x00,  0x09,  0x00,  0x00,  0x00,  0x0a,  0x00,  0x00,  0x00,
  0x0b,  0x00,  0x00,  0x00,  0xca,  0xff,  0xff,  0xff,  0x10,  0x00,  0x00,  0x00,
  0x00,  0x00,  0x00,  0x08,  0x10,  0x00,  0x00,  0x00,  0x14,  0x00,  0x00,  0x00,
  0x76,  0xff,  0xff,  0xff,  0x00,  0x00,  0x00,  0x01,  0x01,  0x00,  0x00,  0x00,
  0x09,  0x00,  0x00,  0x00,  0x03,  0x00,  0x00,  0x00,  0x06,  0x00,  0x00,  0x00,
  0x07,  0x00,  0x00,  0x00,  0x08,  0x00,  0x00,  0x00,  0x00,  0x00,  0x0e,  0x00,
  0x14,  0x00,  0x00,  0x00,  0x10,  0x00,  0x0c,  0x00,  0x0b,  0x00,  0x04,  0x00,
  0x0e,  0x00,  0x00,  0x00,  0x14,  0x00,  0x00,  0x00,  0x00,  0x00,  0x00,  0x08,
  0x10,  0x00,  0x00,  0x00,  0x14,  0x00,  0x00,  0x00,  0x04,  0x00,  0x04,  0x00,
  0x04,  0x00,  0x00,  0x00,  0x01,  0x00,  0x00,  0x00,  0x06,  0x00,  0x00,  0x00,
  0x03,  0x00,  0x00,  0x00,  0x03,  0x00,  0x00,  0x00,  0x04,  0x00,  0x00,  0x00,
  0x05,  0x00,  0x00,  0x00,  0x00,  0x00,  0x0e,  0x00,  0x16,  0x00,  0x00,  0x00,
  0x10,  0x00,  0x0c,  0x00,  0x0b,  0x00,  0x04,  0x00,  0x0e,  0x00,  0x00,  0x00,
  0x18,  0x00,  0x00,  0x00,  0x00,  0x00,  0x00,  0x08,  0x18,  0x00,  0x00,  0x00,
  0x1c,  0x00,  0x00,  0x00,  0x00,  0x00,  0x06,  0x00,  0x08,  0x00,  0x07,  0x00,
  0x06,  0x00,  0x00,  0x00,  0x00,  0x00,  0x00,  0x01,  0x01,  0x00,  0x00,  0x00,
  0x03,  0x00,  0x00,  0x00,  0x03,  0x00,  0x00,  0x00,  0x00,  0x00,  0x00,  0x00,
  0x01,  0x00,  0x00,  0x00,  0x02,  0x00,  0x00,  0x00,  0x01,  0x00,  0x00,  0x00,
  0x0d,  0x00,  0x00,  0x00,  0x01,  0x00,  0x00,  0x00,  0x00,  0x00,  0x00,  0x00,
  0x0e,  0x00,  0x00,  0x00,  0x04,  0x0a,  0x00,  0x00,  0x14,  0x09,  0x00,  0x00,
  0x48,  0x08,  0x00,  0x00,  0x4c,  0x07,  0x00,  0x00,  0x80,  0x06,  0x00,  0x00,
  0x04,  0x06,  0x00,  0x00,  0x48,  0x05,  0x00,  0x00,  0x6c,  0x04,  0x00,  0x00,
  0xb0,  0x03,  0x00,  0x00,  0xac,  0x02,  0x00,  0x00,  0xd0,  0x01,  0x00,  0x00,
  0x4c,  0x01,  0x00,  0x00,  0x80,  0x00,  0x00,  0x00,  0x04,  0x00,  0x00,  0x00,
  0x4a,  0xf6,  0xff,  0xff,  0x00,  0x00,  0x00,  0x01,  0x18,  0x00,  0x00,  0x00,
  0x20,  0x00,  0x00,  0x00,  0x3c,  0x00,  0x00,  0x00,  0x0e,  0x00,  0x00,  0x00,
  0x00,  0x00,  0x00,  0x09,  0x50,  0x00,  0x00,  0x00,  0x02,  0x00,  0x00,  0x00,
  0xff,  0xff,  0xff,  0xff,  0x0c,  0x00,  0x00,  0x00,  0x34,  0xf6,  0xff,  0xff,
  0x08,  0x00,  0x00,  0x00,  0x10,  0x00,  0x00,  0x00,  0x01,  0x00,  0x00,  0x00,
  0x80,  0xff,  0xff,  0xff,  0xff,  0xff,  0xff,  0xff,  0x01,  0x00,  0x00,  0x00,
  0x00,  0x00,  0x80,  0x3b,  0x19,  0x00,  0x00,  0x00,  0x53,  0x74,  0x61,  0x74,
  0x65,  0x66,  0x75,  0x6c,  0x50,  0x61,  0x72,  0x74,  0x69,  0x74,  0x69,  0x6f,
  0x6e,  0x65,  0x64,  0x43,  0x61,  0x6c,  0x6c,  0x3a,  0x30,  0x00,  0x00,  0x00,
  0x02,  0x00,  0x00,  0x00,  0x01,  0x00,  0x00,  0x00,  0x0c,  0x00,  0x00,  0x00,
  0xc2,  0xf6,  0xff,  0xff,  0x00,  0x00,  0x00,  0x01,  0x18,  0x00,  0x00,  0x00,
  0x20,  0x00,  0x00,  0x00,  0x40,  0x00,  0x00,  0x00,  0x0d,  0x00,  0x00,  0x00,
  0x00,  0x00,  0x00,  0x09,  0xa0,  0x00,  0x00,  0x00,  0x02,  0x00,  0x00,  0x00,
  0xff,  0xff,  0xff,  0xff,  0x0c,  0x00,  0x00,  0x00,  0xac,  0xf6,  0xff,  0xff,
  0x08,  0x00,  0x00,  0x00,  0x14,  0x00,  0x00,  0x00,  0x01,  0x00,  0x00,  0x00,
  0x31,  0x00,  0x00,  0x00,  0x00,  0x00,  0x00,  0x00,  0x00,  0x00,  0x00,  0x00,
  0x01,  0x00,  0x00,  0x00,  0x62,  0x64,  0xa3,  0x3d,  0x66,  0x00,  0x00,  0x00,
  0x65,  0x6e,  0x63,  0x6f,  0x64,  0x65,  0x72,  0x5f,  0x63,  0x6c,  0x66,  0x5f,
  0x72,  0x61,  0x77,  0x5f,  0x66,  0x6c,  0x61,  0x74,  0x2f,  0x71,  0x75,  0x61,
  0x6e,  0x74,  0x5f,  0x61,  0x63,  0x74,  0x69,  0x76,  0x69,  0x74,  0x79,  0x5f,
  0x73,  0x6f,  0x66,  0x74,  0x6d,  0x61,  0x78,  0x2f,  0x4d,  0x61,  0x74,  0x4d,
  0x75,  0x6c,  0x3b,  0x65,  0x6e,  0x63,  0x6f,  0x64,  0x65,  0x72,  0x5f,  0x63,
  0x6c,  0x66,  0x5f,  0x72,  0x61,  0x77,  0x5f,  0x66,  0x6c,  0x61,  0x74,  0x2f,
  0x71,  0x75,  0x61,  0x6e,  0x74,  0x5f,  0x61,  0x63,  0x74,  0x69,  0x76,  0x69,
  0x74,  0x79,  0x5f,  0x73,  0x6f,  0x66,  0x74,  0x6d,  0x61,  0x78,  0x2f,  0x42,
  0x69,  0x61,  0x73,  0x41,  0x64,  0x64,  0x00,  0x00,  0x02,  0x00,  0x00,  0x00,
  0x01,  0x00,  0x00,  0x00,  0x0c,  0x00,  0x00,  0x00,  0x76,  0xf8,  0xff,  0xff,
  0x00,  0x00,  0x00,  0x01,  0x14,  0x00,  0x00,  0x00,  0x34,  0x00,  0x00,  0x00,
  0x0c,  0x00,  0x00,  0x00,  0x00,  0x00,  0x00,  0x02,  0x60,  0x00,  0x00,  0x00,
  0x64,  0xf7,  0xff,  0xff,  0x08,  0x00,  0x00,  0x00,  0x14,  0x00,  0x00,  0x00,
  0x01,  0x00,  0x00,  0x00,  0x00,  0x00,  0x00,  0x00,  0x00,  0x00,  0x00,  0x00,
  0x00,  0x00,  0x00,  0x00,  0x01,  0x00,  0x00,  0x00,  0x08,  0x80,  0x8d,  0x3a,
  0x33,  0x00,  0x00,  0x00,  0x65,  0x6e,  0x63,  0x6f,  0x64,  0x65,  0x72,  0x5f,
  0x63,  0x6c,  0x66,  0x5f,  0x72,  0x61,  0x77,  0x5f,  0x66,  0x6c,  0x61,  0x74,
  0x2f,  0x71,  0x75,  0x61,  0x6e,  0x74,  0x5f,  0x61,  0x63,  0x74,  0x69,  0x76,
  0x69,  0x74,  0x79,  0x5f,  0x73,  0x6f,  0x66,  0x74,  0x6d,  0x61,  0x78,  0x2f,
  0x42,  0x69,  0x61,  0x73,  0x41,  0x64,  0x64,  0x00,  0x01,  0x00,  0x00,  0x00,
  0x0c,  0x00,  0x00,  0x00,  0xf6,  0xf8,  0xff,  0xff,  0x00,  0x00,  0x00,  0x01,
  0x14,  0x00,  0x00,  0x00,  0x34,  0x00,  0x00,  0x00,  0x0b,  0x00,  0x00,  0x00,
  0x00,  0x00,  0x00,  0x09,  0xb4,  0x00,  0x00,  0x00,  0xe4,  0xf7,  0xff,  0xff,
  0x08,  0x00,  0x00,  0x00,  0x14,  0x00,  0x00,  0x00,  0x01,  0x00,  0x00,  0x00,
  0x00,  0x00,  0x00,  0x00,  0x00,  0x00,  0x00,  0x00,  0x00,  0x00,  0x00,  0x00,
  0x01,  0x00,  0x00,  0x00,  0x56,  0xd5,  0x8d,  0x3c,  0x85,  0x00,  0x00,  0x00,
  0x65,  0x6e,  0x63,  0x6f,  0x64,  0x65,  0x72,  0x5f,  0x63,  0x6c,  0x66,  0x5f,
  0x72,  0x61,  0x77,  0x5f,  0x66,  0x6c,  0x61,  0x74,  0x2f,  0x71,  0x75,  0x61,
  0x6e,  0x74,  0x5f,  0x61,  0x63,  0x74,  0x69,  0x76,  0x69,  0x74,  0x79,  0x5f,
  0x73,  0x6f,  0x66,  0x74,  0x6d,  0x61,  0x78,  0x2f,  0x4d,  0x61,  0x74,  0x4d,
  0x75,  0x6c,  0x3b,  0x65,  0x6e,  0x63,  0x6f,  0x64,  0x65,  0x72,  0x5f,  0x63,
  0x6c,  0x66,  0x5f,  0x72,  0x61,  0x77,  0x5f,  0x66,  0x6c,  0x61,  0x74,  0x2f,
  0x71,  0x75,  0x61,  0x6e,  0x74,  0x5f,  0x61,  0x63,  0x74,  0x69,  0x76,  0x69,
  0x74,  0x79,  0x5f,  0x73,  0x6f,  0x66,  0x74,  0x6d,  0x61,  0x78,  0x2f,  0x4c,
  0x61,  0x73,  0x74,  0x56,  0x61,  0x6c,  0x75,  0x65,  0x51,  0x75,  0x61,  0x6e,
  0x74,  0x2f,  0x46,  0x61,  0x6b,  0x65,  0x51,  0x75,  0x61,  0x6e,  0x74,  0x57,
  0x69,  0x74,  0x68,  0x4d,  0x69,  0x6e,  0x4d,  0x61,  0x78,  0x56,  0x61,  0x72,
  0x73,  0x00,  0x00,  0x00,  0x02,  0x00,  0x00,  0x00,  0x0c,  0x00,  0x00,  0x00,
  0x14,  0x00,  0x00,  0x00,  0xe2,  0xf8,  0xff,  0xff,  0x00,  0x00,  0x00,  0x01,
  0x18,  0x00,  0x00,  0x00,  0x20,  0x00,  0x00,  0x00,  0x3c,  0x00,  0x00,  0x00,
  0x0a,  0x00,  0x00,  0x00,  0x00,  0x00,  0x00,  0x09,  0xd8,  0x00,  0x00,  0x00,
  0x02,  0x00,  0x00,  0x00,  0xff,  0xff,  0xff,  0xff,  0x14,  0x00,  0x00,  0x00,
  0xcc,  0xf8,  0xff,  0xff,  0x08,  0x00,  0x00,  0x00,  0x10,  0x00,  0x00,  0x00,
  0x01,  0x00,  0x00,  0x00,  0xbf,  0xff,  0xff,  0xff,  0xff,  0xff,  0xff,  0xff,
  0x01,  0x00,  0x00,  0x00,  0x09,  0x66,  0x7f,  0x3d,  0xa0,  0x00,  0x00,  0x00,
  0x65,  0x6e,  0x63,  0x6f,  0x64,  0x65,  0x72,  0x5f,  0x63,  0x6c,  0x66,  0x5f,
  0x72,  0x61,  0x77,  0x5f,  0x66,  0x6c,  0x61,  0x74,  0x2f,  0x71,  0x75,  0x61,
  0x6e,  0x74,  0x5f,  0x63,  0x6c,  0x61,  0x73,  0x73,  0x69,  0x66,  0x69,  0x65,
  0x72,  0x5f,  0x64,  0x65,  0x6e,  0x73,  0x65,  0x5f,  0x32,  0x30,  0x2f,  0x4d,
  0x61,  0x74,  0x4d,  0x75,  0x6c,  0x3b,  0x65,  0x6e,  0x63,  0x6f,  0x64,  0x65,
  0x72,  0x5f,  0x63,  0x6c,  0x66,  0x5f,  0x72,  0x61,  0x77,  0x5f,  0x66,  0x6c,
  0x61,  0x74,  0x2f,  0x71,  0x75,  0x61,  0x6e,  0x74,  0x5f,  0x63,  0x6c,  0x61,
  0x73,  0x73,  0x69,  0x66,  0x69,  0x65,  0x72,  0x5f,  0x64,  0x65,  0x6e,  0x73,
  0x65,  0x5f,  0x32,  0x30,  0x2f,  0x52,  0x65,  0x6c,  0x75,  0x3b,  0x65,  0x6e,
  0x63,  0x6f,  0x64,  0x65,  0x72,  0x5f,  0x63,  0x6c,  0x66,  0x5f,  0x72,  0x61,
  0x77,  0x5f,  0x66,  0x6c,  0x61,  0x74,  0x2f,  0x71,  0x75,  0x61,  0x6e,  0x74,
  0x5f,  0x63,  0x6c,  0x61,  0x73,  0x73,  0x69,  0x66,  0x69,  0x65,  0x72,  0x5f,
  0x64,  0x65,  0x6e,  0x73,  0x65,  0x5f,  0x32,  0x30,  0x2f,  0x42,  0x69,  0x61,
  0x73,  0x41,  0x64,  0x64,  0x00,  0x00,  0x00,  0x00,  0x02,  0x00,  0x00,  0x00,
  0x01,  0x00,  0x00,  0x00,  0x14,  0x00,  0x00,  0x00,  0xce,  0xfa,  0xff,  0xff,
  0x00,  0x00,  0x00,  0x01,  0x14,  0x00,  0x00,  0x00,  0x34,  0x00,  0x00,  0x00,
  0x09,  0x00,  0x00,  0x00,  0x00,  0x00,  0x00,  0x02,  0x98,  0x00,  0x00,  0x00,
  0xbc,  0xf9,  0xff,  0xff,  0x08,  0x00,  0x00,  0x00,  0x14,  0x00,  0x00,  0x00,
  0x01,  0x00,  0x00,  0x00,  0x00,  0x00,  0x00,  0x00,  0x00,  0x00,  0x00,  0x00,
  0x00,  0x00,  0x00,  0x00,  0x01,  0x00,  0x00,  0x00,  0x39,  0x24,  0x79,  0x3a,
  0x6a,  0x00,  0x00,  0x00,  0x65,  0x6e,  0x63,  0x6f,  0x64,  0x65,  0x72,  0x5f,
  0x63,  0x6c,  0x66,  0x5f,  0x72,  0x61,  0x77,  0x5f,  0x66,  0x6c,  0x61,  0x74,
  0x2f,  0x71,  0x75,  0x61,  0x6e,  0x74,  0x5f,  0x63,  0x6c,  0x61,  0x73,  0x73,
  0x69,  0x66,  0x69,  0x65,  0x72,  0x5f,  0x64,  0x65,  0x6e,  0x73,  0x65,  0x5f,
  0x32,  0x30,  0x2f,  0x52,  0x65,  0x6c,  0x75,  0x3b,  0x65,  0x6e,  0x63,  0x6f,
  0x64,  0x65,  0x72,  0x5f,  0x63,  0x6c,  0x66,  0x5f,  0x72,  0x61,  0x77,  0x5f,
  0x66,  0x6c,  0x61,  0x74,  0x2f,  0x71,  0x75,  0x61,  0x6e,  0x74,  0x5f,  0x63,
  0x6c,  0x61,  0x73,  0x73,  0x69,  0x66,  0x69,  0x65,  0x72,  0x5f,  0x64,  0x65,
  0x6e,  0x73,  0x65,  0x5f,  0x32,  0x30,  0x2f,  0x42,  0x69,  0x61,  0x73,  0x41,
  0x64,  0x64,  0x00,  0x00,  0x01,  0x00,  0x00,  0x00,  0x14,  0x00,  0x00,  0x00,
  0x86,  0xfb,  0xff,  0xff,  0x00,  0x00,  0x00,  0x01,  0x14,  0x00,  0x00,  0x00,
  0x30,  0x00,  0x00,  0x00,  0x08,  0x00,  0x00,  0x00,  0x00,  0x00,  0x00,  0x09,
  0xb4,  0x00,  0x00,  0x00,  0x74,  0xfa,  0xff,  0xff,  0x08,  0x00,  0x00,  0x00,
  0x10,  0x00,  0x00,  0x00,  0x01,  0x00,  0x00,  0x00,  0x00,  0x00,  0x00,  0x00,
  0x00,  0x00,  0x00,  0x00,  0x01,  0x00,  0x00,  0x00,  0x35,  0xde,  0xee,  0x3b,
  0x8b,  0x00,  0x00,  0x00,  0x65,  0x6e,  0x63,  0x6f,  0x64,  0x65,  0x72,  0x5f,
  0x63,  0x6c,  0x66,  0x5f,  0x72,  0x61,  0x77,  0x5f,  0x66,  0x6c,  0x61,  0x74,
  0x2f,  0x71,  0x75,  0x61,  0x6e,  0x74,  0x5f,  0x63,  0x6c,  0x61,  0x73,  0x73,
  0x69,  0x66,  0x69,  0x65,  0x72,  0x5f,  0x64,  0x65,  0x6e,  0x73,  0x65,  0x5f,
  0x32,  0x30,  0x2f,  0x4d,  0x61,  0x74,  0x4d,  0x75,  0x6c,  0x3b,  0x65,  0x6e,
  0x63,  0x6f,  0x64,  0x65,  0x72,  0x5f,  0x63,  0x6c,  0x66,  0x5f,  0x72,  0x61,
  0x77,  0x5f,  0x66,  0x6c,  0x61,  0x74,  0x2f,  0x71,  0x75,  0x61,  0x6e,  0x74,
  0x5f,  0x63,  0x6c,  0x61,  0x73,  0x73,  0x69,  0x66,  0x69,  0x65,  0x72,  0x5f,
  0x64,  0x65,  0x6e,  0x73,  0x65,  0x5f,  0x32,  0x30,  0x2f,  0x4c,  0x61,  0x73,
  0x74,  0x56,  0x61,  0x6c,  0x75,  0x65,  0x51,  0x75,  0x61,  0x6e,  0x74,  0x2f,
  0x46,  0x61,  0x6b,  0x65,  0x51,  0x75,  0x61,  0x6e,  0x74,  0x57,  0x69,  0x74,
  0x68,  0x4d,  0x69,  0x6e,  0x4d,  0x61,  0x78,  0x56,  0x61,  0x72,  0x73,  0x00,
  0x02,  0x00,  0x00,  0x00,  0x14,  0x00,  0x00,  0x00,  0x20,  0x00,  0x00,  0x00,
  0x72,  0xfb,  0xff,  0xff,  0x00,  0x00,  0x00,  0x01,  0x18,  0x00,  0x00,  0x00,
  0x20,  0x00,  0x00,  0x00,  0x3c,  0x00,  0x00,  0x00,  0x07,  0x00,  0x00,  0x00,
  0x00,  0x00,  0x00,  0x09,  0x90,  0x00,  0x00,  0x00,  0x02,  0x00,  0x00,  0x00,
  0xff,  0xff,  0xff,  0xff,  0x20,  0x00,  0x00,  0x00,  0x5c,  0xfb,  0xff,  0xff,
  0x08,  0x00,  0x00,  0x00,  0x10,  0x00,  0x00,  0x00,  0x01,  0x00,  0x00,  0x00,
  0xf5,  0xff,  0xff,  0xff,  0xff,  0xff,  0xff,  0xff,  0x01,  0x00,  0x00,  0x00,
  0x52,  0x81,  0x05,  0x3e,  0x58,  0x00,  0x00,  0x00,  0x65,  0x6e,  0x63,  0x6f,
  0x64,  0x65,  0x72,  0x5f,  0x63,  0x6c,  0x66,  0x5f,  0x72,  0x61,  0x77,  0x5f,
  0x66,  0x6c,  0x61,  0x74,  0x2f,  0x71,  0x75,  0x61,  0x6e,  0x74,  0x5f,  0x6c,
  0x61,  0x74,  0x65,  0x6e,  0x74,  0x5f,  0x33,  0x32,  0x2f,  0x4d,  0x61,  0x74,
  0x4d,  0x75,  0x6c,  0x3b,  0x65,  0x6e,  0x63,  0x6f,  0x64,  0x65,  0x72,  0x5f,
  0x63,  0x6c,  0x66,  0x5f,  0x72,  0x61,  0x77,  0x5f,  0x66,  0x6c,  0x61,  0x74,
  0x2f,  0x71,  0x75,  0x61,  0x6e,  0x74,  0x5f,  0x6c,  0x61,  0x74,  0x65,  0x6e,
  0x74,  0x5f,  0x33,  0x32,  0x2f,  0x42,  0x69,  0x61,  0x73,  0x41,  0x64,  0x64,
  0x00,  0x00,  0x00,  0x00,  0x02,  0x00,  0x00,  0x00,  0x01,  0x00,  0x00,  0x00,
  0x20,  0x00,  0x00,  0x00,  0x16,  0xfd,  0xff,  0xff,  0x00,  0x00,  0x00,  0x01,
  0x14,  0x00,  0x00,  0x00,  0x30,  0x00,  0x00,  0x00,  0x06,  0x00,  0x00,  0x00,
  0x00,  0x00,  0x00,  0x02,  0x58,  0x00,  0x00,  0x00,  0x04,  0xfc,  0xff,  0xff,
  0x08,  0x00,  0x00,  0x00,  0x10,  0x00,  0x00,  0x00,  0x01,  0x00,  0x00,  0x00,
  0x00,  0x00,  0x00,  0x00,  0x00,  0x00,  0x00,  0x00,  0x01,  0x00,  0x00,  0x00,
  0xf4,  0x04,  0x6e,  0x3a,  0x2c,  0x00,  0x00,  0x00,  0x65,  0x6e,  0x63,  0x6f,
  0x64,  0x65,  0x72,  0x5f,  0x63,  0x6c,  0x66,  0x5f,  0x72,  0x61,  0x77,  0x5f,
  0x66,  0x6c,  0x61,  0x74,  0x2f,  0x71,  0x75,  0x61,  0x6e,  0x74,  0x5f,  0x6c,
  0x61,  0x74,  0x65,  0x6e,  0x74,  0x5f,  0x33,  0x32,  0x2f,  0x42,  0x69,  0x61,
  0x73,  0x41,  0x64,  0x64,  0x00,  0x00,  0x00,  0x00,  0x01,  0x00,  0x00,  0x00,
  0x20,  0x00,  0x00,  0x00,  0x8e,  0xfd,  0xff,  0xff,  0x00,  0x00,  0x00,  0x01,
  0x14,  0x00,  0x00,  0x00,  0x34,  0x00,  0x00,  0x00,  0x05,  0x00,  0x00,  0x00,
  0x00,  0x00,  0x00,  0x09,  0xa4,  0x00,  0x00,  0x00,  0x7c,  0xfc,  0xff,  0xff,
  0x08,  0x00,  0x00,  0x00,  0x14,  0x00,  0x00,  0x00,  0x01,  0x00,  0x00,  0x00,
  0x00,  0x00,  0x00,  0x00,  0x00,  0x00,  0x00,  0x00,  0x00,  0x00,  0x00,  0x00,
  0x01,  0x00,  0x00,  0x00,  0x42,  0xe8,  0xa9,  0x3b,  0x77,  0x00,  0x00,  0x00,
  0x65,  0x6e,  0x63,  0x6f,  0x64,  0x65,  0x72,  0x5f,  0x63,  0x6c,  0x66,  0x5f,
  0x72,  0x61,  0x77,  0x5f,  0x66,  0x6c,  0x61,  0x74,  0x2f,  0x71,  0x75,  0x61,
  0x6e,  0x74,  0x5f,  0x6c,  0x61,  0x74,  0x65,  0x6e,  0x74,  0x5f,  0x33,  0x32,
  0x2f,  0x4d,  0x61,  0x74,  0x4d,  0x75,  0x6c,  0x3b,  0x65,  0x6e,  0x63,  0x6f,
  0x64,  0x65,  0x72,  0x5f,  0x63,  0x6c,  0x66,  0x5f,  0x72,  0x61,  0x77,  0x5f,
  0x66,  0x6c,  0x61,  0x74,  0x2f,  0x71,  0x75,  0x61,  0x6e,  0x74,  0x5f,  0x6c,
  0x61,  0x74,  0x65,  0x6e,  0x74,  0x5f,  0x33,  0x32,  0x2f,  0x4c,  0x61,  0x73,
  0x74,  0x56,  0x61,  0x6c,  0x75,  0x65,  0x51,  0x75,  0x61,  0x6e,  0x74,  0x2f,
  0x46,  0x61,  0x6b,  0x65,  0x51,  0x75,  0x61,  0x6e,  0x74,  0x57,  0x69,  0x74,
  0x68,  0x4d,  0x69,  0x6e,  0x4d,  0x61,  0x78,  0x56,  0x61,  0x72,  0x73,  0x00,
  0x02,  0x00,  0x00,  0x00,  0x20,  0x00,  0x00,  0x00,  0x40,  0x00,  0x00,  0x00,
  0x6a,  0xfd,  0xff,  0xff,  0x00,  0x00,  0x00,  0x01,  0x18,  0x00,  0x00,  0x00,
  0x20,  0x00,  0x00,  0x00,  0x40,  0x00,  0x00,  0x00,  0x04,  0x00,  0x00,  0x00,
  0x00,  0x00,  0x00,  0x09,  0xd0,  0x00,  0x00,  0x00,  0x02,  0x00,  0x00,  0x00,
  0xff,  0xff,  0xff,  0xff,  0x40,  0x00,  0x00,  0x00,  0x54,  0xfd,  0xff,  0xff,
  0x08,  0x00,  0x00,  0x00,  0x14,  0x00,  0x00,  0x00,  0x01,  0x00,  0x00,  0x00,
  0x97,  0xff,  0xff,  0xff,  0xff,  0xff,  0xff,  0xff,  0x00,  0x00,  0x00,  0x00,
  0x01,  0x00,  0x00,  0x00,  0xf9,  0x4f,  0x33,  0x3e,  0x97,  0x00,  0x00,  0x00,
  0x65,  0x6e,  0x63,  0x6f,  0x64,  0x65,  0x72,  0x5f,  0x63,  0x6c,  0x66,  0x5f,
  0x72,  0x61,  0x77,  0x5f,  0x66,  0x6c,  0x61,  0x74,  0x2f,  0x71,  0x75,  0x61,
  0x6e,  0x74,  0x5f,  0x65,  0x6e,  0x63,  0x6f,  0x64,  0x65,  0x72,  0x5f,  0x64,
  0x65,  0x6e,  0x73,  0x65,  0x5f,  0x36,  0x34,  0x2f,  0x4d,  0x61,  0x74,  0x4d,
  0x75,  0x6c,  0x3b,  0x65,  0x6e,  0x63,  0x6f,  0x64,  0x65,  0x72,  0x5f,  0x63,
  0x6c,  0x66,  0x5f,  0x72,  0x61,  0x77,  0x5f,  0x66,  0x6c,  0x61,  0x74,  0x2f,
  0x71,  0x75,  0x61,  0x6e,  0x74,  0x5f,  0x65,  0x6e,  0x63,  0x6f,  0x64,  0x65,
  0x72,  0x5f,  0x64,  0x65,  0x6e,  0x73,  0x65,  0x5f,  0x36,  0x34,  0x2f,  0x52,
  0x65,  0x6c,  0x75,  0x3b,  0x65,  0x6e,  0x63,  0x6f,  0x64,  0x65,  0x72,  0x5f,
  0x63,  0x6c,  0x66,  0x5f,  0x72,  0x61,  0x77,  0x5f,  0x66,  0x6c,  0x61,  0x74,
  0x2f,  0x71,  0x75,  0x61,  0x6e,  0x74,  0x5f,  0x65,  0x6e,  0x63,  0x6f,  0x64,
  0x65,  0x72,  0x5f,  0x64,  0x65,  0x6e,  0x73,  0x65,  0x5f,  0x36,  0x34,  0x2f,
  0x42,  0x69,  0x61,  0x73,  0x41,  0x64,  0x64,  0x00,  0x02,  0x00,  0x00,  0x00,
  0x01,  0x00,  0x00,  0x00,  0x40,  0x00,  0x00,  0x00,  0x4e,  0xff,  0xff,  0xff,
  0x00,  0x00,  0x00,  0x01,  0x14,  0x00,  0x00,  0x00,  0x30,  0x00,  0x00,  0x00,
  0x03,  0x00,  0x00,  0x00,  0x00,  0x00,  0x00,  0x02,  0x90,  0x00,  0x00,  0x00,
  0x3c,  0xfe,  0xff,  0xff,  0x08,  0x00,  0x00,  0x00,  0x10,  0x00,  0x00,  0x00,
  0x01,  0x00,  0x00,  0x00,  0x00,  0x00,  0x00,  0x00,  0x00,  0x00,  0x00,  0x00,
  0x01,  0x00,  0x00,  0x00,  0x81,  0xaa,  0x6b,  0x3a,  0x64,  0x00,  0x00,  0x00,
  0x65,  0x6e,  0x63,  0x6f,  0x64,  0x65,  0x72,  0x5f,  0x63,  0x6c,  0x66,  0x5f,
  0x72,  0x61,  0x77,  0x5f,  0x66,  0x6c,  0x61,  0x74,  0x2f,  0x71,  0x75,  0x61,
  0x6e,  0x74,  0x5f,  0x65,  0x6e,  0x63,  0x6f,  0x64,  0x65,  0x72,  0x5f,  0x64,
  0x65,  0x6e,  0x73,  0x65,  0x5f,  0x36,  0x34,  0x2f,  0x52,  0x65,  0x6c,  0x75,
  0x3b,  0x65,  0x6e,  0x63,  0x6f,  0x64,  0x65,  0x72,  0x5f,  0x63,  0x6c,  0x66,
  0x5f,  0x72,  0x61,  0x77,  0x5f,  0x66,  0x6c,  0x61,  0x74,  0x2f,  0x71,  0x75,
  0x61,  0x6e,  0x74,  0x5f,  0x65,  0x6e,  0x63,  0x6f,  0x64,  0x65,  0x72,  0x5f,
  0x64,  0x65,  0x6e,  0x73,  0x65,  0x5f,  0x36,  0x34,  0x2f,  0x42,  0x69,  0x61,
  0x73,  0x41,  0x64,  0x64,  0x00,  0x00,  0x00,  0x00,  0x01,  0x00,  0x00,  0x00,
  0x40,  0x00,  0x00,  0x00,  0x00,  0x00,  0x16,  0x00,  0x1c,  0x00,  0x18,  0x00,
  0x17,  0x00,  0x10,  0x00,  0x0c,  0x00,  0x08,  0x00,  0x00,  0x00,  0x00,  0x00,
  0x00,  0x00,  0x07,  0x00,  0x16,  0x00,  0x00,  0x00,  0x00,  0x00,  0x00,  0x01,
  0x14,  0x00,  0x00,  0x00,  0x30,  0x00,  0x00,  0x00,  0x02,  0x00,  0x00,  0x00,
  0x00,  0x00,  0x00,  0x09,  0xb0,  0x00,  0x00,  0x00,  0x04,  0xff,  0xff,  0xff,
  0x08,  0x00,  0x00,  0x00,  0x10,  0x00,  0x00,  0x00,  0x01,  0x00,  0x00,  0x00,
  0x00,  0x00,  0x00,  0x00,  0x00,  0x00,  0x00,  0x00,  0x01,  0x00,  0x00,  0x00,
  0x4c,  0xe3,  0xa0,  0x3b,  0x85,  0x00,  0x00,  0x00,  0x65,  0x6e,  0x63,  0x6f,
  0x64,  0x65,  0x72,  0x5f,  0x63,  0x6c,  0x66,  0x5f,  0x72,  0x61,  0x77,  0x5f,
  0x66,  0x6c,  0x61,  0x74,  0x2f,  0x71,  0x75,  0x61,  0x6e,  0x74,  0x5f,  0x65,
  0x6e,  0x63,  0x6f,  0x64,  0x65,  0x72,  0x5f,  0x64,  0x65,  0x6e,  0x73,  0x65,
  0x5f,  0x36,  0x34,  0x2f,  0x4d,  0x61,  0x74,  0x4d,  0x75,  0x6c,  0x3b,  0x65,
  0x6e,  0x63,  0x6f,  0x64,  0x65,  0x72,  0x5f,  0x63,  0x6c,  0x66,  0x5f,  0x72,
  0x61,  0x77,  0x5f,  0x66,  0x6c,  0x61,  0x74,  0x2f,  0x71,  0x75,  0x61,  0x6e,
  0x74,  0x5f,  0x65,  0x6e,  0x63,  0x6f,  0x64,  0x65,  0x72,  0x5f,  0x64,  0x65,
  0x6e,  0x73,  0x65,  0x5f,  0x36,  0x34,  0x2f,  0x4c,  0x61,  0x73,  0x74,  0x56,
  0x61,  0x6c,  0x75,  0x65,  0x51,  0x75,  0x61,  0x6e,  0x74,  0x2f,  0x46,  0x61,
  0x6b,  0x65,  0x51,  0x75,  0x61,  0x6e,  0x74,  0x57,  0x69,  0x74,  0x68,  0x4d,
  0x69,  0x6e,  0x4d,  0x61,  0x78,  0x56,  0x61,  0x72,  0x73,  0x00,  0x00,  0x00,
  0x02,  0x00,  0x00,  0x00,  0x40,  0x00,  0x00,  0x00,  0x58,  0x02,  0x00,  0x00,
  0x00,  0x00,  0x16,  0x00,  0x20,  0x00,  0x1c,  0x00,  0x1b,  0x00,  0x14,  0x00,
  0x10,  0x00,  0x0c,  0x00,  0x00,  0x00,  0x00,  0x00,  0x08,  0x00,  0x07,  0x00,
  0x16,  0x00,  0x00,  0x00,  0x00,  0x00,  0x00,  0x01,  0x18,  0x00,  0x00,  0x00,
  0x2c,  0x00,  0x00,  0x00,  0x48,  0x00,  0x00,  0x00,  0x01,  0x00,  0x00,  0x00,
  0x00,  0x00,  0x00,  0x09,  0x60,  0x00,  0x00,  0x00,  0x02,  0x00,  0x00,  0x00,
  0xff,  0xff,  0xff,  0xff,  0x58,  0x02,  0x00,  0x00,  0x0c,  0x00,  0x0c,  0x00,
  0x00,  0x00,  0x00,  0x00,  0x08,  0x00,  0x04,  0x00,  0x0c,  0x00,  0x00,  0x00,
  0x08,  0x00,  0x00,  0x00,  0x10,  0x00,  0x00,  0x00,  0x01,  0x00,  0x00,  0x00,
  0xf9,  0xff,  0xff,  0xff,  0xff,  0xff,  0xff,  0xff,  0x01,  0x00,  0x00,  0x00,
  0x0e,  0x7e,  0x3b,  0x3e,  0x1e,  0x00,  0x00,  0x00,  0x73,  0x65,  0x72,  0x76,
  0x69,  0x6e,  0x67,  0x5f,  0x64,  0x65,  0x66,  0x61,  0x75,  0x6c,  0x74,  0x5f,
  0x77,  0x69,  0x6e,  0x64,  0x6f,  0x77,  0x5f,  0x69,  0x6e,  0x70,  0x75,  0x74,
  0x3a,  0x30,  0x00,  0x00,  0x02,  0x00,  0x00,  0x00,  0x01,  0x00,  0x00,  0x00,
  0x58,  0x02,  0x00,  0x00,  0x02,  0x00,  0x00,  0x00,  0x24,  0x00,  0x00,  0x00,
  0x04,  0x00,  0x00,  0x00,  0xf0,  0xff,  0xff,  0xff,  0x19,  0x00,  0x00,  0x00,
  0x02,  0x00,  0x00,  0x00,  0x00,  0x00,  0x00,  0x19,  0x0c,  0x00,  0x10,  0x00,
  0x0f,  0x00,  0x00,  0x00,  0x08,  0x00,  0x04,  0x00,  0x0c,  0x00,  0x00,  0x00,
  0x09,  0x00,  0x00,  0x00,  0x04,  0x00,  0x00,  0x00,  0x00,  0x00,  0x00,  0x09,

};
unsigned int encoder_clf_raw_pruned_qat_int8_tflite_len = 45672;
